{
  "type": "FeatureCollection",
  "name": "gatetol_history",
  "features": [
    {
      "type": "Feature",
      "properties": {
        "OBJECTID": 1,
        "F_id": "node/417252480",
        "barrier": "toll_booth",
        "name": "Gerbang tol Dupak 2",
        "operator": null,
        "currency_IDR": null,
        "payment_electronic_purses": null,
        "motorcycle": null,
        "note": null,
        "name_1": "Gerbang tol Dupak 2",
        "Tanggal": "2023-06-30",
        "KM_Dari": 0,
        "KM_Sampai": 200,
        "Jalur": "Off Ramp Dupak Arah Ps Turi",
        "Lajur": "B/Kanan",
        "Gerbang": "Off Ramp Dupak Arah Ps Turi",
        "Keterangan": "Scraping Filling AC WC",
        "KM_Asli_Dari": 0,
        "KM_Asli_Sampai": 85,
        "Lokasi_Titik": "Dupak 2",
        "Dasar_Pemetaan": "Dupak 2/Pasar Turi"
      },
      "geometry": {
        "type": "Point",
        "coordinates": [
          112.7120796,
          -7.2416228
        ]
      }
    },
    {
      "type": "Feature",
      "properties": {
        "OBJECTID": 2,
        "F_id": "node/417252480",
        "barrier": "toll_booth",
        "name": "Gerbang tol Dupak 2",
        "operator": null,
        "currency_IDR": null,
        "payment_electronic_purses": null,
        "motorcycle": null,
        "note": null,
        "name_1": "Gerbang tol Dupak 2",
        "Tanggal": "2023-06-30",
        "KM_Dari": 0,
        "KM_Sampai": 200,
        "Jalur": "On Ramp Dupak 2 Sblm Gate",
        "Lajur": "B/Kiri",
        "Gerbang": "On Ramp Dupak 2 Sblm Gate",
        "Keterangan": "Scraping Filling AC WC",
        "KM_Asli_Dari": 0,
        "KM_Asli_Sampai": 36,
        "Lokasi_Titik": "Dupak 2",
        "Dasar_Pemetaan": "Dupak 2/Pasar Turi"
      },
      "geometry": {
        "type": "Point",
        "coordinates": [
          112.7120796,
          -7.2416228
        ]
      }
    },
    {
      "type": "Feature",
      "properties": {
        "OBJECTID": 3,
        "F_id": "node/417252451",
        "barrier": "toll_booth",
        "name": "Dupak 3",
        "operator": null,
        "currency_IDR": null,
        "payment_electronic_purses": null,
        "motorcycle": null,
        "note": null,
        "name_1": "Dupak 3",
        "Tanggal": "2023-06-30",
        "KM_Dari": 0,
        "KM_Sampai": 200,
        "Jalur": "On Ramp Dupak 3",
        "Lajur": "Sebelum Gate/A",
        "Gerbang": "On Ramp Dupak 3",
        "Keterangan": "Scraping Filling AC WC",
        "KM_Asli_Dari": 0,
        "KM_Asli_Sampai": 28,
        "Lokasi_Titik": "Dupak 3",
        "Dasar_Pemetaan": "Dupak 3"
      },
      "geometry": {
        "type": "Point",
        "coordinates": [
          112.7096805,
          -7.2465916
        ]
      }
    },
    {
      "type": "Feature",
      "properties": {
        "OBJECTID": 4,
        "F_id": "node/417252451",
        "barrier": "toll_booth",
        "name": "Dupak 3",
        "operator": null,
        "currency_IDR": null,
        "payment_electronic_purses": null,
        "motorcycle": null,
        "note": null,
        "name_1": "Dupak 3",
        "Tanggal": "2023-06-30",
        "KM_Dari": 0,
        "KM_Sampai": 200,
        "Jalur": "On Ramp Dupak 3",
        "Lajur": "Sebelum Gate/A",
        "Gerbang": "On Ramp Dupak 3",
        "Keterangan": "Scraping Filling AC WC",
        "KM_Asli_Dari": 0,
        "KM_Asli_Sampai": 32,
        "Lokasi_Titik": "Dupak 3",
        "Dasar_Pemetaan": "Dupak 3"
      },
      "geometry": {
        "type": "Point",
        "coordinates": [
          112.7096805,
          -7.2465916
        ]
      }
    },
    {
      "type": "Feature",
      "properties": {
        "OBJECTID": 5,
        "F_id": "node/417252451",
        "barrier": "toll_booth",
        "name": "Dupak 3",
        "operator": null,
        "currency_IDR": null,
        "payment_electronic_purses": null,
        "motorcycle": null,
        "note": null,
        "name_1": "Dupak 3",
        "Tanggal": "2023-06-30",
        "KM_Dari": 0,
        "KM_Sampai": 200,
        "Jalur": "On Ramp Dupak 3",
        "Lajur": "Sebelum Gate/A",
        "Gerbang": "On Ramp Dupak 3",
        "Keterangan": "Scraping Filling AC WC",
        "KM_Asli_Dari": 0,
        "KM_Asli_Sampai": 125,
        "Lokasi_Titik": "Dupak 3",
        "Dasar_Pemetaan": "Dupak 3"
      },
      "geometry": {
        "type": "Point",
        "coordinates": [
          112.7096805,
          -7.2465916
        ]
      }
    },
    {
      "type": "Feature",
      "properties": {
        "OBJECTID": 6,
        "F_id": "node/417252480",
        "barrier": "toll_booth",
        "name": "Gerbang tol Dupak 2",
        "operator": null,
        "currency_IDR": null,
        "payment_electronic_purses": null,
        "motorcycle": null,
        "note": null,
        "name_1": "Gerbang tol Dupak 2",
        "Tanggal": "2023-06-30",
        "KM_Dari": 0,
        "KM_Sampai": 200,
        "Jalur": "Off Ramp Dupak Arah Ps Turi",
        "Lajur": "B/Kiri",
        "Gerbang": "Off Ramp Dupak Arah Ps Turi",
        "Keterangan": "Scraping Filling AC WC",
        "KM_Asli_Dari": 20,
        "KM_Asli_Sampai": 112,
        "Lokasi_Titik": "Dupak 2",
        "Dasar_Pemetaan": "Dupak 2/Pasar Turi"
      },
      "geometry": {
        "type": "Point",
        "coordinates": [
          112.7120796,
          -7.2416228
        ]
      }
    },
    {
      "type": "Feature",
      "properties": {
        "OBJECTID": 7,
        "F_id": "node/417252480",
        "barrier": "toll_booth",
        "name": "Gerbang tol Dupak 2",
        "operator": null,
        "currency_IDR": null,
        "payment_electronic_purses": null,
        "motorcycle": null,
        "note": null,
        "name_1": "Gerbang tol Dupak 2",
        "Tanggal": "2024-06-11",
        "KM_Dari": 3800,
        "KM_Sampai": 4000,
        "Jalur": "AKSES OFF RAMP PSR TURI/B",
        "Lajur": "L1",
        "Gerbang": "AKSES OFF RAMP PSR TURI/B",
        "Keterangan": "Scraping Filling AC WC",
        "KM_Asli_Dari": 3885,
        "KM_Asli_Sampai": 4000,
        "Lokasi_Titik": "Dupak 2",
        "Dasar_Pemetaan": "Dupak 2/Pasar Turi"
      },
      "geometry": {
        "type": "Point",
        "coordinates": [
          112.7120796,
          -7.2416228
        ]
      }
    },
    {
      "type": "Feature",
      "properties": {
        "OBJECTID": 8,
        "F_id": "node/417252480",
        "barrier": "toll_booth",
        "name": "Gerbang tol Dupak 2",
        "operator": null,
        "currency_IDR": null,
        "payment_electronic_purses": null,
        "motorcycle": null,
        "note": null,
        "name_1": "Gerbang tol Dupak 2",
        "Tanggal": "2024-06-11",
        "KM_Dari": 4000,
        "KM_Sampai": 4200,
        "Jalur": "AKSES OFF RAMP PSR TURI/B",
        "Lajur": "L1",
        "Gerbang": "AKSES OFF RAMP PSR TURI/B",
        "Keterangan": "Scraping Filling AC WC",
        "KM_Asli_Dari": 4000,
        "KM_Asli_Sampai": 4050,
        "Lokasi_Titik": "Dupak 2",
        "Dasar_Pemetaan": "Dupak 2/Pasar Turi"
      },
      "geometry": {
        "type": "Point",
        "coordinates": [
          112.7120796,
          -7.2416228
        ]
      }
    },
    {
      "type": "Feature",
      "properties": {
        "OBJECTID": 9,
        "F_id": "node/417252480",
        "barrier": "toll_booth",
        "name": "Gerbang tol Dupak 2",
        "operator": null,
        "currency_IDR": null,
        "payment_electronic_purses": null,
        "motorcycle": null,
        "note": null,
        "name_1": "Gerbang tol Dupak 2",
        "Tanggal": "2024-06-12",
        "KM_Dari": 3800,
        "KM_Sampai": 4000,
        "Jalur": "OFF RAMP PSR TURI /B",
        "Lajur": "KANAN",
        "Gerbang": "OFF RAMP PSR TURI /B",
        "Keterangan": "Scraping Filling AC WC",
        "KM_Asli_Dari": 3840,
        "KM_Asli_Sampai": 4000,
        "Lokasi_Titik": "Dupak 2",
        "Dasar_Pemetaan": "Dupak 2/Pasar Turi"
      },
      "geometry": {
        "type": "Point",
        "coordinates": [
          112.7120796,
          -7.2416228
        ]
      }
    },
    {
      "type": "Feature",
      "properties": {
        "OBJECTID": 10,
        "F_id": "node/417252480",
        "barrier": "toll_booth",
        "name": "Gerbang tol Dupak 2",
        "operator": null,
        "currency_IDR": null,
        "payment_electronic_purses": null,
        "motorcycle": null,
        "note": null,
        "name_1": "Gerbang tol Dupak 2",
        "Tanggal": "2024-06-12",
        "KM_Dari": 4000,
        "KM_Sampai": 4200,
        "Jalur": "OFF RAMP PSR TURI /B",
        "Lajur": "KANAN",
        "Gerbang": "OFF RAMP PSR TURI /B",
        "Keterangan": "Scraping Filling AC WC",
        "KM_Asli_Dari": 4000,
        "KM_Asli_Sampai": 4050,
        "Lokasi_Titik": "Dupak 2",
        "Dasar_Pemetaan": "Dupak 2/Pasar Turi"
      },
      "geometry": {
        "type": "Point",
        "coordinates": [
          112.7120796,
          -7.2416228
        ]
      }
    },
    {
      "type": "Feature",
      "properties": {
        "OBJECTID": 11,
        "F_id": "node/417252480",
        "barrier": "toll_booth",
        "name": "Gerbang tol Dupak 2",
        "operator": null,
        "currency_IDR": null,
        "payment_electronic_purses": null,
        "motorcycle": null,
        "note": null,
        "name_1": "Gerbang tol Dupak 2",
        "Tanggal": "2024-06-13",
        "KM_Dari": 0,
        "KM_Sampai": 200,
        "Jalur": "OFF RAMP PSR TURI /B",
        "Lajur": "KANAN",
        "Gerbang": "OFF RAMP PSR TURI /B",
        "Keterangan": "Scraping Filling AC WC",
        "KM_Asli_Dari": 0,
        "KM_Asli_Sampai": 170,
        "Lokasi_Titik": "Dupak 2",
        "Dasar_Pemetaan": "Dupak 2/Pasar Turi"
      },
      "geometry": {
        "type": "Point",
        "coordinates": [
          112.7120796,
          -7.2416228
        ]
      }
    },
    {
      "type": "Feature",
      "properties": {
        "OBJECTID": 12,
        "F_id": "node/417252480",
        "barrier": "toll_booth",
        "name": "Gerbang tol Dupak 2",
        "operator": null,
        "currency_IDR": null,
        "payment_electronic_purses": null,
        "motorcycle": null,
        "note": null,
        "name_1": "Gerbang tol Dupak 2",
        "Tanggal": "2024-06-13",
        "KM_Dari": 0,
        "KM_Sampai": 200,
        "Jalur": "OFF RAMP PSR TURI /B",
        "Lajur": "KIRI",
        "Gerbang": "OFF RAMP PSR TURI /B",
        "Keterangan": "Scraping Filling AC BC",
        "KM_Asli_Dari": 0,
        "KM_Asli_Sampai": 30,
        "Lokasi_Titik": "Dupak 2",
        "Dasar_Pemetaan": "Dupak 2/Pasar Turi"
      },
      "geometry": {
        "type": "Point",
        "coordinates": [
          112.7120796,
          -7.2416228
        ]
      }
    },
    {
      "type": "Feature",
      "properties": {
        "OBJECTID": 13,
        "F_id": "node/417252480",
        "barrier": "toll_booth",
        "name": "Gerbang tol Dupak 2",
        "operator": null,
        "currency_IDR": null,
        "payment_electronic_purses": null,
        "motorcycle": null,
        "note": null,
        "name_1": "Gerbang tol Dupak 2",
        "Tanggal": "2024-06-13",
        "KM_Dari": 0,
        "KM_Sampai": 200,
        "Jalur": "OFF RAMP PSR TURI /B",
        "Lajur": "KIRI",
        "Gerbang": "OFF RAMP PSR TURI /B",
        "Keterangan": "Scraping Filling AC WC",
        "KM_Asli_Dari": 0,
        "KM_Asli_Sampai": 30,
        "Lokasi_Titik": "Dupak 2",
        "Dasar_Pemetaan": "Dupak 2/Pasar Turi"
      },
      "geometry": {
        "type": "Point",
        "coordinates": [
          112.7120796,
          -7.2416228
        ]
      }
    },
    {
      "type": "Feature",
      "properties": {
        "OBJECTID": 14,
        "F_id": "node/417252480",
        "barrier": "toll_booth",
        "name": "Gerbang tol Dupak 2",
        "operator": null,
        "currency_IDR": null,
        "payment_electronic_purses": null,
        "motorcycle": null,
        "note": null,
        "name_1": "Gerbang tol Dupak 2",
        "Tanggal": "2024-06-14",
        "KM_Dari": 0,
        "KM_Sampai": 200,
        "Jalur": "OFF RAMP PSR TURI /B",
        "Lajur": "KANAN",
        "Gerbang": "OFF RAMP PSR TURI /B",
        "Keterangan": "Scraping Filling AC WC",
        "KM_Asli_Dari": 0,
        "KM_Asli_Sampai": 200,
        "Lokasi_Titik": "Dupak 2",
        "Dasar_Pemetaan": "Dupak 2/Pasar Turi"
      },
      "geometry": {
        "type": "Point",
        "coordinates": [
          112.7120796,
          -7.2416228
        ]
      }
    },
    {
      "type": "Feature",
      "properties": {
        "OBJECTID": 15,
        "F_id": "node/417252480",
        "barrier": "toll_booth",
        "name": "Gerbang tol Dupak 2",
        "operator": null,
        "currency_IDR": null,
        "payment_electronic_purses": null,
        "motorcycle": null,
        "note": null,
        "name_1": "Gerbang tol Dupak 2",
        "Tanggal": "2024-06-14",
        "KM_Dari": 200,
        "KM_Sampai": 400,
        "Jalur": "OFF RAMP PSR TURI /B",
        "Lajur": "KANAN",
        "Gerbang": "OFF RAMP PSR TURI /B",
        "Keterangan": "Scraping Filling AC WC",
        "KM_Asli_Dari": 200,
        "KM_Asli_Sampai": 202,
        "Lokasi_Titik": "Dupak 2",
        "Dasar_Pemetaan": "Dupak 2/Pasar Turi"
      },
      "geometry": {
        "type": "Point",
        "coordinates": [
          112.7120796,
          -7.2416228
        ]
      }
    },
    {
      "type": "Feature",
      "properties": {
        "OBJECTID": 16,
        "F_id": "node/417252480",
        "barrier": "toll_booth",
        "name": "Gerbang tol Dupak 2",
        "operator": null,
        "currency_IDR": null,
        "payment_electronic_purses": null,
        "motorcycle": null,
        "note": null,
        "name_1": "Gerbang tol Dupak 2",
        "Tanggal": "2024-06-15",
        "KM_Dari": 0,
        "KM_Sampai": 200,
        "Jalur": "OFF RAMP PSR TURI /B",
        "Lajur": "KIRI",
        "Gerbang": "OFF RAMP PSR TURI /B",
        "Keterangan": "Scraping Filling AC WC",
        "KM_Asli_Dari": 0,
        "KM_Asli_Sampai": 200,
        "Lokasi_Titik": "Dupak 2",
        "Dasar_Pemetaan": "Dupak 2/Pasar Turi"
      },
      "geometry": {
        "type": "Point",
        "coordinates": [
          112.7120796,
          -7.2416228
        ]
      }
    },
    {
      "type": "Feature",
      "properties": {
        "OBJECTID": 17,
        "F_id": "node/417252480",
        "barrier": "toll_booth",
        "name": "Gerbang tol Dupak 2",
        "operator": null,
        "currency_IDR": null,
        "payment_electronic_purses": null,
        "motorcycle": null,
        "note": null,
        "name_1": "Gerbang tol Dupak 2",
        "Tanggal": "2024-06-15",
        "KM_Dari": 200,
        "KM_Sampai": 400,
        "Jalur": "OFF RAMP PSR TURI /B",
        "Lajur": "KIRI",
        "Gerbang": "OFF RAMP PSR TURI /B",
        "Keterangan": "Scraping Filling AC WC",
        "KM_Asli_Dari": 200,
        "KM_Asli_Sampai": 220,
        "Lokasi_Titik": "Dupak 2",
        "Dasar_Pemetaan": "Dupak 2/Pasar Turi"
      },
      "geometry": {
        "type": "Point",
        "coordinates": [
          112.7120796,
          -7.2416228
        ]
      }
    },
    {
      "type": "Feature",
      "properties": {
        "OBJECTID": 18,
        "F_id": "node/417252480",
        "barrier": "toll_booth",
        "name": "Gerbang tol Dupak 2",
        "operator": null,
        "currency_IDR": null,
        "payment_electronic_purses": null,
        "motorcycle": null,
        "note": null,
        "name_1": "Gerbang tol Dupak 2",
        "Tanggal": "2024-08-21",
        "KM_Dari": 0,
        "KM_Sampai": 200,
        "Jalur": "ON RAMP DUPAK 2",
        "Lajur": "LOOP DUPAK 2",
        "Gerbang": "ON RAMP DUPAK 2",
        "Keterangan": "Overlay AC WC Kuncian Awal",
        "KM_Asli_Dari": 0,
        "KM_Asli_Sampai": 10,
        "Lokasi_Titik": "Dupak 2",
        "Dasar_Pemetaan": "Dupak 2/Pasar Turi"
      },
      "geometry": {
        "type": "Point",
        "coordinates": [
          112.7120796,
          -7.2416228
        ]
      }
    },
    {
      "type": "Feature",
      "properties": {
        "OBJECTID": 19,
        "F_id": "node/417252480",
        "barrier": "toll_booth",
        "name": "Gerbang tol Dupak 2",
        "operator": null,
        "currency_IDR": null,
        "payment_electronic_purses": null,
        "motorcycle": null,
        "note": null,
        "name_1": "Gerbang tol Dupak 2",
        "Tanggal": "2024-08-21",
        "KM_Dari": 0,
        "KM_Sampai": 200,
        "Jalur": "ON RAMP DUPAK 2",
        "Lajur": "LOOP DUPAK 2",
        "Gerbang": "ON RAMP DUPAK 2",
        "Keterangan": "Rising AC BC",
        "KM_Asli_Dari": 0,
        "KM_Asli_Sampai": 53,
        "Lokasi_Titik": "Dupak 2",
        "Dasar_Pemetaan": "Dupak 2/Pasar Turi"
      },
      "geometry": {
        "type": "Point",
        "coordinates": [
          112.7120796,
          -7.2416228
        ]
      }
    },
    {
      "type": "Feature",
      "properties": {
        "OBJECTID": 20,
        "F_id": "node/417252480",
        "barrier": "toll_booth",
        "name": "Gerbang tol Dupak 2",
        "operator": null,
        "currency_IDR": null,
        "payment_electronic_purses": null,
        "motorcycle": null,
        "note": null,
        "name_1": "Gerbang tol Dupak 2",
        "Tanggal": "2024-08-21",
        "KM_Dari": 200,
        "KM_Sampai": 400,
        "Jalur": "ON RAMP DUPAK 2",
        "Lajur": "LOOP DUPAK 2",
        "Gerbang": "ON RAMP DUPAK 2",
        "Keterangan": "Overlay Ac WC Kuncian Akhir",
        "KM_Asli_Dari": 243,
        "KM_Asli_Sampai": 267,
        "Lokasi_Titik": "Dupak 2",
        "Dasar_Pemetaan": "Dupak 2/Pasar Turi"
      },
      "geometry": {
        "type": "Point",
        "coordinates": [
          112.7120796,
          -7.2416228
        ]
      }
    },
    {
      "type": "Feature",
      "properties": {
        "OBJECTID": 21,
        "F_id": "node/420460802",
        "barrier": "toll_booth",
        "name": "Gerbang tol Dupak 1",
        "operator": null,
        "currency_IDR": null,
        "payment_electronic_purses": null,
        "motorcycle": "no",
        "note": "PAY",
        "name_1": "Gerbang tol Dupak 1",
        "Tanggal": "2025-07-03",
        "KM_Dari": 0,
        "KM_Sampai": 200,
        "Jalur": "Off Ramp Perak",
        "Lajur": "L1",
        "Gerbang": "Off Ramp Perak",
        "Keterangan": "Scraping Filling AC WC",
        "KM_Asli_Dari": 25,
        "KM_Asli_Sampai": 115,
        "Lokasi_Titik": "Dupak 1",
        "Dasar_Pemetaan": "Dupak 1/Perak"
      },
      "geometry": {
        "type": "Point",
        "coordinates": [
          112.712757,
          -7.2411899
        ]
      }
    },
    {
      "type": "Feature",
      "properties": {
        "OBJECTID": 22,
        "F_id": "node/420460802",
        "barrier": "toll_booth",
        "name": "Gerbang tol Dupak 1",
        "operator": null,
        "currency_IDR": null,
        "payment_electronic_purses": null,
        "motorcycle": "no",
        "note": "PAY",
        "name_1": "Gerbang tol Dupak 1",
        "Tanggal": "2025-07-05",
        "KM_Dari": 0,
        "KM_Sampai": 200,
        "Jalur": "Off Ramp Perak",
        "Lajur": "L2",
        "Gerbang": "Off Ramp Perak",
        "Keterangan": "Scraping Filling AC WC",
        "KM_Asli_Dari": 100,
        "KM_Asli_Sampai": 200,
        "Lokasi_Titik": "Dupak 1",
        "Dasar_Pemetaan": "Dupak 1/Perak"
      },
      "geometry": {
        "type": "Point",
        "coordinates": [
          112.712757,
          -7.2411899
        ]
      }
    },
    {
      "type": "Feature",
      "properties": {
        "OBJECTID": 23,
        "F_id": "node/420460802",
        "barrier": "toll_booth",
        "name": "Gerbang tol Dupak 1",
        "operator": null,
        "currency_IDR": null,
        "payment_electronic_purses": null,
        "motorcycle": "no",
        "note": "PAY",
        "name_1": "Gerbang tol Dupak 1",
        "Tanggal": "2025-07-05",
        "KM_Dari": 200,
        "KM_Sampai": 400,
        "Jalur": "Off Ramp Perak",
        "Lajur": "L2",
        "Gerbang": "Off Ramp Perak",
        "Keterangan": "Scraping Filling AC WC",
        "KM_Asli_Dari": 200,
        "KM_Asli_Sampai": 260,
        "Lokasi_Titik": "Dupak 1",
        "Dasar_Pemetaan": "Dupak 1/Perak"
      },
      "geometry": {
        "type": "Point",
        "coordinates": [
          112.712757,
          -7.2411899
        ]
      }
    },
    {
      "type": "Feature",
      "properties": {
        "OBJECTID": 24,
        "F_id": "node/417252451",
        "barrier": "toll_booth",
        "name": "Dupak 3",
        "operator": null,
        "currency_IDR": null,
        "payment_electronic_purses": null,
        "motorcycle": null,
        "note": null,
        "name_1": "Dupak 3",
        "Tanggal": "2025-07-18",
        "KM_Dari": 0,
        "KM_Sampai": 200,
        "Jalur": "On Ramp Dupak 3",
        "Lajur": "L1",
        "Gerbang": "On Ramp Dupak 3",
        "Keterangan": "Scraping Filling AC WC",
        "KM_Asli_Dari": 0,
        "KM_Asli_Sampai": 150,
        "Lokasi_Titik": "Dupak 3",
        "Dasar_Pemetaan": "Dupak 3"
      },
      "geometry": {
        "type": "Point",
        "coordinates": [
          112.7096805,
          -7.2465916
        ]
      }
    },
    {
      "type": "Feature",
      "properties": {
        "OBJECTID": 25,
        "F_id": "node/417252451",
        "barrier": "toll_booth",
        "name": "Dupak 3",
        "operator": null,
        "currency_IDR": null,
        "payment_electronic_purses": null,
        "motorcycle": null,
        "note": null,
        "name_1": "Dupak 3",
        "Tanggal": "2025-07-19",
        "KM_Dari": 0,
        "KM_Sampai": 200,
        "Jalur": "On Ramp Dupak 3 Lanjutan",
        "Lajur": "L3",
        "Gerbang": "On Ramp Dupak 3 Lanjutan",
        "Keterangan": "Scraping Filling AC WC",
        "KM_Asli_Dari": 0,
        "KM_Asli_Sampai": 150,
        "Lokasi_Titik": "Dupak 3",
        "Dasar_Pemetaan": "Dupak 3"
      },
      "geometry": {
        "type": "Point",
        "coordinates": [
          112.7096805,
          -7.2465916
        ]
      }
    },
    {
      "type": "Feature",
      "properties": {
        "OBJECTID": 26,
        "F_id": "node/1780865842",
        "barrier": "toll_booth",
        "name": "Gerbang Tol Dupak 5",
        "operator": null,
        "currency_IDR": null,
        "payment_electronic_purses": null,
        "motorcycle": null,
        "note": null,
        "name_1": "Gerbang Tol Dupak 5",
        "Tanggal": "2025-09-03",
        "KM_Dari": 0,
        "KM_Sampai": 200,
        "Jalur": "Off Ramp Dupak 5 (Setelah GT)",
        "Lajur": "-",
        "Gerbang": "Off Ramp Dupak 5 (Setelah GT)",
        "Keterangan": "Overlay AC WC",
        "KM_Asli_Dari": 0,
        "KM_Asli_Sampai": 126,
        "Lokasi_Titik": "Dupak 5",
        "Dasar_Pemetaan": "Dupak 5"
      },
      "geometry": {
        "type": "Point",
        "coordinates": [
          112.7123931,
          -7.2429109
        ]
      }
    },
    {
      "type": "Feature",
      "properties": {
        "OBJECTID": 27,
        "F_id": "node/417252451",
        "barrier": "toll_booth",
        "name": "Dupak 3",
        "operator": null,
        "currency_IDR": null,
        "payment_electronic_purses": null,
        "motorcycle": null,
        "note": null,
        "name_1": "Dupak 3",
        "Tanggal": "2025-09-04",
        "KM_Dari": 0,
        "KM_Sampai": 200,
        "Jalur": "On Ramp Dupak 3 (dari Pasar Turi)",
        "Lajur": "-",
        "Gerbang": "On Ramp Dupak 3 (dari Pasar Turi)",
        "Keterangan": "Scraping Filling AC WC",
        "KM_Asli_Dari": 0,
        "KM_Asli_Sampai": 163,
        "Lokasi_Titik": "Dupak 3",
        "Dasar_Pemetaan": "Dupak 3"
      },
      "geometry": {
        "type": "Point",
        "coordinates": [
          112.7096805,
          -7.2465916
        ]
      }
    },
    {
      "type": "Feature",
      "properties": {
        "OBJECTID": 28,
        "F_id": "node/417252451",
        "barrier": "toll_booth",
        "name": "Dupak 3",
        "operator": null,
        "currency_IDR": null,
        "payment_electronic_purses": null,
        "motorcycle": null,
        "note": null,
        "name_1": "Dupak 3",
        "Tanggal": "2025-09-07",
        "KM_Dari": 0,
        "KM_Sampai": 200,
        "Jalur": "On Ramp Dupak 3 (dari Pasar Turi) lanjutan",
        "Lajur": "-",
        "Gerbang": "On Ramp Dupak 3 (dari Pasar Turi) lanjutan",
        "Keterangan": "Scraping Filling AC WC",
        "KM_Asli_Dari": 0,
        "KM_Asli_Sampai": 158,
        "Lokasi_Titik": "Dupak 3",
        "Dasar_Pemetaan": "Dupak 3"
      },
      "geometry": {
        "type": "Point",
        "coordinates": [
          112.7096805,
          -7.2465916
        ]
      }
    },
    {
      "type": "Feature",
      "properties": {
        "OBJECTID": 29,
        "F_id": "node/417252451",
        "barrier": "toll_booth",
        "name": "Dupak 3",
        "operator": null,
        "currency_IDR": null,
        "payment_electronic_purses": null,
        "motorcycle": null,
        "note": null,
        "name_1": "Dupak 3",
        "Tanggal": "2025-09-08",
        "KM_Dari": 0,
        "KM_Sampai": 200,
        "Jalur": "On Ramp Dupak 3 lanjutan",
        "Lajur": "-",
        "Gerbang": "On Ramp Dupak 3 lanjutan",
        "Keterangan": "Scraping Filling AC WC",
        "KM_Asli_Dari": 0,
        "KM_Asli_Sampai": 113,
        "Lokasi_Titik": "Dupak 3",
        "Dasar_Pemetaan": "Dupak 3"
      },
      "geometry": {
        "type": "Point",
        "coordinates": [
          112.7096805,
          -7.2465916
        ]
      }
    },
    {
      "type": "Feature",
      "properties": {
        "OBJECTID": 30,
        "F_id": "node/417252451",
        "barrier": "toll_booth",
        "name": "Dupak 3",
        "operator": null,
        "currency_IDR": null,
        "payment_electronic_purses": null,
        "motorcycle": null,
        "note": null,
        "name_1": "Dupak 3",
        "Tanggal": "2025-09-09",
        "KM_Dari": 0,
        "KM_Sampai": 200,
        "Jalur": "On Ramp Dupak 3",
        "Lajur": "-",
        "Gerbang": "On Ramp Dupak 3",
        "Keterangan": "Scraping Filling AC WC",
        "KM_Asli_Dari": 0,
        "KM_Asli_Sampai": 20,
        "Lokasi_Titik": "Dupak 3",
        "Dasar_Pemetaan": "Dupak 3"
      },
      "geometry": {
        "type": "Point",
        "coordinates": [
          112.7096805,
          -7.2465916
        ]
      }
    },
    {
      "type": "Feature",
      "properties": {
        "OBJECTID": 31,
        "F_id": "node/6758461616",
        "barrier": "toll_booth",
        "name": "Gerbang Tol Dupak 4",
        "operator": null,
        "currency_IDR": null,
        "payment_electronic_purses": null,
        "motorcycle": null,
        "note": null,
        "name_1": "Gerbang Tol Dupak 4",
        "Tanggal": "2025-09-09",
        "KM_Dari": 0,
        "KM_Sampai": 200,
        "Jalur": "On Ramp Dupak 4",
        "Lajur": "-",
        "Gerbang": "On Ramp Dupak 4",
        "Keterangan": "Scraping Filling AC WC",
        "KM_Asli_Dari": 0,
        "KM_Asli_Sampai": 96,
        "Lokasi_Titik": "Dupak 4",
        "Dasar_Pemetaan": "Dupak 4"
      },
      "geometry": {
        "type": "Point",
        "coordinates": [
          112.7117446,
          -7.2426884
        ]
      }
    },
    {
      "type": "Feature",
      "properties": {
        "OBJECTID": 32,
        "F_id": "node/417252451",
        "barrier": "toll_booth",
        "name": "Dupak 3",
        "operator": null,
        "currency_IDR": null,
        "payment_electronic_purses": null,
        "motorcycle": null,
        "note": null,
        "name_1": "Dupak 3",
        "Tanggal": "2025-09-10",
        "KM_Dari": 0,
        "KM_Sampai": 200,
        "Jalur": "On Ramp Dupak 3 (sebelum GT)",
        "Lajur": "-",
        "Gerbang": "On Ramp Dupak 3 (sebelum GT)",
        "Keterangan": "Scraping Filling AC WC",
        "KM_Asli_Dari": 0,
        "KM_Asli_Sampai": 18,
        "Lokasi_Titik": "Dupak 3",
        "Dasar_Pemetaan": "Dupak 3"
      },
      "geometry": {
        "type": "Point",
        "coordinates": [
          112.7096805,
          -7.2465916
        ]
      }
    },
    {
      "type": "Feature",
      "properties": {
        "OBJECTID": 33,
        "F_id": "node/417252451",
        "barrier": "toll_booth",
        "name": "Dupak 3",
        "operator": null,
        "currency_IDR": null,
        "payment_electronic_purses": null,
        "motorcycle": null,
        "note": null,
        "name_1": "Dupak 3",
        "Tanggal": "2025-09-10",
        "KM_Dari": 0,
        "KM_Sampai": 200,
        "Jalur": "On Ramp Dupak 3 (sebelum GT)",
        "Lajur": "-",
        "Gerbang": "On Ramp Dupak 3 (sebelum GT)",
        "Keterangan": "Overlay AC WC",
        "KM_Asli_Dari": 0,
        "KM_Asli_Sampai": 70,
        "Lokasi_Titik": "Dupak 3",
        "Dasar_Pemetaan": "Dupak 3"
      },
      "geometry": {
        "type": "Point",
        "coordinates": [
          112.7096805,
          -7.2465916
        ]
      }
    },
    {
      "type": "Feature",
      "properties": {
        "OBJECTID": 34,
        "F_id": "node/420460802",
        "barrier": "toll_booth",
        "name": "Gerbang tol Dupak 1",
        "operator": null,
        "currency_IDR": null,
        "payment_electronic_purses": null,
        "motorcycle": "no",
        "note": "PAY",
        "name_1": "Gerbang tol Dupak 1",
        "Tanggal": "2025-09-11",
        "KM_Dari": 0,
        "KM_Sampai": 200,
        "Jalur": "On Ramp Dupak 1 (sebelum GT)",
        "Lajur": "-",
        "Gerbang": "On Ramp Dupak 1 (sebelum GT)",
        "Keterangan": "Scraping Filling AC WC",
        "KM_Asli_Dari": 0,
        "KM_Asli_Sampai": 85,
        "Lokasi_Titik": "Dupak 1",
        "Dasar_Pemetaan": "Dupak 1/Perak"
      },
      "geometry": {
        "type": "Point",
        "coordinates": [
          112.712757,
          -7.2411899
        ]
      }
    },
    {
      "type": "Feature",
      "properties": {
        "OBJECTID": 35,
        "F_id": "node/420460802",
        "barrier": "toll_booth",
        "name": "Gerbang tol Dupak 1",
        "operator": null,
        "currency_IDR": null,
        "payment_electronic_purses": null,
        "motorcycle": "no",
        "note": "PAY",
        "name_1": "Gerbang tol Dupak 1",
        "Tanggal": "2025-09-11",
        "KM_Dari": 0,
        "KM_Sampai": 200,
        "Jalur": "On Ramp Dupak 1 (setelah GT)",
        "Lajur": "-",
        "Gerbang": "On Ramp Dupak 1 (setelah GT)",
        "Keterangan": "Scraping Filling AC WC",
        "KM_Asli_Dari": 0,
        "KM_Asli_Sampai": 45,
        "Lokasi_Titik": "Dupak 1",
        "Dasar_Pemetaan": "Dupak 1/Perak"
      },
      "geometry": {
        "type": "Point",
        "coordinates": [
          112.712757,
          -7.2411899
        ]
      }
    },
    {
      "type": "Feature",
      "properties": {
        "OBJECTID": 36,
        "F_id": "node/417252480",
        "barrier": "toll_booth",
        "name": "Gerbang tol Dupak 2",
        "operator": null,
        "currency_IDR": null,
        "payment_electronic_purses": null,
        "motorcycle": null,
        "note": null,
        "name_1": "Gerbang tol Dupak 2",
        "Tanggal": "2025-09-13",
        "KM_Dari": 0,
        "KM_Sampai": 200,
        "Jalur": "Off Ramp (Sebelum Dupak 2)",
        "Lajur": "L2",
        "Gerbang": "Off Ramp (Sebelum Dupak 2)",
        "Keterangan": "Overlay AC WC",
        "KM_Asli_Dari": 0,
        "KM_Asli_Sampai": 74,
        "Lokasi_Titik": "Dupak 2",
        "Dasar_Pemetaan": "Dupak 2/Pasar Turi"
      },
      "geometry": {
        "type": "Point",
        "coordinates": [
          112.7120796,
          -7.2416228
        ]
      }
    },
    {
      "type": "Feature",
      "properties": {
        "OBJECTID": 37,
        "F_id": "node/1091384566",
        "barrier": "toll_booth",
        "name": "Toll Banyu Urip",
        "operator": null,
        "currency_IDR": null,
        "payment_electronic_purses": null,
        "motorcycle": null,
        "note": null,
        "name_1": "Toll Banyu Urip",
        "Tanggal": "2023-06-30",
        "KM_Dari": 0,
        "KM_Sampai": 200,
        "Jalur": "On Ramp Banyu Urip",
        "Lajur": "L2",
        "Gerbang": "On Ramp Banyu Urip",
        "Keterangan": "Scraping Filling AC WC",
        "KM_Asli_Dari": 0,
        "KM_Asli_Sampai": 40,
        "Lokasi_Titik": "Banyu Urip",
        "Dasar_Pemetaan": "Banyu Urip"
      },
      "geometry": {
        "type": "Point",
        "coordinates": [
          112.7074787,
          -7.262903
        ]
      }
    },
    {
      "type": "Feature",
      "properties": {
        "OBJECTID": 38,
        "F_id": "node/1091384566",
        "barrier": "toll_booth",
        "name": "Toll Banyu Urip",
        "operator": null,
        "currency_IDR": null,
        "payment_electronic_purses": null,
        "motorcycle": null,
        "note": null,
        "name_1": "Toll Banyu Urip",
        "Tanggal": "2023-06-30",
        "KM_Dari": 0,
        "KM_Sampai": 200,
        "Jalur": "On Ramp Banyu Urip",
        "Lajur": "L2",
        "Gerbang": "On Ramp Banyu Urip",
        "Keterangan": "Scraping Filling AC WC",
        "KM_Asli_Dari": 0,
        "KM_Asli_Sampai": 49,
        "Lokasi_Titik": "Banyu Urip",
        "Dasar_Pemetaan": "Banyu Urip"
      },
      "geometry": {
        "type": "Point",
        "coordinates": [
          112.7074787,
          -7.262903
        ]
      }
    },
    {
      "type": "Feature",
      "properties": {
        "OBJECTID": 39,
        "F_id": "node/1091384566",
        "barrier": "toll_booth",
        "name": "Toll Banyu Urip",
        "operator": null,
        "currency_IDR": null,
        "payment_electronic_purses": null,
        "motorcycle": null,
        "note": null,
        "name_1": "Toll Banyu Urip",
        "Tanggal": "2023-06-30",
        "KM_Dari": 0,
        "KM_Sampai": 200,
        "Jalur": "On Ramp Banyu Urip",
        "Lajur": "L2",
        "Gerbang": "On Ramp Banyu Urip",
        "Keterangan": "Scraping Filling AC WC",
        "KM_Asli_Dari": 0,
        "KM_Asli_Sampai": 90,
        "Lokasi_Titik": "Banyu Urip",
        "Dasar_Pemetaan": "Banyu Urip"
      },
      "geometry": {
        "type": "Point",
        "coordinates": [
          112.7074787,
          -7.262903
        ]
      }
    },
    {
      "type": "Feature",
      "properties": {
        "OBJECTID": 40,
        "F_id": "node/1091384566",
        "barrier": "toll_booth",
        "name": "Toll Banyu Urip",
        "operator": null,
        "currency_IDR": null,
        "payment_electronic_purses": null,
        "motorcycle": null,
        "note": null,
        "name_1": "Toll Banyu Urip",
        "Tanggal": "2024-06-08",
        "KM_Dari": 200,
        "KM_Sampai": 400,
        "Jalur": "ON RAMP B.URIP",
        "Lajur": "KIRI",
        "Gerbang": "ON RAMP B.URIP",
        "Keterangan": "Scraping Filling AC WC",
        "KM_Asli_Dari": 200,
        "KM_Asli_Sampai": 275,
        "Lokasi_Titik": "Banyu Urip",
        "Dasar_Pemetaan": "Banyu Urip"
      },
      "geometry": {
        "type": "Point",
        "coordinates": [
          112.7074787,
          -7.262903
        ]
      }
    },
    {
      "type": "Feature",
      "properties": {
        "OBJECTID": 41,
        "F_id": "node/1091384566",
        "barrier": "toll_booth",
        "name": "Toll Banyu Urip",
        "operator": null,
        "currency_IDR": null,
        "payment_electronic_purses": null,
        "motorcycle": null,
        "note": null,
        "name_1": "Toll Banyu Urip",
        "Tanggal": "2024-06-08",
        "KM_Dari": 200,
        "KM_Sampai": 400,
        "Jalur": "ON RAMP B.URIP",
        "Lajur": "KIRI",
        "Gerbang": "ON RAMP B.URIP",
        "Keterangan": "Scraping Filling AC WC",
        "KM_Asli_Dari": 275,
        "KM_Asli_Sampai": 335,
        "Lokasi_Titik": "Banyu Urip",
        "Dasar_Pemetaan": "Banyu Urip"
      },
      "geometry": {
        "type": "Point",
        "coordinates": [
          112.7074787,
          -7.262903
        ]
      }
    },
    {
      "type": "Feature",
      "properties": {
        "OBJECTID": 42,
        "F_id": "node/1091384566",
        "barrier": "toll_booth",
        "name": "Toll Banyu Urip",
        "operator": null,
        "currency_IDR": null,
        "payment_electronic_purses": null,
        "motorcycle": null,
        "note": null,
        "name_1": "Toll Banyu Urip",
        "Tanggal": "2024-06-08",
        "KM_Dari": 200,
        "KM_Sampai": 400,
        "Jalur": "ON RAMP B.URIP",
        "Lajur": "KIRI",
        "Gerbang": "ON RAMP B.URIP",
        "Keterangan": "Scraping Filling AC WC",
        "KM_Asli_Dari": 335,
        "KM_Asli_Sampai": 400,
        "Lokasi_Titik": "Banyu Urip",
        "Dasar_Pemetaan": "Banyu Urip"
      },
      "geometry": {
        "type": "Point",
        "coordinates": [
          112.7074787,
          -7.262903
        ]
      }
    },
    {
      "type": "Feature",
      "properties": {
        "OBJECTID": 43,
        "F_id": "node/1091384566",
        "barrier": "toll_booth",
        "name": "Toll Banyu Urip",
        "operator": null,
        "currency_IDR": null,
        "payment_electronic_purses": null,
        "motorcycle": null,
        "note": null,
        "name_1": "Toll Banyu Urip",
        "Tanggal": "2024-06-08",
        "KM_Dari": 400,
        "KM_Sampai": 600,
        "Jalur": "ON RAMP B.URIP",
        "Lajur": "KIRI",
        "Gerbang": "ON RAMP B.URIP",
        "Keterangan": "Scraping Filling AC WC",
        "KM_Asli_Dari": 400,
        "KM_Asli_Sampai": 428,
        "Lokasi_Titik": "Banyu Urip",
        "Dasar_Pemetaan": "Banyu Urip"
      },
      "geometry": {
        "type": "Point",
        "coordinates": [
          112.7074787,
          -7.262903
        ]
      }
    },
    {
      "type": "Feature",
      "properties": {
        "OBJECTID": 44,
        "F_id": "node/1091384566",
        "barrier": "toll_booth",
        "name": "Toll Banyu Urip",
        "operator": null,
        "currency_IDR": null,
        "payment_electronic_purses": null,
        "motorcycle": null,
        "note": null,
        "name_1": "Toll Banyu Urip",
        "Tanggal": "2024-06-09",
        "KM_Dari": 0,
        "KM_Sampai": 200,
        "Jalur": "ON RAMP B.URIP",
        "Lajur": "KANAN",
        "Gerbang": "ON RAMP B.URIP",
        "Keterangan": "Scraping Filling AC WC",
        "KM_Asli_Dari": 140,
        "KM_Asli_Sampai": 200,
        "Lokasi_Titik": "Banyu Urip",
        "Dasar_Pemetaan": "Banyu Urip"
      },
      "geometry": {
        "type": "Point",
        "coordinates": [
          112.7074787,
          -7.262903
        ]
      }
    },
    {
      "type": "Feature",
      "properties": {
        "OBJECTID": 45,
        "F_id": "node/1091384566",
        "barrier": "toll_booth",
        "name": "Toll Banyu Urip",
        "operator": null,
        "currency_IDR": null,
        "payment_electronic_purses": null,
        "motorcycle": null,
        "note": null,
        "name_1": "Toll Banyu Urip",
        "Tanggal": "2024-06-09",
        "KM_Dari": 200,
        "KM_Sampai": 400,
        "Jalur": "ON RAMP B.URIP",
        "Lajur": "KANAN",
        "Gerbang": "ON RAMP B.URIP",
        "Keterangan": "Scraping Filling AC WC",
        "KM_Asli_Dari": 200,
        "KM_Asli_Sampai": 275,
        "Lokasi_Titik": "Banyu Urip",
        "Dasar_Pemetaan": "Banyu Urip"
      },
      "geometry": {
        "type": "Point",
        "coordinates": [
          112.7074787,
          -7.262903
        ]
      }
    },
    {
      "type": "Feature",
      "properties": {
        "OBJECTID": 46,
        "F_id": "node/1091384566",
        "barrier": "toll_booth",
        "name": "Toll Banyu Urip",
        "operator": null,
        "currency_IDR": null,
        "payment_electronic_purses": null,
        "motorcycle": null,
        "note": null,
        "name_1": "Toll Banyu Urip",
        "Tanggal": "2024-06-09",
        "KM_Dari": 200,
        "KM_Sampai": 400,
        "Jalur": "ON RAMP B.URIP",
        "Lajur": "KANAN",
        "Gerbang": "ON RAMP B.URIP",
        "Keterangan": "Scraping Filling AC WC",
        "KM_Asli_Dari": 275,
        "KM_Asli_Sampai": 335,
        "Lokasi_Titik": "Banyu Urip",
        "Dasar_Pemetaan": "Banyu Urip"
      },
      "geometry": {
        "type": "Point",
        "coordinates": [
          112.7074787,
          -7.262903
        ]
      }
    },
    {
      "type": "Feature",
      "properties": {
        "OBJECTID": 47,
        "F_id": "node/1091384566",
        "barrier": "toll_booth",
        "name": "Toll Banyu Urip",
        "operator": null,
        "currency_IDR": null,
        "payment_electronic_purses": null,
        "motorcycle": null,
        "note": null,
        "name_1": "Toll Banyu Urip",
        "Tanggal": "2024-06-09",
        "KM_Dari": 200,
        "KM_Sampai": 400,
        "Jalur": "ON RAMP B.URIP",
        "Lajur": "KANAN",
        "Gerbang": "ON RAMP B.URIP",
        "Keterangan": "Scraping Filling AC WC",
        "KM_Asli_Dari": 335,
        "KM_Asli_Sampai": 400,
        "Lokasi_Titik": "Banyu Urip",
        "Dasar_Pemetaan": "Banyu Urip"
      },
      "geometry": {
        "type": "Point",
        "coordinates": [
          112.7074787,
          -7.262903
        ]
      }
    },
    {
      "type": "Feature",
      "properties": {
        "OBJECTID": 48,
        "F_id": "node/1091384566",
        "barrier": "toll_booth",
        "name": "Toll Banyu Urip",
        "operator": null,
        "currency_IDR": null,
        "payment_electronic_purses": null,
        "motorcycle": null,
        "note": null,
        "name_1": "Toll Banyu Urip",
        "Tanggal": "2024-06-09",
        "KM_Dari": 400,
        "KM_Sampai": 600,
        "Jalur": "ON RAMP B.URIP",
        "Lajur": "KANAN",
        "Gerbang": "ON RAMP B.URIP",
        "Keterangan": "Scraping Filling AC WC",
        "KM_Asli_Dari": 400,
        "KM_Asli_Sampai": 428,
        "Lokasi_Titik": "Banyu Urip",
        "Dasar_Pemetaan": "Banyu Urip"
      },
      "geometry": {
        "type": "Point",
        "coordinates": [
          112.7074787,
          -7.262903
        ]
      }
    },
    {
      "type": "Feature",
      "properties": {
        "OBJECTID": 49,
        "F_id": "node/1091384566",
        "barrier": "toll_booth",
        "name": "Toll Banyu Urip",
        "operator": null,
        "currency_IDR": null,
        "payment_electronic_purses": null,
        "motorcycle": null,
        "note": null,
        "name_1": "Toll Banyu Urip",
        "Tanggal": "2024-06-10",
        "KM_Dari": 0,
        "KM_Sampai": 200,
        "Jalur": "ON RAMP B.URIP",
        "Lajur": "KANAN",
        "Gerbang": "ON RAMP B.URIP",
        "Keterangan": "Scraping Filling AC WC",
        "KM_Asli_Dari": 0,
        "KM_Asli_Sampai": 185,
        "Lokasi_Titik": "Banyu Urip",
        "Dasar_Pemetaan": "Banyu Urip"
      },
      "geometry": {
        "type": "Point",
        "coordinates": [
          112.7074787,
          -7.262903
        ]
      }
    },
    {
      "type": "Feature",
      "properties": {
        "OBJECTID": 50,
        "F_id": "node/1091384566",
        "barrier": "toll_booth",
        "name": "Toll Banyu Urip",
        "operator": null,
        "currency_IDR": null,
        "payment_electronic_purses": null,
        "motorcycle": null,
        "note": null,
        "name_1": "Toll Banyu Urip",
        "Tanggal": "2024-08-09",
        "KM_Dari": 0,
        "KM_Sampai": 200,
        "Jalur": "ON RAMP B.URIP",
        "Lajur": "KANAN",
        "Gerbang": "ON RAMP B.URIP",
        "Keterangan": "Scraping Filling AC WC",
        "KM_Asli_Dari": 0,
        "KM_Asli_Sampai": 29,
        "Lokasi_Titik": "Banyu Urip",
        "Dasar_Pemetaan": "Banyu Urip"
      },
      "geometry": {
        "type": "Point",
        "coordinates": [
          112.7074787,
          -7.262903
        ]
      }
    },
    {
      "type": "Feature",
      "properties": {
        "OBJECTID": 51,
        "F_id": "node/1091384566",
        "barrier": "toll_booth",
        "name": "Toll Banyu Urip",
        "operator": null,
        "currency_IDR": null,
        "payment_electronic_purses": null,
        "motorcycle": null,
        "note": null,
        "name_1": "Toll Banyu Urip",
        "Tanggal": "2025-09-07",
        "KM_Dari": 0,
        "KM_Sampai": 200,
        "Jalur": "Off Ramp Banyu Urip  dari arah Perak",
        "Lajur": "-",
        "Gerbang": "Off Ramp Banyu Urip  dari arah Perak",
        "Keterangan": "Scraping Filling AC WC",
        "KM_Asli_Dari": 0,
        "KM_Asli_Sampai": 6,
        "Lokasi_Titik": "Banyu Urip",
        "Dasar_Pemetaan": "Banyu Urip"
      },
      "geometry": {
        "type": "Point",
        "coordinates": [
          112.7074787,
          -7.262903
        ]
      }
    },
    {
      "type": "Feature",
      "properties": {
        "OBJECTID": 52,
        "F_id": "node/1091384566",
        "barrier": "toll_booth",
        "name": "Toll Banyu Urip",
        "operator": null,
        "currency_IDR": null,
        "payment_electronic_purses": null,
        "motorcycle": null,
        "note": null,
        "name_1": "Toll Banyu Urip",
        "Tanggal": "2025-09-07",
        "KM_Dari": 0,
        "KM_Sampai": 200,
        "Jalur": "Off Ramp Banyu Urip  dari arah Perak",
        "Lajur": "-",
        "Gerbang": "Off Ramp Banyu Urip  dari arah Perak",
        "Keterangan": "Scraping Filling AC WC",
        "KM_Asli_Dari": 0,
        "KM_Asli_Sampai": 61,
        "Lokasi_Titik": "Banyu Urip",
        "Dasar_Pemetaan": "Banyu Urip"
      },
      "geometry": {
        "type": "Point",
        "coordinates": [
          112.7074787,
          -7.262903
        ]
      }
    },
    {
      "type": "Feature",
      "properties": {
        "OBJECTID": 53,
        "F_id": "node/1091384566",
        "barrier": "toll_booth",
        "name": "Toll Banyu Urip",
        "operator": null,
        "currency_IDR": null,
        "payment_electronic_purses": null,
        "motorcycle": null,
        "note": null,
        "name_1": "Toll Banyu Urip",
        "Tanggal": "2025-09-07",
        "KM_Dari": 0,
        "KM_Sampai": 200,
        "Jalur": "Off Ramp Banyu Urip  dari arah Perak",
        "Lajur": "-",
        "Gerbang": "Off Ramp Banyu Urip  dari arah Perak",
        "Keterangan": "Scraping Filling AC WC",
        "KM_Asli_Dari": 0,
        "KM_Asli_Sampai": 67,
        "Lokasi_Titik": "Banyu Urip",
        "Dasar_Pemetaan": "Banyu Urip"
      },
      "geometry": {
        "type": "Point",
        "coordinates": [
          112.7074787,
          -7.262903
        ]
      }
    },
    {
      "type": "Feature",
      "properties": {
        "OBJECTID": 54,
        "F_id": "node/1091384566",
        "barrier": "toll_booth",
        "name": "Toll Banyu Urip",
        "operator": null,
        "currency_IDR": null,
        "payment_electronic_purses": null,
        "motorcycle": null,
        "note": null,
        "name_1": "Toll Banyu Urip",
        "Tanggal": "2025-09-08",
        "KM_Dari": 0,
        "KM_Sampai": 200,
        "Jalur": "Off Ramp Banyu Urip (sebelah GT)",
        "Lajur": "-",
        "Gerbang": "Off Ramp Banyu Urip (sebelah GT)",
        "Keterangan": "Scraping Filling AC WC",
        "KM_Asli_Dari": 0,
        "KM_Asli_Sampai": 138,
        "Lokasi_Titik": "Banyu Urip",
        "Dasar_Pemetaan": "Banyu Urip"
      },
      "geometry": {
        "type": "Point",
        "coordinates": [
          112.7074787,
          -7.262903
        ]
      }
    },
    {
      "type": "Feature",
      "properties": {
        "OBJECTID": 55,
        "F_id": "node/1091384566",
        "barrier": "toll_booth",
        "name": "Toll Banyu Urip",
        "operator": null,
        "currency_IDR": null,
        "payment_electronic_purses": null,
        "motorcycle": null,
        "note": null,
        "name_1": "Toll Banyu Urip",
        "Tanggal": "2025-09-08",
        "KM_Dari": 0,
        "KM_Sampai": 200,
        "Jalur": "Off Ramp Banyu Urip (sebelah GT)",
        "Lajur": "-",
        "Gerbang": "Off Ramp Banyu Urip (sebelah GT)",
        "Keterangan": "Scraping Filling AC WC",
        "KM_Asli_Dari": 0,
        "KM_Asli_Sampai": 189,
        "Lokasi_Titik": "Banyu Urip",
        "Dasar_Pemetaan": "Banyu Urip"
      },
      "geometry": {
        "type": "Point",
        "coordinates": [
          112.7074787,
          -7.262903
        ]
      }
    },
    {
      "type": "Feature",
      "properties": {
        "OBJECTID": 56,
        "F_id": "node/1091384566",
        "barrier": "toll_booth",
        "name": "Toll Banyu Urip",
        "operator": null,
        "currency_IDR": null,
        "payment_electronic_purses": null,
        "motorcycle": null,
        "note": null,
        "name_1": "Toll Banyu Urip",
        "Tanggal": "2025-09-09",
        "KM_Dari": 0,
        "KM_Sampai": 200,
        "Jalur": "On Ramp Banyu Urip (sebelum GT)",
        "Lajur": "-",
        "Gerbang": "On Ramp Banyu Urip (sebelum GT)",
        "Keterangan": "Scraping Filling AC WC",
        "KM_Asli_Dari": 0,
        "KM_Asli_Sampai": 129,
        "Lokasi_Titik": "Banyu Urip",
        "Dasar_Pemetaan": "Banyu Urip"
      },
      "geometry": {
        "type": "Point",
        "coordinates": [
          112.7074787,
          -7.262903
        ]
      }
    },
    {
      "type": "Feature",
      "properties": {
        "OBJECTID": 57,
        "F_id": "node/1091384566",
        "barrier": "toll_booth",
        "name": "Toll Banyu Urip",
        "operator": null,
        "currency_IDR": null,
        "payment_electronic_purses": null,
        "motorcycle": null,
        "note": null,
        "name_1": "Toll Banyu Urip",
        "Tanggal": "2025-09-11",
        "KM_Dari": 0,
        "KM_Sampai": 200,
        "Jalur": "On Ramp Banyu Urip (lampu merah)",
        "Lajur": "-",
        "Gerbang": "On Ramp Banyu Urip (lampu merah)",
        "Keterangan": "Scraping Filling AC WC",
        "KM_Asli_Dari": 0,
        "KM_Asli_Sampai": 180,
        "Lokasi_Titik": "Banyu Urip",
        "Dasar_Pemetaan": "Banyu Urip"
      },
      "geometry": {
        "type": "Point",
        "coordinates": [
          112.7074787,
          -7.262903
        ]
      }
    },
    {
      "type": "Feature",
      "properties": {
        "OBJECTID": 58,
        "F_id": "node/1091384566",
        "barrier": "toll_booth",
        "name": "Toll Banyu Urip",
        "operator": null,
        "currency_IDR": null,
        "payment_electronic_purses": null,
        "motorcycle": null,
        "note": null,
        "name_1": "Toll Banyu Urip",
        "Tanggal": "2025-09-13",
        "KM_Dari": 0,
        "KM_Sampai": 200,
        "Jalur": "Off Ramp Banyu Urip A",
        "Lajur": "L2",
        "Gerbang": "Off Ramp Banyu Urip A",
        "Keterangan": "Scraping Filling AC WC",
        "KM_Asli_Dari": 0,
        "KM_Asli_Sampai": 161,
        "Lokasi_Titik": "Banyu Urip",
        "Dasar_Pemetaan": "Banyu Urip"
      },
      "geometry": {
        "type": "Point",
        "coordinates": [
          112.7074787,
          -7.262903
        ]
      }
    },
    {
      "type": "Feature",
      "properties": {
        "OBJECTID": 59,
        "F_id": "node/1091384566",
        "barrier": "toll_booth",
        "name": "Toll Banyu Urip",
        "operator": null,
        "currency_IDR": null,
        "payment_electronic_purses": null,
        "motorcycle": null,
        "note": null,
        "name_1": "Toll Banyu Urip",
        "Tanggal": "2025-09-14",
        "KM_Dari": 0,
        "KM_Sampai": 200,
        "Jalur": "On Ramp Banyu Urip (arah Perak)",
        "Lajur": "-",
        "Gerbang": "On Ramp Banyu Urip (arah Perak)",
        "Keterangan": "Scraping Filling AC BC",
        "KM_Asli_Dari": 0,
        "KM_Asli_Sampai": 200,
        "Lokasi_Titik": "Banyu Urip",
        "Dasar_Pemetaan": "Banyu Urip"
      },
      "geometry": {
        "type": "Point",
        "coordinates": [
          112.7074787,
          -7.262903
        ]
      }
    },
    {
      "type": "Feature",
      "properties": {
        "OBJECTID": 60,
        "F_id": "node/414269492",
        "barrier": "toll_booth",
        "name": "Gerbang Tol Kota Satelit",
        "operator": null,
        "currency_IDR": null,
        "payment_electronic_purses": null,
        "motorcycle": null,
        "note": null,
        "name_1": "Gerbang Tol Kota Satelit",
        "Tanggal": "2025-09-14",
        "KM_Dari": 0,
        "KM_Sampai": 200,
        "Jalur": "On Ramp Banyu Urip (arah Satelit)",
        "Lajur": "-",
        "Gerbang": "On Ramp Banyu Urip (arah Satelit)",
        "Keterangan": "Scraping Filling AC WC",
        "KM_Asli_Dari": 0,
        "KM_Asli_Sampai": 106,
        "Lokasi_Titik": "Kota Satelit",
        "Dasar_Pemetaan": "Satelit"
      },
      "geometry": {
        "type": "Point",
        "coordinates": [
          112.7021747,
          -7.2899912
        ]
      }
    },
    {
      "type": "Feature",
      "properties": {
        "OBJECTID": 61,
        "F_id": "node/1091384566",
        "barrier": "toll_booth",
        "name": "Toll Banyu Urip",
        "operator": null,
        "currency_IDR": null,
        "payment_electronic_purses": null,
        "motorcycle": null,
        "note": null,
        "name_1": "Toll Banyu Urip",
        "Tanggal": "2025-09-14",
        "KM_Dari": 200,
        "KM_Sampai": 400,
        "Jalur": "On Ramp Banyu Urip (arah Perak)",
        "Lajur": "-",
        "Gerbang": "On Ramp Banyu Urip (arah Perak)",
        "Keterangan": "Scraping Filling AC BC",
        "KM_Asli_Dari": 200,
        "KM_Asli_Sampai": 228,
        "Lokasi_Titik": "Banyu Urip",
        "Dasar_Pemetaan": "Banyu Urip"
      },
      "geometry": {
        "type": "Point",
        "coordinates": [
          112.7074787,
          -7.262903
        ]
      }
    },
    {
      "type": "Feature",
      "properties": {
        "OBJECTID": 62,
        "F_id": "node/1091384566",
        "barrier": "toll_booth",
        "name": "Toll Banyu Urip",
        "operator": null,
        "currency_IDR": null,
        "payment_electronic_purses": null,
        "motorcycle": null,
        "note": null,
        "name_1": "Toll Banyu Urip",
        "Tanggal": "2025-10-16",
        "KM_Dari": 0,
        "KM_Sampai": 200,
        "Jalur": "On Ramp Banyu Urip / B",
        "Lajur": "-",
        "Gerbang": "On Ramp Banyu Urip / B",
        "Keterangan": "Scrapping Filling AC WC",
        "KM_Asli_Dari": 0,
        "KM_Asli_Sampai": 40,
        "Lokasi_Titik": "Banyu Urip",
        "Dasar_Pemetaan": "Banyu Urip"
      },
      "geometry": {
        "type": "Point",
        "coordinates": [
          112.7074787,
          -7.262903
        ]
      }
    },
    {
      "type": "Feature",
      "properties": {
        "OBJECTID": 63,
        "F_id": "node/414269492",
        "barrier": "toll_booth",
        "name": "Gerbang Tol Kota Satelit",
        "operator": null,
        "currency_IDR": null,
        "payment_electronic_purses": null,
        "motorcycle": null,
        "note": null,
        "name_1": "Gerbang Tol Kota Satelit",
        "Tanggal": "2023-06-30",
        "KM_Dari": 0,
        "KM_Sampai": 200,
        "Jalur": "Titik 1",
        "Lajur": "OR STLT",
        "Gerbang": "Titik 1",
        "Keterangan": "Scraping Filling AC WC",
        "KM_Asli_Dari": 0,
        "KM_Asli_Sampai": 37,
        "Lokasi_Titik": "Kota Satelit",
        "Dasar_Pemetaan": "Titik OR STLT"
      },
      "geometry": {
        "type": "Point",
        "coordinates": [
          112.7021747,
          -7.2899912
        ]
      }
    },
    {
      "type": "Feature",
      "properties": {
        "OBJECTID": 64,
        "F_id": "node/414269492",
        "barrier": "toll_booth",
        "name": "Gerbang Tol Kota Satelit",
        "operator": null,
        "currency_IDR": null,
        "payment_electronic_purses": null,
        "motorcycle": null,
        "note": null,
        "name_1": "Gerbang Tol Kota Satelit",
        "Tanggal": "2023-06-30",
        "KM_Dari": 0,
        "KM_Sampai": 200,
        "Jalur": "Titik 10",
        "Lajur": "OR STLT",
        "Gerbang": "Titik 10",
        "Keterangan": "Scraping Filling AC WC",
        "KM_Asli_Dari": 0,
        "KM_Asli_Sampai": 41,
        "Lokasi_Titik": "Kota Satelit",
        "Dasar_Pemetaan": "Titik OR STLT"
      },
      "geometry": {
        "type": "Point",
        "coordinates": [
          112.7021747,
          -7.2899912
        ]
      }
    },
    {
      "type": "Feature",
      "properties": {
        "OBJECTID": 65,
        "F_id": "node/414269492",
        "barrier": "toll_booth",
        "name": "Gerbang Tol Kota Satelit",
        "operator": null,
        "currency_IDR": null,
        "payment_electronic_purses": null,
        "motorcycle": null,
        "note": null,
        "name_1": "Gerbang Tol Kota Satelit",
        "Tanggal": "2023-06-30",
        "KM_Dari": 0,
        "KM_Sampai": 200,
        "Jalur": "Titik 2",
        "Lajur": "OR STLT",
        "Gerbang": "Titik 2",
        "Keterangan": "Scraping Filling AC WC",
        "KM_Asli_Dari": 0,
        "KM_Asli_Sampai": 50,
        "Lokasi_Titik": "Kota Satelit",
        "Dasar_Pemetaan": "Titik OR STLT"
      },
      "geometry": {
        "type": "Point",
        "coordinates": [
          112.7021747,
          -7.2899912
        ]
      }
    },
    {
      "type": "Feature",
      "properties": {
        "OBJECTID": 66,
        "F_id": "node/414269492",
        "barrier": "toll_booth",
        "name": "Gerbang Tol Kota Satelit",
        "operator": null,
        "currency_IDR": null,
        "payment_electronic_purses": null,
        "motorcycle": null,
        "note": null,
        "name_1": "Gerbang Tol Kota Satelit",
        "Tanggal": "2023-06-30",
        "KM_Dari": 0,
        "KM_Sampai": 200,
        "Jalur": "Titik 3",
        "Lajur": "OR STLT",
        "Gerbang": "Titik 3",
        "Keterangan": "Scraping Filling AC WC",
        "KM_Asli_Dari": 0,
        "KM_Asli_Sampai": 54,
        "Lokasi_Titik": "Kota Satelit",
        "Dasar_Pemetaan": "Titik OR STLT"
      },
      "geometry": {
        "type": "Point",
        "coordinates": [
          112.7021747,
          -7.2899912
        ]
      }
    },
    {
      "type": "Feature",
      "properties": {
        "OBJECTID": 67,
        "F_id": "node/414269492",
        "barrier": "toll_booth",
        "name": "Gerbang Tol Kota Satelit",
        "operator": null,
        "currency_IDR": null,
        "payment_electronic_purses": null,
        "motorcycle": null,
        "note": null,
        "name_1": "Gerbang Tol Kota Satelit",
        "Tanggal": "2023-06-30",
        "KM_Dari": 0,
        "KM_Sampai": 200,
        "Jalur": "Titik 4",
        "Lajur": "OR STLT",
        "Gerbang": "Titik 4",
        "Keterangan": "Scraping Filling AC WC",
        "KM_Asli_Dari": 0,
        "KM_Asli_Sampai": 20,
        "Lokasi_Titik": "Kota Satelit",
        "Dasar_Pemetaan": "Titik OR STLT"
      },
      "geometry": {
        "type": "Point",
        "coordinates": [
          112.7021747,
          -7.2899912
        ]
      }
    },
    {
      "type": "Feature",
      "properties": {
        "OBJECTID": 68,
        "F_id": "node/414269492",
        "barrier": "toll_booth",
        "name": "Gerbang Tol Kota Satelit",
        "operator": null,
        "currency_IDR": null,
        "payment_electronic_purses": null,
        "motorcycle": null,
        "note": null,
        "name_1": "Gerbang Tol Kota Satelit",
        "Tanggal": "2023-06-30",
        "KM_Dari": 0,
        "KM_Sampai": 200,
        "Jalur": "Titik 5",
        "Lajur": "OR STLT",
        "Gerbang": "Titik 5",
        "Keterangan": "Scraping Filling AC WC",
        "KM_Asli_Dari": 0,
        "KM_Asli_Sampai": 45,
        "Lokasi_Titik": "Kota Satelit",
        "Dasar_Pemetaan": "Titik OR STLT"
      },
      "geometry": {
        "type": "Point",
        "coordinates": [
          112.7021747,
          -7.2899912
        ]
      }
    },
    {
      "type": "Feature",
      "properties": {
        "OBJECTID": 69,
        "F_id": "node/414269492",
        "barrier": "toll_booth",
        "name": "Gerbang Tol Kota Satelit",
        "operator": null,
        "currency_IDR": null,
        "payment_electronic_purses": null,
        "motorcycle": null,
        "note": null,
        "name_1": "Gerbang Tol Kota Satelit",
        "Tanggal": "2023-06-30",
        "KM_Dari": 0,
        "KM_Sampai": 200,
        "Jalur": "Titik 6",
        "Lajur": "OR STLT",
        "Gerbang": "Titik 6",
        "Keterangan": "Scraping Filling AC WC",
        "KM_Asli_Dari": 0,
        "KM_Asli_Sampai": 10,
        "Lokasi_Titik": "Kota Satelit",
        "Dasar_Pemetaan": "Titik OR STLT"
      },
      "geometry": {
        "type": "Point",
        "coordinates": [
          112.7021747,
          -7.2899912
        ]
      }
    },
    {
      "type": "Feature",
      "properties": {
        "OBJECTID": 70,
        "F_id": "node/414269492",
        "barrier": "toll_booth",
        "name": "Gerbang Tol Kota Satelit",
        "operator": null,
        "currency_IDR": null,
        "payment_electronic_purses": null,
        "motorcycle": null,
        "note": null,
        "name_1": "Gerbang Tol Kota Satelit",
        "Tanggal": "2023-06-30",
        "KM_Dari": 0,
        "KM_Sampai": 200,
        "Jalur": "Titik 7",
        "Lajur": "OR STLT",
        "Gerbang": "Titik 7",
        "Keterangan": "Scraping Filling AC WC",
        "KM_Asli_Dari": 0,
        "KM_Asli_Sampai": 30,
        "Lokasi_Titik": "Kota Satelit",
        "Dasar_Pemetaan": "Titik OR STLT"
      },
      "geometry": {
        "type": "Point",
        "coordinates": [
          112.7021747,
          -7.2899912
        ]
      }
    },
    {
      "type": "Feature",
      "properties": {
        "OBJECTID": 71,
        "F_id": "node/414269492",
        "barrier": "toll_booth",
        "name": "Gerbang Tol Kota Satelit",
        "operator": null,
        "currency_IDR": null,
        "payment_electronic_purses": null,
        "motorcycle": null,
        "note": null,
        "name_1": "Gerbang Tol Kota Satelit",
        "Tanggal": "2023-06-30",
        "KM_Dari": 0,
        "KM_Sampai": 200,
        "Jalur": "Titik 8",
        "Lajur": "OR STLT",
        "Gerbang": "Titik 8",
        "Keterangan": "Scraping Filling AC WC",
        "KM_Asli_Dari": 0,
        "KM_Asli_Sampai": 20,
        "Lokasi_Titik": "Kota Satelit",
        "Dasar_Pemetaan": "Titik OR STLT"
      },
      "geometry": {
        "type": "Point",
        "coordinates": [
          112.7021747,
          -7.2899912
        ]
      }
    },
    {
      "type": "Feature",
      "properties": {
        "OBJECTID": 72,
        "F_id": "node/414269492",
        "barrier": "toll_booth",
        "name": "Gerbang Tol Kota Satelit",
        "operator": null,
        "currency_IDR": null,
        "payment_electronic_purses": null,
        "motorcycle": null,
        "note": null,
        "name_1": "Gerbang Tol Kota Satelit",
        "Tanggal": "2023-06-30",
        "KM_Dari": 0,
        "KM_Sampai": 200,
        "Jalur": "Titik 9",
        "Lajur": "OR STLT",
        "Gerbang": "Titik 9",
        "Keterangan": "Scraping Filling AC WC",
        "KM_Asli_Dari": 0,
        "KM_Asli_Sampai": 1,
        "Lokasi_Titik": "Kota Satelit",
        "Dasar_Pemetaan": "Titik OR STLT"
      },
      "geometry": {
        "type": "Point",
        "coordinates": [
          112.7021747,
          -7.2899912
        ]
      }
    },
    {
      "type": "Feature",
      "properties": {
        "OBJECTID": 73,
        "F_id": "node/414269492",
        "barrier": "toll_booth",
        "name": "Gerbang Tol Kota Satelit",
        "operator": null,
        "currency_IDR": null,
        "payment_electronic_purses": null,
        "motorcycle": null,
        "note": null,
        "name_1": "Gerbang Tol Kota Satelit",
        "Tanggal": "2024-05-29",
        "KM_Dari": 0,
        "KM_Sampai": 200,
        "Jalur": "OFF RAMP SATELIT B",
        "Lajur": "KIRI",
        "Gerbang": "OFF RAMP SATELIT B",
        "Keterangan": "Scraping Filling AC WC",
        "KM_Asli_Dari": 0,
        "KM_Asli_Sampai": 74,
        "Lokasi_Titik": "Kota Satelit",
        "Dasar_Pemetaan": "Satelit"
      },
      "geometry": {
        "type": "Point",
        "coordinates": [
          112.7021747,
          -7.2899912
        ]
      }
    },
    {
      "type": "Feature",
      "properties": {
        "OBJECTID": 74,
        "F_id": "node/414269492",
        "barrier": "toll_booth",
        "name": "Gerbang Tol Kota Satelit",
        "operator": null,
        "currency_IDR": null,
        "payment_electronic_purses": null,
        "motorcycle": null,
        "note": null,
        "name_1": "Gerbang Tol Kota Satelit",
        "Tanggal": "2024-05-29",
        "KM_Dari": 0,
        "KM_Sampai": 200,
        "Jalur": "OFF RAMP SATELIT B",
        "Lajur": "KIRI",
        "Gerbang": "OFF RAMP SATELIT B",
        "Keterangan": "Scraping Filling AC WC",
        "KM_Asli_Dari": 74,
        "KM_Asli_Sampai": 110,
        "Lokasi_Titik": "Kota Satelit",
        "Dasar_Pemetaan": "Satelit"
      },
      "geometry": {
        "type": "Point",
        "coordinates": [
          112.7021747,
          -7.2899912
        ]
      }
    },
    {
      "type": "Feature",
      "properties": {
        "OBJECTID": 75,
        "F_id": "node/414269492",
        "barrier": "toll_booth",
        "name": "Gerbang Tol Kota Satelit",
        "operator": null,
        "currency_IDR": null,
        "payment_electronic_purses": null,
        "motorcycle": null,
        "note": null,
        "name_1": "Gerbang Tol Kota Satelit",
        "Tanggal": "2024-05-30",
        "KM_Dari": 0,
        "KM_Sampai": 200,
        "Jalur": "TRANSISI OFFRAMP SATELIT B",
        "Lajur": "KANAN",
        "Gerbang": "TRANSISI OFFRAMP SATELIT B",
        "Keterangan": "Scraping Filling AC WC",
        "KM_Asli_Dari": 0,
        "KM_Asli_Sampai": 90,
        "Lokasi_Titik": "Kota Satelit",
        "Dasar_Pemetaan": "Satelit"
      },
      "geometry": {
        "type": "Point",
        "coordinates": [
          112.7021747,
          -7.2899912
        ]
      }
    },
    {
      "type": "Feature",
      "properties": {
        "OBJECTID": 76,
        "F_id": "node/414269492",
        "barrier": "toll_booth",
        "name": "Gerbang Tol Kota Satelit",
        "operator": null,
        "currency_IDR": null,
        "payment_electronic_purses": null,
        "motorcycle": null,
        "note": null,
        "name_1": "Gerbang Tol Kota Satelit",
        "Tanggal": "2024-05-30",
        "KM_Dari": 9400,
        "KM_Sampai": 9600,
        "Jalur": "TRANSISI OFFRAMP SATELIT B",
        "Lajur": "L1",
        "Gerbang": "TRANSISI OFFRAMP SATELIT B",
        "Keterangan": "Scraping Filling AC WC",
        "KM_Asli_Dari": 9460,
        "KM_Asli_Sampai": 9600,
        "Lokasi_Titik": "Kota Satelit",
        "Dasar_Pemetaan": "Satelit"
      },
      "geometry": {
        "type": "Point",
        "coordinates": [
          112.7021747,
          -7.2899912
        ]
      }
    },
    {
      "type": "Feature",
      "properties": {
        "OBJECTID": 77,
        "F_id": "node/414269492",
        "barrier": "toll_booth",
        "name": "Gerbang Tol Kota Satelit",
        "operator": null,
        "currency_IDR": null,
        "payment_electronic_purses": null,
        "motorcycle": null,
        "note": null,
        "name_1": "Gerbang Tol Kota Satelit",
        "Tanggal": "2024-05-30",
        "KM_Dari": 9600,
        "KM_Sampai": 9800,
        "Jalur": "TRANSISI OFFRAMP SATELIT B",
        "Lajur": "L1",
        "Gerbang": "TRANSISI OFFRAMP SATELIT B",
        "Keterangan": "Scraping Filling AC WC",
        "KM_Asli_Dari": 9600,
        "KM_Asli_Sampai": 9620,
        "Lokasi_Titik": "Kota Satelit",
        "Dasar_Pemetaan": "Satelit"
      },
      "geometry": {
        "type": "Point",
        "coordinates": [
          112.7021747,
          -7.2899912
        ]
      }
    },
    {
      "type": "Feature",
      "properties": {
        "OBJECTID": 78,
        "F_id": "node/414269492",
        "barrier": "toll_booth",
        "name": "Gerbang Tol Kota Satelit",
        "operator": null,
        "currency_IDR": null,
        "payment_electronic_purses": null,
        "motorcycle": null,
        "note": null,
        "name_1": "Gerbang Tol Kota Satelit",
        "Tanggal": "2025-07-04",
        "KM_Dari": 0,
        "KM_Sampai": 200,
        "Jalur": "On Ramp Kota Satelit",
        "Lajur": "L1",
        "Gerbang": "On Ramp Kota Satelit",
        "Keterangan": "Scraping Filling AC WC",
        "KM_Asli_Dari": 0,
        "KM_Asli_Sampai": 33,
        "Lokasi_Titik": "Kota Satelit",
        "Dasar_Pemetaan": "Satelit"
      },
      "geometry": {
        "type": "Point",
        "coordinates": [
          112.7021747,
          -7.2899912
        ]
      }
    },
    {
      "type": "Feature",
      "properties": {
        "OBJECTID": 79,
        "F_id": "node/414269492",
        "barrier": "toll_booth",
        "name": "Gerbang Tol Kota Satelit",
        "operator": null,
        "currency_IDR": null,
        "payment_electronic_purses": null,
        "motorcycle": null,
        "note": null,
        "name_1": "Gerbang Tol Kota Satelit",
        "Tanggal": "2025-07-04",
        "KM_Dari": 0,
        "KM_Sampai": 200,
        "Jalur": "On Ramp Kota Satelit",
        "Lajur": "L1",
        "Gerbang": "On Ramp Kota Satelit",
        "Keterangan": "Scraping Filling AC WC",
        "KM_Asli_Dari": 0,
        "KM_Asli_Sampai": 40,
        "Lokasi_Titik": "Kota Satelit",
        "Dasar_Pemetaan": "Satelit"
      },
      "geometry": {
        "type": "Point",
        "coordinates": [
          112.7021747,
          -7.2899912
        ]
      }
    },
    {
      "type": "Feature",
      "properties": {
        "OBJECTID": 80,
        "F_id": "node/414269492",
        "barrier": "toll_booth",
        "name": "Gerbang Tol Kota Satelit",
        "operator": null,
        "currency_IDR": null,
        "payment_electronic_purses": null,
        "motorcycle": null,
        "note": null,
        "name_1": "Gerbang Tol Kota Satelit",
        "Tanggal": "2025-07-04",
        "KM_Dari": 0,
        "KM_Sampai": 200,
        "Jalur": "On Ramp Kota Satelit",
        "Lajur": "L1",
        "Gerbang": "On Ramp Kota Satelit",
        "Keterangan": "Scraping Filling AC WC",
        "KM_Asli_Dari": 0,
        "KM_Asli_Sampai": 57,
        "Lokasi_Titik": "Kota Satelit",
        "Dasar_Pemetaan": "Satelit"
      },
      "geometry": {
        "type": "Point",
        "coordinates": [
          112.7021747,
          -7.2899912
        ]
      }
    },
    {
      "type": "Feature",
      "properties": {
        "OBJECTID": 81,
        "F_id": "node/414269492",
        "barrier": "toll_booth",
        "name": "Gerbang Tol Kota Satelit",
        "operator": null,
        "currency_IDR": null,
        "payment_electronic_purses": null,
        "motorcycle": null,
        "note": null,
        "name_1": "Gerbang Tol Kota Satelit",
        "Tanggal": "2025-08-23",
        "KM_Dari": 0,
        "KM_Sampai": 200,
        "Jalur": "On Ramp Satelit Setelah Gerbang",
        "Lajur": "-",
        "Gerbang": "On Ramp Satelit Setelah Gerbang",
        "Keterangan": "Scraping Filling AC WC",
        "KM_Asli_Dari": 0,
        "KM_Asli_Sampai": 189,
        "Lokasi_Titik": "Kota Satelit",
        "Dasar_Pemetaan": "Satelit"
      },
      "geometry": {
        "type": "Point",
        "coordinates": [
          112.7021747,
          -7.2899912
        ]
      }
    },
    {
      "type": "Feature",
      "properties": {
        "OBJECTID": 82,
        "F_id": "node/414269492",
        "barrier": "toll_booth",
        "name": "Gerbang Tol Kota Satelit",
        "operator": null,
        "currency_IDR": null,
        "payment_electronic_purses": null,
        "motorcycle": null,
        "note": null,
        "name_1": "Gerbang Tol Kota Satelit",
        "Tanggal": "2025-08-25",
        "KM_Dari": 0,
        "KM_Sampai": 200,
        "Jalur": "On Ramp Satelit Setelah Gerbang (Lanjutan)",
        "Lajur": "-",
        "Gerbang": "On Ramp Satelit Setelah Gerbang (Lanjutan)",
        "Keterangan": "Scraping Filling AC WC",
        "KM_Asli_Dari": 0,
        "KM_Asli_Sampai": 110,
        "Lokasi_Titik": "Kota Satelit",
        "Dasar_Pemetaan": "Satelit"
      },
      "geometry": {
        "type": "Point",
        "coordinates": [
          112.7021747,
          -7.2899912
        ]
      }
    },
    {
      "type": "Feature",
      "properties": {
        "OBJECTID": 83,
        "F_id": "node/414269492",
        "barrier": "toll_booth",
        "name": "Gerbang Tol Kota Satelit",
        "operator": null,
        "currency_IDR": null,
        "payment_electronic_purses": null,
        "motorcycle": null,
        "note": null,
        "name_1": "Gerbang Tol Kota Satelit",
        "Tanggal": "2025-08-26",
        "KM_Dari": 0,
        "KM_Sampai": 200,
        "Jalur": "Off Ramp Satelit dari arah Gunung Sari",
        "Lajur": "-",
        "Gerbang": "Off Ramp Satelit dari arah Gunung Sari",
        "Keterangan": "Scraping Filling AC WC",
        "KM_Asli_Dari": 0,
        "KM_Asli_Sampai": 46,
        "Lokasi_Titik": "Kota Satelit",
        "Dasar_Pemetaan": "Satelit"
      },
      "geometry": {
        "type": "Point",
        "coordinates": [
          112.7021747,
          -7.2899912
        ]
      }
    },
    {
      "type": "Feature",
      "properties": {
        "OBJECTID": 84,
        "F_id": "node/414269492",
        "barrier": "toll_booth",
        "name": "Gerbang Tol Kota Satelit",
        "operator": null,
        "currency_IDR": null,
        "payment_electronic_purses": null,
        "motorcycle": null,
        "note": null,
        "name_1": "Gerbang Tol Kota Satelit",
        "Tanggal": "2025-08-26",
        "KM_Dari": 0,
        "KM_Sampai": 200,
        "Jalur": "Off Ramp Satelit dari arah Gunung Sari",
        "Lajur": "-",
        "Gerbang": "Off Ramp Satelit dari arah Gunung Sari",
        "Keterangan": "Scraping Filling AC WC",
        "KM_Asli_Dari": 0,
        "KM_Asli_Sampai": 80,
        "Lokasi_Titik": "Kota Satelit",
        "Dasar_Pemetaan": "Satelit"
      },
      "geometry": {
        "type": "Point",
        "coordinates": [
          112.7021747,
          -7.2899912
        ]
      }
    },
    {
      "type": "Feature",
      "properties": {
        "OBJECTID": 85,
        "F_id": "node/414269492",
        "barrier": "toll_booth",
        "name": "Gerbang Tol Kota Satelit",
        "operator": null,
        "currency_IDR": null,
        "payment_electronic_purses": null,
        "motorcycle": null,
        "note": null,
        "name_1": "Gerbang Tol Kota Satelit",
        "Tanggal": "2025-08-26",
        "KM_Dari": 0,
        "KM_Sampai": 200,
        "Jalur": "Off Ramp Satelit dari arah Gunung Sari",
        "Lajur": "-",
        "Gerbang": "Off Ramp Satelit dari arah Gunung Sari",
        "Keterangan": "Scraping Filling AC WC",
        "KM_Asli_Dari": 0,
        "KM_Asli_Sampai": 120,
        "Lokasi_Titik": "Kota Satelit",
        "Dasar_Pemetaan": "Satelit"
      },
      "geometry": {
        "type": "Point",
        "coordinates": [
          112.7021747,
          -7.2899912
        ]
      }
    },
    {
      "type": "Feature",
      "properties": {
        "OBJECTID": 86,
        "F_id": "node/414269492",
        "barrier": "toll_booth",
        "name": "Gerbang Tol Kota Satelit",
        "operator": null,
        "currency_IDR": null,
        "payment_electronic_purses": null,
        "motorcycle": null,
        "note": null,
        "name_1": "Gerbang Tol Kota Satelit",
        "Tanggal": "2025-08-28",
        "KM_Dari": 0,
        "KM_Sampai": 200,
        "Jalur": "Off Ramp Satelit dari arah Gunung Sari",
        "Lajur": "-",
        "Gerbang": "Off Ramp Satelit dari arah Gunung Sari",
        "Keterangan": "Scraping Filling AC WC",
        "KM_Asli_Dari": 0,
        "KM_Asli_Sampai": 30,
        "Lokasi_Titik": "Kota Satelit",
        "Dasar_Pemetaan": "Satelit"
      },
      "geometry": {
        "type": "Point",
        "coordinates": [
          112.7021747,
          -7.2899912
        ]
      }
    },
    {
      "type": "Feature",
      "properties": {
        "OBJECTID": 87,
        "F_id": "node/414269492",
        "barrier": "toll_booth",
        "name": "Gerbang Tol Kota Satelit",
        "operator": null,
        "currency_IDR": null,
        "payment_electronic_purses": null,
        "motorcycle": null,
        "note": null,
        "name_1": "Gerbang Tol Kota Satelit",
        "Tanggal": "2025-08-28",
        "KM_Dari": 0,
        "KM_Sampai": 200,
        "Jalur": "Off Ramp Satelit dari arah Gunung Sari",
        "Lajur": "-",
        "Gerbang": "Off Ramp Satelit dari arah Gunung Sari",
        "Keterangan": "Scraping Filling AC WC",
        "KM_Asli_Dari": 0,
        "KM_Asli_Sampai": 175,
        "Lokasi_Titik": "Kota Satelit",
        "Dasar_Pemetaan": "Satelit"
      },
      "geometry": {
        "type": "Point",
        "coordinates": [
          112.7021747,
          -7.2899912
        ]
      }
    },
    {
      "type": "Feature",
      "properties": {
        "OBJECTID": 88,
        "F_id": "node/414269492",
        "barrier": "toll_booth",
        "name": "Gerbang Tol Kota Satelit",
        "operator": null,
        "currency_IDR": null,
        "payment_electronic_purses": null,
        "motorcycle": null,
        "note": null,
        "name_1": "Gerbang Tol Kota Satelit",
        "Tanggal": "2025-08-29",
        "KM_Dari": 0,
        "KM_Sampai": 200,
        "Jalur": "Off Ramp Satelit Lanjutan",
        "Lajur": "-",
        "Gerbang": "Off Ramp Satelit Lanjutan",
        "Keterangan": "Scraping Filling AC WC",
        "KM_Asli_Dari": 0,
        "KM_Asli_Sampai": 200,
        "Lokasi_Titik": "Kota Satelit",
        "Dasar_Pemetaan": "Satelit"
      },
      "geometry": {
        "type": "Point",
        "coordinates": [
          112.7021747,
          -7.2899912
        ]
      }
    },
    {
      "type": "Feature",
      "properties": {
        "OBJECTID": 89,
        "F_id": "node/414269492",
        "barrier": "toll_booth",
        "name": "Gerbang Tol Kota Satelit",
        "operator": null,
        "currency_IDR": null,
        "payment_electronic_purses": null,
        "motorcycle": null,
        "note": null,
        "name_1": "Gerbang Tol Kota Satelit",
        "Tanggal": "2025-08-29",
        "KM_Dari": 200,
        "KM_Sampai": 400,
        "Jalur": "Off Ramp Satelit Lanjutan",
        "Lajur": "-",
        "Gerbang": "Off Ramp Satelit Lanjutan",
        "Keterangan": "Scraping Filling AC WC",
        "KM_Asli_Dari": 200,
        "KM_Asli_Sampai": 260,
        "Lokasi_Titik": "Kota Satelit",
        "Dasar_Pemetaan": "Satelit"
      },
      "geometry": {
        "type": "Point",
        "coordinates": [
          112.7021747,
          -7.2899912
        ]
      }
    },
    {
      "type": "Feature",
      "properties": {
        "OBJECTID": 90,
        "F_id": "node/414269492",
        "barrier": "toll_booth",
        "name": "Gerbang Tol Kota Satelit",
        "operator": null,
        "currency_IDR": null,
        "payment_electronic_purses": null,
        "motorcycle": null,
        "note": null,
        "name_1": "Gerbang Tol Kota Satelit",
        "Tanggal": "2025-08-30",
        "KM_Dari": 0,
        "KM_Sampai": 200,
        "Jalur": "Off Ramp Satelit Lanjutan",
        "Lajur": "-",
        "Gerbang": "Off Ramp Satelit Lanjutan",
        "Keterangan": "Scraping Filling AC BC",
        "KM_Asli_Dari": 0,
        "KM_Asli_Sampai": 139,
        "Lokasi_Titik": "Kota Satelit",
        "Dasar_Pemetaan": "Satelit"
      },
      "geometry": {
        "type": "Point",
        "coordinates": [
          112.7021747,
          -7.2899912
        ]
      }
    },
    {
      "type": "Feature",
      "properties": {
        "OBJECTID": 91,
        "F_id": "node/414269492",
        "barrier": "toll_booth",
        "name": "Gerbang Tol Kota Satelit",
        "operator": null,
        "currency_IDR": null,
        "payment_electronic_purses": null,
        "motorcycle": null,
        "note": null,
        "name_1": "Gerbang Tol Kota Satelit",
        "Tanggal": "2025-08-30",
        "KM_Dari": 0,
        "KM_Sampai": 200,
        "Jalur": "On Ramp Satelit Lanjutan",
        "Lajur": "-",
        "Gerbang": "On Ramp Satelit Lanjutan",
        "Keterangan": "Scraping Filling AC WC",
        "KM_Asli_Dari": 0,
        "KM_Asli_Sampai": 75,
        "Lokasi_Titik": "Kota Satelit",
        "Dasar_Pemetaan": "Satelit"
      },
      "geometry": {
        "type": "Point",
        "coordinates": [
          112.7021747,
          -7.2899912
        ]
      }
    },
    {
      "type": "Feature",
      "properties": {
        "OBJECTID": 92,
        "F_id": "node/414269492",
        "barrier": "toll_booth",
        "name": "Gerbang Tol Kota Satelit",
        "operator": null,
        "currency_IDR": null,
        "payment_electronic_purses": null,
        "motorcycle": null,
        "note": null,
        "name_1": "Gerbang Tol Kota Satelit",
        "Tanggal": "2025-08-30",
        "KM_Dari": 0,
        "KM_Sampai": 200,
        "Jalur": "On Ramp Satelit Lanjutan",
        "Lajur": "-",
        "Gerbang": "On Ramp Satelit Lanjutan",
        "Keterangan": "Scraping Filling AC BC",
        "KM_Asli_Dari": 0,
        "KM_Asli_Sampai": 97,
        "Lokasi_Titik": "Kota Satelit",
        "Dasar_Pemetaan": "Satelit"
      },
      "geometry": {
        "type": "Point",
        "coordinates": [
          112.7021747,
          -7.2899912
        ]
      }
    },
    {
      "type": "Feature",
      "properties": {
        "OBJECTID": 93,
        "F_id": "node/414269492",
        "barrier": "toll_booth",
        "name": "Gerbang Tol Kota Satelit",
        "operator": null,
        "currency_IDR": null,
        "payment_electronic_purses": null,
        "motorcycle": null,
        "note": null,
        "name_1": "Gerbang Tol Kota Satelit",
        "Tanggal": "2025-09-01",
        "KM_Dari": 0,
        "KM_Sampai": 200,
        "Jalur": "On Ramp Satelit arah Perak",
        "Lajur": "-",
        "Gerbang": "On Ramp Satelit arah Perak",
        "Keterangan": "Scraping Filling AC WC",
        "KM_Asli_Dari": 0,
        "KM_Asli_Sampai": 93,
        "Lokasi_Titik": "Kota Satelit",
        "Dasar_Pemetaan": "Satelit"
      },
      "geometry": {
        "type": "Point",
        "coordinates": [
          112.7021747,
          -7.2899912
        ]
      }
    },
    {
      "type": "Feature",
      "properties": {
        "OBJECTID": 94,
        "F_id": "node/414269492",
        "barrier": "toll_booth",
        "name": "Gerbang Tol Kota Satelit",
        "operator": null,
        "currency_IDR": null,
        "payment_electronic_purses": null,
        "motorcycle": null,
        "note": null,
        "name_1": "Gerbang Tol Kota Satelit",
        "Tanggal": "2025-09-01",
        "KM_Dari": 0,
        "KM_Sampai": 200,
        "Jalur": "On Ramp Satelit arah Perak",
        "Lajur": "-",
        "Gerbang": "On Ramp Satelit arah Perak",
        "Keterangan": "Scraping Filling AC WC",
        "KM_Asli_Dari": 0,
        "KM_Asli_Sampai": 94,
        "Lokasi_Titik": "Kota Satelit",
        "Dasar_Pemetaan": "Satelit"
      },
      "geometry": {
        "type": "Point",
        "coordinates": [
          112.7021747,
          -7.2899912
        ]
      }
    },
    {
      "type": "Feature",
      "properties": {
        "OBJECTID": 95,
        "F_id": "node/414269492",
        "barrier": "toll_booth",
        "name": "Gerbang Tol Kota Satelit",
        "operator": null,
        "currency_IDR": null,
        "payment_electronic_purses": null,
        "motorcycle": null,
        "note": null,
        "name_1": "Gerbang Tol Kota Satelit",
        "Tanggal": "2025-09-02",
        "KM_Dari": 0,
        "KM_Sampai": 200,
        "Jalur": "On Ramp Satelit arah Perak (Bahu)",
        "Lajur": "-",
        "Gerbang": "On Ramp Satelit arah Perak (Bahu)",
        "Keterangan": "Scraping Filling AC BC",
        "KM_Asli_Dari": 0,
        "KM_Asli_Sampai": 94,
        "Lokasi_Titik": "Kota Satelit",
        "Dasar_Pemetaan": "Satelit"
      },
      "geometry": {
        "type": "Point",
        "coordinates": [
          112.7021747,
          -7.2899912
        ]
      }
    },
    {
      "type": "Feature",
      "properties": {
        "OBJECTID": 96,
        "F_id": "node/414269492",
        "barrier": "toll_booth",
        "name": "Gerbang Tol Kota Satelit",
        "operator": null,
        "currency_IDR": null,
        "payment_electronic_purses": null,
        "motorcycle": null,
        "note": null,
        "name_1": "Gerbang Tol Kota Satelit",
        "Tanggal": "2025-09-02",
        "KM_Dari": 0,
        "KM_Sampai": 200,
        "Jalur": "On Ramp Satelit arah Perak (Bahu)",
        "Lajur": "-",
        "Gerbang": "On Ramp Satelit arah Perak (Bahu)",
        "Keterangan": "Scraping Filling AC BC",
        "KM_Asli_Dari": 0,
        "KM_Asli_Sampai": 94,
        "Lokasi_Titik": "Kota Satelit",
        "Dasar_Pemetaan": "Satelit"
      },
      "geometry": {
        "type": "Point",
        "coordinates": [
          112.7021747,
          -7.2899912
        ]
      }
    },
    {
      "type": "Feature",
      "properties": {
        "OBJECTID": 97,
        "F_id": "node/414269492",
        "barrier": "toll_booth",
        "name": "Gerbang Tol Kota Satelit",
        "operator": null,
        "currency_IDR": null,
        "payment_electronic_purses": null,
        "motorcycle": null,
        "note": null,
        "name_1": "Gerbang Tol Kota Satelit",
        "Tanggal": "2025-09-03",
        "KM_Dari": 0,
        "KM_Sampai": 200,
        "Jalur": "On Ramp Satelit arah Perak (Bahu) Lanjutan",
        "Lajur": "-",
        "Gerbang": "On Ramp Satelit arah Perak (Bahu) Lanjutan",
        "Keterangan": "Scraping Filling AC BC",
        "KM_Asli_Dari": 0,
        "KM_Asli_Sampai": 200,
        "Lokasi_Titik": "Kota Satelit",
        "Dasar_Pemetaan": "Satelit"
      },
      "geometry": {
        "type": "Point",
        "coordinates": [
          112.7021747,
          -7.2899912
        ]
      }
    },
    {
      "type": "Feature",
      "properties": {
        "OBJECTID": 98,
        "F_id": "node/414269492",
        "barrier": "toll_booth",
        "name": "Gerbang Tol Kota Satelit",
        "operator": null,
        "currency_IDR": null,
        "payment_electronic_purses": null,
        "motorcycle": null,
        "note": null,
        "name_1": "Gerbang Tol Kota Satelit",
        "Tanggal": "2025-09-03",
        "KM_Dari": 200,
        "KM_Sampai": 400,
        "Jalur": "On Ramp Satelit arah Perak (Bahu) Lanjutan",
        "Lajur": "-",
        "Gerbang": "On Ramp Satelit arah Perak (Bahu) Lanjutan",
        "Keterangan": "Scraping Filling AC BC",
        "KM_Asli_Dari": 200,
        "KM_Asli_Sampai": 263,
        "Lokasi_Titik": "Kota Satelit",
        "Dasar_Pemetaan": "Satelit"
      },
      "geometry": {
        "type": "Point",
        "coordinates": [
          112.7021747,
          -7.2899912
        ]
      }
    },
    {
      "type": "Feature",
      "properties": {
        "OBJECTID": 99,
        "F_id": "node/414269492",
        "barrier": "toll_booth",
        "name": "Gerbang Tol Kota Satelit",
        "operator": null,
        "currency_IDR": null,
        "payment_electronic_purses": null,
        "motorcycle": null,
        "note": null,
        "name_1": "Gerbang Tol Kota Satelit",
        "Tanggal": "2025-09-04",
        "KM_Dari": 0,
        "KM_Sampai": 200,
        "Jalur": "On Ramp Satelit arah Perak Lanjutan",
        "Lajur": "-",
        "Gerbang": "On Ramp Satelit arah Perak Lanjutan",
        "Keterangan": "Scraping Filling AC WC",
        "KM_Asli_Dari": 0,
        "KM_Asli_Sampai": 200,
        "Lokasi_Titik": "Kota Satelit",
        "Dasar_Pemetaan": "Satelit"
      },
      "geometry": {
        "type": "Point",
        "coordinates": [
          112.7021747,
          -7.2899912
        ]
      }
    },
    {
      "type": "Feature",
      "properties": {
        "OBJECTID": 100,
        "F_id": "node/414269492",
        "barrier": "toll_booth",
        "name": "Gerbang Tol Kota Satelit",
        "operator": null,
        "currency_IDR": null,
        "payment_electronic_purses": null,
        "motorcycle": null,
        "note": null,
        "name_1": "Gerbang Tol Kota Satelit",
        "Tanggal": "2025-09-04",
        "KM_Dari": 200,
        "KM_Sampai": 400,
        "Jalur": "On Ramp Satelit arah Perak Lanjutan",
        "Lajur": "-",
        "Gerbang": "On Ramp Satelit arah Perak Lanjutan",
        "Keterangan": "Scraping Filling AC WC",
        "KM_Asli_Dari": 200,
        "KM_Asli_Sampai": 264,
        "Lokasi_Titik": "Kota Satelit",
        "Dasar_Pemetaan": "Satelit"
      },
      "geometry": {
        "type": "Point",
        "coordinates": [
          112.7021747,
          -7.2899912
        ]
      }
    },
    {
      "type": "Feature",
      "properties": {
        "OBJECTID": 101,
        "F_id": "node/414269492",
        "barrier": "toll_booth",
        "name": "Gerbang Tol Kota Satelit",
        "operator": null,
        "currency_IDR": null,
        "payment_electronic_purses": null,
        "motorcycle": null,
        "note": null,
        "name_1": "Gerbang Tol Kota Satelit",
        "Tanggal": "2026-01-01",
        "KM_Dari": 0,
        "KM_Sampai": 200,
        "Jalur": "B",
        "Lajur": "On ramp Satelit arah perak (Bahu Jalan)",
        "Gerbang": "B",
        "Keterangan": "Scrapping Filling",
        "KM_Asli_Dari": 0,
        "KM_Asli_Sampai": 200,
        "Lokasi_Titik": "Kota Satelit",
        "Dasar_Pemetaan": "Satelit"
      },
      "geometry": {
        "type": "Point",
        "coordinates": [
          112.7021747,
          -7.2899912
        ]
      }
    },
    {
      "type": "Feature",
      "properties": {
        "OBJECTID": 102,
        "F_id": "node/414269492",
        "barrier": "toll_booth",
        "name": "Gerbang Tol Kota Satelit",
        "operator": null,
        "currency_IDR": null,
        "payment_electronic_purses": null,
        "motorcycle": null,
        "note": null,
        "name_1": "Gerbang Tol Kota Satelit",
        "Tanggal": "2026-01-01",
        "KM_Dari": 200,
        "KM_Sampai": 400,
        "Jalur": "B",
        "Lajur": "On ramp Satelit arah perak (Bahu Jalan)",
        "Gerbang": "B",
        "Keterangan": "Scrapping Filling",
        "KM_Asli_Dari": 200,
        "KM_Asli_Sampai": 300,
        "Lokasi_Titik": "Kota Satelit",
        "Dasar_Pemetaan": "Satelit"
      },
      "geometry": {
        "type": "Point",
        "coordinates": [
          112.7021747,
          -7.2899912
        ]
      }
    },
    {
      "type": "Feature",
      "properties": {
        "OBJECTID": 103,
        "F_id": "node/420957767",
        "barrier": "toll_booth",
        "name": "Gerbang Tol Gunung Sari 2",
        "operator": null,
        "currency_IDR": null,
        "payment_electronic_purses": null,
        "motorcycle": null,
        "note": null,
        "name_1": "Gerbang Tol Gunung Sari 2",
        "Tanggal": "2022-06-18",
        "KM_Dari": 0,
        "KM_Sampai": 200,
        "Jalur": "B",
        "Lajur": "OnR GS2 sblm Grbg",
        "Gerbang": "B",
        "Keterangan": "Scraping Filling AC WC",
        "KM_Asli_Dari": 0,
        "KM_Asli_Sampai": 130,
        "Lokasi_Titik": "Gunung Sari 2",
        "Dasar_Pemetaan": "Gunung Sari 2"
      },
      "geometry": {
        "type": "Point",
        "coordinates": [
          112.7080013,
          -7.3098515
        ]
      }
    },
    {
      "type": "Feature",
      "properties": {
        "OBJECTID": 104,
        "F_id": "node/420957767",
        "barrier": "toll_booth",
        "name": "Gerbang Tol Gunung Sari 2",
        "operator": null,
        "currency_IDR": null,
        "payment_electronic_purses": null,
        "motorcycle": null,
        "note": null,
        "name_1": "Gerbang Tol Gunung Sari 2",
        "Tanggal": "2022-06-18",
        "KM_Dari": 0,
        "KM_Sampai": 200,
        "Jalur": "B",
        "Lajur": "OnR GS2 sblm Grbg",
        "Gerbang": "B",
        "Keterangan": "Scraping Filling AC WC",
        "KM_Asli_Dari": 10,
        "KM_Asli_Sampai": 130,
        "Lokasi_Titik": "Gunung Sari 2",
        "Dasar_Pemetaan": "Gunung Sari 2"
      },
      "geometry": {
        "type": "Point",
        "coordinates": [
          112.7080013,
          -7.3098515
        ]
      }
    },
    {
      "type": "Feature",
      "properties": {
        "OBJECTID": 105,
        "F_id": "node/420957767",
        "barrier": "toll_booth",
        "name": "Gerbang Tol Gunung Sari 2",
        "operator": null,
        "currency_IDR": null,
        "payment_electronic_purses": null,
        "motorcycle": null,
        "note": null,
        "name_1": "Gerbang Tol Gunung Sari 2",
        "Tanggal": "2022-06-18",
        "KM_Dari": 0,
        "KM_Sampai": 200,
        "Jalur": "B",
        "Lajur": "OnR GS2 sblm Grbg",
        "Gerbang": "B",
        "Keterangan": "Scraping Filling AC WC",
        "KM_Asli_Dari": 130,
        "KM_Asli_Sampai": 168,
        "Lokasi_Titik": "Gunung Sari 2",
        "Dasar_Pemetaan": "Gunung Sari 2"
      },
      "geometry": {
        "type": "Point",
        "coordinates": [
          112.7080013,
          -7.3098515
        ]
      }
    },
    {
      "type": "Feature",
      "properties": {
        "OBJECTID": 106,
        "F_id": "node/420957767",
        "barrier": "toll_booth",
        "name": "Gerbang Tol Gunung Sari 2",
        "operator": null,
        "currency_IDR": null,
        "payment_electronic_purses": null,
        "motorcycle": null,
        "note": null,
        "name_1": "Gerbang Tol Gunung Sari 2",
        "Tanggal": "2022-06-18",
        "KM_Dari": 0,
        "KM_Sampai": 200,
        "Jalur": "B",
        "Lajur": "OnR GS2 sblm Grbg",
        "Gerbang": "B",
        "Keterangan": "Scraping Filling AC WC",
        "KM_Asli_Dari": 130,
        "KM_Asli_Sampai": 168,
        "Lokasi_Titik": "Gunung Sari 2",
        "Dasar_Pemetaan": "Gunung Sari 2"
      },
      "geometry": {
        "type": "Point",
        "coordinates": [
          112.7080013,
          -7.3098515
        ]
      }
    },
    {
      "type": "Feature",
      "properties": {
        "OBJECTID": 107,
        "F_id": "node/420957767",
        "barrier": "toll_booth",
        "name": "Gerbang Tol Gunung Sari 2",
        "operator": null,
        "currency_IDR": null,
        "payment_electronic_purses": null,
        "motorcycle": null,
        "note": null,
        "name_1": "Gerbang Tol Gunung Sari 2",
        "Tanggal": "2022-06-18",
        "KM_Dari": 0,
        "KM_Sampai": 200,
        "Jalur": "B",
        "Lajur": "OnR GS2 sblm Grbg",
        "Gerbang": "B",
        "Keterangan": "Scraping Filling AC WC",
        "KM_Asli_Dari": 168,
        "KM_Asli_Sampai": 200,
        "Lokasi_Titik": "Gunung Sari 2",
        "Dasar_Pemetaan": "Gunung Sari 2"
      },
      "geometry": {
        "type": "Point",
        "coordinates": [
          112.7080013,
          -7.3098515
        ]
      }
    },
    {
      "type": "Feature",
      "properties": {
        "OBJECTID": 108,
        "F_id": "node/420957767",
        "barrier": "toll_booth",
        "name": "Gerbang Tol Gunung Sari 2",
        "operator": null,
        "currency_IDR": null,
        "payment_electronic_purses": null,
        "motorcycle": null,
        "note": null,
        "name_1": "Gerbang Tol Gunung Sari 2",
        "Tanggal": "2022-06-18",
        "KM_Dari": 200,
        "KM_Sampai": 400,
        "Jalur": "B",
        "Lajur": "OnR GS2 sblm Grbg",
        "Gerbang": "B",
        "Keterangan": "Scraping Filling AC WC",
        "KM_Asli_Dari": 200,
        "KM_Asli_Sampai": 213,
        "Lokasi_Titik": "Gunung Sari 2",
        "Dasar_Pemetaan": "Gunung Sari 2"
      },
      "geometry": {
        "type": "Point",
        "coordinates": [
          112.7080013,
          -7.3098515
        ]
      }
    },
    {
      "type": "Feature",
      "properties": {
        "OBJECTID": 109,
        "F_id": "node/420957767",
        "barrier": "toll_booth",
        "name": "Gerbang Tol Gunung Sari 2",
        "operator": null,
        "currency_IDR": null,
        "payment_electronic_purses": null,
        "motorcycle": null,
        "note": null,
        "name_1": "Gerbang Tol Gunung Sari 2",
        "Tanggal": "2022-06-20",
        "KM_Dari": 0,
        "KM_Sampai": 200,
        "Jalur": "B",
        "Lajur": "OnR L GS2 stlh Grbg",
        "Gerbang": "B",
        "Keterangan": "Scraping Filling AC WC",
        "KM_Asli_Dari": 0,
        "KM_Asli_Sampai": 60,
        "Lokasi_Titik": "Gunung Sari 2",
        "Dasar_Pemetaan": "Gunung Sari 2"
      },
      "geometry": {
        "type": "Point",
        "coordinates": [
          112.7080013,
          -7.3098515
        ]
      }
    },
    {
      "type": "Feature",
      "properties": {
        "OBJECTID": 110,
        "F_id": "node/420957767",
        "barrier": "toll_booth",
        "name": "Gerbang Tol Gunung Sari 2",
        "operator": null,
        "currency_IDR": null,
        "payment_electronic_purses": null,
        "motorcycle": null,
        "note": null,
        "name_1": "Gerbang Tol Gunung Sari 2",
        "Tanggal": "2022-06-20",
        "KM_Dari": 0,
        "KM_Sampai": 200,
        "Jalur": "B",
        "Lajur": "OnR L GS2 stlh Grbg",
        "Gerbang": "B",
        "Keterangan": "Scraping Filling AC WC",
        "KM_Asli_Dari": 60,
        "KM_Asli_Sampai": 160,
        "Lokasi_Titik": "Gunung Sari 2",
        "Dasar_Pemetaan": "Gunung Sari 2"
      },
      "geometry": {
        "type": "Point",
        "coordinates": [
          112.7080013,
          -7.3098515
        ]
      }
    },
    {
      "type": "Feature",
      "properties": {
        "OBJECTID": 111,
        "F_id": "node/420957767",
        "barrier": "toll_booth",
        "name": "Gerbang Tol Gunung Sari 2",
        "operator": null,
        "currency_IDR": null,
        "payment_electronic_purses": null,
        "motorcycle": null,
        "note": null,
        "name_1": "Gerbang Tol Gunung Sari 2",
        "Tanggal": "2022-06-20",
        "KM_Dari": 0,
        "KM_Sampai": 200,
        "Jalur": "B",
        "Lajur": "OnR L GS2 stlh Grbg",
        "Gerbang": "B",
        "Keterangan": "Scraping Filling AC WC",
        "KM_Asli_Dari": 160,
        "KM_Asli_Sampai": 200,
        "Lokasi_Titik": "Gunung Sari 2",
        "Dasar_Pemetaan": "Gunung Sari 2"
      },
      "geometry": {
        "type": "Point",
        "coordinates": [
          112.7080013,
          -7.3098515
        ]
      }
    },
    {
      "type": "Feature",
      "properties": {
        "OBJECTID": 112,
        "F_id": "node/420957767",
        "barrier": "toll_booth",
        "name": "Gerbang Tol Gunung Sari 2",
        "operator": null,
        "currency_IDR": null,
        "payment_electronic_purses": null,
        "motorcycle": null,
        "note": null,
        "name_1": "Gerbang Tol Gunung Sari 2",
        "Tanggal": "2022-06-20",
        "KM_Dari": 200,
        "KM_Sampai": 400,
        "Jalur": "B",
        "Lajur": "OnR L GS2 stlh Grbg",
        "Gerbang": "B",
        "Keterangan": "Scraping Filling AC WC",
        "KM_Asli_Dari": 200,
        "KM_Asli_Sampai": 269,
        "Lokasi_Titik": "Gunung Sari 2",
        "Dasar_Pemetaan": "Gunung Sari 2"
      },
      "geometry": {
        "type": "Point",
        "coordinates": [
          112.7080013,
          -7.3098515
        ]
      }
    },
    {
      "type": "Feature",
      "properties": {
        "OBJECTID": 113,
        "F_id": "node/420957767",
        "barrier": "toll_booth",
        "name": "Gerbang Tol Gunung Sari 2",
        "operator": null,
        "currency_IDR": null,
        "payment_electronic_purses": null,
        "motorcycle": null,
        "note": null,
        "name_1": "Gerbang Tol Gunung Sari 2",
        "Tanggal": "2022-06-21",
        "KM_Dari": 0,
        "KM_Sampai": 200,
        "Jalur": "B",
        "Lajur": "OnR R GS2 stlh Grbg",
        "Gerbang": "B",
        "Keterangan": "Scraping Filling AC WC",
        "KM_Asli_Dari": 0,
        "KM_Asli_Sampai": 30,
        "Lokasi_Titik": "Gunung Sari 2",
        "Dasar_Pemetaan": "Gunung Sari 2"
      },
      "geometry": {
        "type": "Point",
        "coordinates": [
          112.7080013,
          -7.3098515
        ]
      }
    },
    {
      "type": "Feature",
      "properties": {
        "OBJECTID": 114,
        "F_id": "node/420957767",
        "barrier": "toll_booth",
        "name": "Gerbang Tol Gunung Sari 2",
        "operator": null,
        "currency_IDR": null,
        "payment_electronic_purses": null,
        "motorcycle": null,
        "note": null,
        "name_1": "Gerbang Tol Gunung Sari 2",
        "Tanggal": "2022-06-21",
        "KM_Dari": 0,
        "KM_Sampai": 200,
        "Jalur": "B",
        "Lajur": "OnR R GS2 stlh Grbg",
        "Gerbang": "B",
        "Keterangan": "Scraping Filling AC WC",
        "KM_Asli_Dari": 30,
        "KM_Asli_Sampai": 70,
        "Lokasi_Titik": "Gunung Sari 2",
        "Dasar_Pemetaan": "Gunung Sari 2"
      },
      "geometry": {
        "type": "Point",
        "coordinates": [
          112.7080013,
          -7.3098515
        ]
      }
    },
    {
      "type": "Feature",
      "properties": {
        "OBJECTID": 115,
        "F_id": "node/420957767",
        "barrier": "toll_booth",
        "name": "Gerbang Tol Gunung Sari 2",
        "operator": null,
        "currency_IDR": null,
        "payment_electronic_purses": null,
        "motorcycle": null,
        "note": null,
        "name_1": "Gerbang Tol Gunung Sari 2",
        "Tanggal": "2022-06-21",
        "KM_Dari": 0,
        "KM_Sampai": 200,
        "Jalur": "B",
        "Lajur": "OnR R GS2 stlh Grbg",
        "Gerbang": "B",
        "Keterangan": "Scraping Filling AC WC",
        "KM_Asli_Dari": 70,
        "KM_Asli_Sampai": 140,
        "Lokasi_Titik": "Gunung Sari 2",
        "Dasar_Pemetaan": "Gunung Sari 2"
      },
      "geometry": {
        "type": "Point",
        "coordinates": [
          112.7080013,
          -7.3098515
        ]
      }
    },
    {
      "type": "Feature",
      "properties": {
        "OBJECTID": 116,
        "F_id": "node/420957767",
        "barrier": "toll_booth",
        "name": "Gerbang Tol Gunung Sari 2",
        "operator": null,
        "currency_IDR": null,
        "payment_electronic_purses": null,
        "motorcycle": null,
        "note": null,
        "name_1": "Gerbang Tol Gunung Sari 2",
        "Tanggal": "2022-06-21",
        "KM_Dari": 0,
        "KM_Sampai": 200,
        "Jalur": "B",
        "Lajur": "OnR R GS2 stlh Grbg",
        "Gerbang": "B",
        "Keterangan": "Scraping Filling AC WC",
        "KM_Asli_Dari": 140,
        "KM_Asli_Sampai": 200,
        "Lokasi_Titik": "Gunung Sari 2",
        "Dasar_Pemetaan": "Gunung Sari 2"
      },
      "geometry": {
        "type": "Point",
        "coordinates": [
          112.7080013,
          -7.3098515
        ]
      }
    },
    {
      "type": "Feature",
      "properties": {
        "OBJECTID": 117,
        "F_id": "node/420957767",
        "barrier": "toll_booth",
        "name": "Gerbang Tol Gunung Sari 2",
        "operator": null,
        "currency_IDR": null,
        "payment_electronic_purses": null,
        "motorcycle": null,
        "note": null,
        "name_1": "Gerbang Tol Gunung Sari 2",
        "Tanggal": "2022-06-21",
        "KM_Dari": 200,
        "KM_Sampai": 400,
        "Jalur": "B",
        "Lajur": "OnR R GS2 stlh Grbg",
        "Gerbang": "B",
        "Keterangan": "Scraping Filling AC WC",
        "KM_Asli_Dari": 200,
        "KM_Asli_Sampai": 270,
        "Lokasi_Titik": "Gunung Sari 2",
        "Dasar_Pemetaan": "Gunung Sari 2"
      },
      "geometry": {
        "type": "Point",
        "coordinates": [
          112.7080013,
          -7.3098515
        ]
      }
    },
    {
      "type": "Feature",
      "properties": {
        "OBJECTID": 118,
        "F_id": "node/420957767",
        "barrier": "toll_booth",
        "name": "Gerbang Tol Gunung Sari 2",
        "operator": null,
        "currency_IDR": null,
        "payment_electronic_purses": null,
        "motorcycle": null,
        "note": null,
        "name_1": "Gerbang Tol Gunung Sari 2",
        "Tanggal": "2022-06-21",
        "KM_Dari": 200,
        "KM_Sampai": 400,
        "Jalur": "B",
        "Lajur": "OnR L GS2 stlh Grbg",
        "Gerbang": "B",
        "Keterangan": "Scraping Filling AC WC",
        "KM_Asli_Dari": 269,
        "KM_Asli_Sampai": 289,
        "Lokasi_Titik": "Gunung Sari 2",
        "Dasar_Pemetaan": "Gunung Sari 2"
      },
      "geometry": {
        "type": "Point",
        "coordinates": [
          112.7080013,
          -7.3098515
        ]
      }
    },
    {
      "type": "Feature",
      "properties": {
        "OBJECTID": 119,
        "F_id": "node/420957767",
        "barrier": "toll_booth",
        "name": "Gerbang Tol Gunung Sari 2",
        "operator": null,
        "currency_IDR": null,
        "payment_electronic_purses": null,
        "motorcycle": null,
        "note": null,
        "name_1": "Gerbang Tol Gunung Sari 2",
        "Tanggal": "2022-06-21",
        "KM_Dari": 200,
        "KM_Sampai": 400,
        "Jalur": "B",
        "Lajur": "OnR R GS2 stlh Grbg",
        "Gerbang": "B",
        "Keterangan": "Scraping Filling AC WC",
        "KM_Asli_Dari": 270,
        "KM_Asli_Sampai": 301,
        "Lokasi_Titik": "Gunung Sari 2",
        "Dasar_Pemetaan": "Gunung Sari 2"
      },
      "geometry": {
        "type": "Point",
        "coordinates": [
          112.7080013,
          -7.3098515
        ]
      }
    },
    {
      "type": "Feature",
      "properties": {
        "OBJECTID": 120,
        "F_id": "node/420812067",
        "barrier": "toll_booth",
        "name": "Gerbang Tol Gunung Sari 1",
        "operator": null,
        "currency_IDR": null,
        "payment_electronic_purses": null,
        "motorcycle": null,
        "note": null,
        "name_1": "Gerbang Tol Gunung Sari 1",
        "Tanggal": "2023-06-30",
        "KM_Dari": 0,
        "KM_Sampai": 200,
        "Jalur": "A",
        "Lajur": "ONR GS1",
        "Gerbang": "A",
        "Keterangan": "Overlay AC WC",
        "KM_Asli_Dari": 0,
        "KM_Asli_Sampai": 200,
        "Lokasi_Titik": "Gunung Sari 1",
        "Dasar_Pemetaan": "Gunung Sari 1"
      },
      "geometry": {
        "type": "Point",
        "coordinates": [
          112.7086144,
          -7.3076985
        ]
      }
    },
    {
      "type": "Feature",
      "properties": {
        "OBJECTID": 121,
        "F_id": "node/420812067",
        "barrier": "toll_booth",
        "name": "Gerbang Tol Gunung Sari 1",
        "operator": null,
        "currency_IDR": null,
        "payment_electronic_purses": null,
        "motorcycle": null,
        "note": null,
        "name_1": "Gerbang Tol Gunung Sari 1",
        "Tanggal": "2023-06-30",
        "KM_Dari": 0,
        "KM_Sampai": 200,
        "Jalur": "Off Ramp Gunung Sari 1",
        "Lajur": "A",
        "Gerbang": "Off Ramp Gunung Sari 1",
        "Keterangan": "Scraping Filling AC WC",
        "KM_Asli_Dari": 0,
        "KM_Asli_Sampai": 35,
        "Lokasi_Titik": "Gunung Sari 1",
        "Dasar_Pemetaan": "Gunung Sari 1"
      },
      "geometry": {
        "type": "Point",
        "coordinates": [
          112.7086144,
          -7.3076985
        ]
      }
    },
    {
      "type": "Feature",
      "properties": {
        "OBJECTID": 122,
        "F_id": "node/420812067",
        "barrier": "toll_booth",
        "name": "Gerbang Tol Gunung Sari 1",
        "operator": null,
        "currency_IDR": null,
        "payment_electronic_purses": null,
        "motorcycle": null,
        "note": null,
        "name_1": "Gerbang Tol Gunung Sari 1",
        "Tanggal": "2023-06-30",
        "KM_Dari": 0,
        "KM_Sampai": 200,
        "Jalur": "Off Ramp Gunungsari 1",
        "Lajur": "A",
        "Gerbang": "Off Ramp Gunungsari 1",
        "Keterangan": "Scraping Filling AC WC",
        "KM_Asli_Dari": 0,
        "KM_Asli_Sampai": 20,
        "Lokasi_Titik": "Gunung Sari 1",
        "Dasar_Pemetaan": "Gunung Sari 1"
      },
      "geometry": {
        "type": "Point",
        "coordinates": [
          112.7086144,
          -7.3076985
        ]
      }
    },
    {
      "type": "Feature",
      "properties": {
        "OBJECTID": 123,
        "F_id": "node/420812067",
        "barrier": "toll_booth",
        "name": "Gerbang Tol Gunung Sari 1",
        "operator": null,
        "currency_IDR": null,
        "payment_electronic_purses": null,
        "motorcycle": null,
        "note": null,
        "name_1": "Gerbang Tol Gunung Sari 1",
        "Tanggal": "2023-06-30",
        "KM_Dari": 0,
        "KM_Sampai": 200,
        "Jalur": "Off Ramp Gunungsari 1",
        "Lajur": "A",
        "Gerbang": "Off Ramp Gunungsari 1",
        "Keterangan": "Scraping Filling AC WC",
        "KM_Asli_Dari": 0,
        "KM_Asli_Sampai": 20,
        "Lokasi_Titik": "Gunung Sari 1",
        "Dasar_Pemetaan": "Gunung Sari 1"
      },
      "geometry": {
        "type": "Point",
        "coordinates": [
          112.7086144,
          -7.3076985
        ]
      }
    },
    {
      "type": "Feature",
      "properties": {
        "OBJECTID": 124,
        "F_id": "node/420812067",
        "barrier": "toll_booth",
        "name": "Gerbang Tol Gunung Sari 1",
        "operator": null,
        "currency_IDR": null,
        "payment_electronic_purses": null,
        "motorcycle": null,
        "note": null,
        "name_1": "Gerbang Tol Gunung Sari 1",
        "Tanggal": "2023-06-30",
        "KM_Dari": 0,
        "KM_Sampai": 200,
        "Jalur": "Off Ramp Gunungsari 1",
        "Lajur": "A",
        "Gerbang": "Off Ramp Gunungsari 1",
        "Keterangan": "Scraping Filling AC WC",
        "KM_Asli_Dari": 0,
        "KM_Asli_Sampai": 45,
        "Lokasi_Titik": "Gunung Sari 1",
        "Dasar_Pemetaan": "Gunung Sari 1"
      },
      "geometry": {
        "type": "Point",
        "coordinates": [
          112.7086144,
          -7.3076985
        ]
      }
    },
    {
      "type": "Feature",
      "properties": {
        "OBJECTID": 125,
        "F_id": "node/420812067",
        "barrier": "toll_booth",
        "name": "Gerbang Tol Gunung Sari 1",
        "operator": null,
        "currency_IDR": null,
        "payment_electronic_purses": null,
        "motorcycle": null,
        "note": null,
        "name_1": "Gerbang Tol Gunung Sari 1",
        "Tanggal": "2023-06-30",
        "KM_Dari": 0,
        "KM_Sampai": 200,
        "Jalur": "Off Ramp Gunungsari 1",
        "Lajur": "A",
        "Gerbang": "Off Ramp Gunungsari 1",
        "Keterangan": "Scraping Filling AC WC",
        "KM_Asli_Dari": 0,
        "KM_Asli_Sampai": 61,
        "Lokasi_Titik": "Gunung Sari 1",
        "Dasar_Pemetaan": "Gunung Sari 1"
      },
      "geometry": {
        "type": "Point",
        "coordinates": [
          112.7086144,
          -7.3076985
        ]
      }
    },
    {
      "type": "Feature",
      "properties": {
        "OBJECTID": 126,
        "F_id": "node/420957767",
        "barrier": "toll_booth",
        "name": "Gerbang Tol Gunung Sari 2",
        "operator": null,
        "currency_IDR": null,
        "payment_electronic_purses": null,
        "motorcycle": null,
        "note": null,
        "name_1": "Gerbang Tol Gunung Sari 2",
        "Tanggal": "2023-06-30",
        "KM_Dari": 0,
        "KM_Sampai": 200,
        "Jalur": "Titik 1",
        "Lajur": "OR GS2",
        "Gerbang": "Titik 1",
        "Keterangan": "Scraping Filling AC WC",
        "KM_Asli_Dari": 0,
        "KM_Asli_Sampai": 20,
        "Lokasi_Titik": "Gunung Sari 2",
        "Dasar_Pemetaan": "Titik OR GS2"
      },
      "geometry": {
        "type": "Point",
        "coordinates": [
          112.7080013,
          -7.3098515
        ]
      }
    },
    {
      "type": "Feature",
      "properties": {
        "OBJECTID": 127,
        "F_id": "node/420957767",
        "barrier": "toll_booth",
        "name": "Gerbang Tol Gunung Sari 2",
        "operator": null,
        "currency_IDR": null,
        "payment_electronic_purses": null,
        "motorcycle": null,
        "note": null,
        "name_1": "Gerbang Tol Gunung Sari 2",
        "Tanggal": "2023-06-30",
        "KM_Dari": 0,
        "KM_Sampai": 200,
        "Jalur": "Titik 10",
        "Lajur": "OR GS2",
        "Gerbang": "Titik 10",
        "Keterangan": "Scraping Filling AC WC",
        "KM_Asli_Dari": 0,
        "KM_Asli_Sampai": 22,
        "Lokasi_Titik": "Gunung Sari 2",
        "Dasar_Pemetaan": "Titik OR GS2"
      },
      "geometry": {
        "type": "Point",
        "coordinates": [
          112.7080013,
          -7.3098515
        ]
      }
    },
    {
      "type": "Feature",
      "properties": {
        "OBJECTID": 128,
        "F_id": "node/420957767",
        "barrier": "toll_booth",
        "name": "Gerbang Tol Gunung Sari 2",
        "operator": null,
        "currency_IDR": null,
        "payment_electronic_purses": null,
        "motorcycle": null,
        "note": null,
        "name_1": "Gerbang Tol Gunung Sari 2",
        "Tanggal": "2023-06-30",
        "KM_Dari": 0,
        "KM_Sampai": 200,
        "Jalur": "Titik 2",
        "Lajur": "OR GS2",
        "Gerbang": "Titik 2",
        "Keterangan": "Scraping Filling AC WC",
        "KM_Asli_Dari": 0,
        "KM_Asli_Sampai": 15,
        "Lokasi_Titik": "Gunung Sari 2",
        "Dasar_Pemetaan": "Titik OR GS2"
      },
      "geometry": {
        "type": "Point",
        "coordinates": [
          112.7080013,
          -7.3098515
        ]
      }
    },
    {
      "type": "Feature",
      "properties": {
        "OBJECTID": 129,
        "F_id": "node/420957767",
        "barrier": "toll_booth",
        "name": "Gerbang Tol Gunung Sari 2",
        "operator": null,
        "currency_IDR": null,
        "payment_electronic_purses": null,
        "motorcycle": null,
        "note": null,
        "name_1": "Gerbang Tol Gunung Sari 2",
        "Tanggal": "2023-06-30",
        "KM_Dari": 0,
        "KM_Sampai": 200,
        "Jalur": "Titik 3",
        "Lajur": "OR GS2",
        "Gerbang": "Titik 3",
        "Keterangan": "Scraping Filling AC WC",
        "KM_Asli_Dari": 0,
        "KM_Asli_Sampai": 26,
        "Lokasi_Titik": "Gunung Sari 2",
        "Dasar_Pemetaan": "Titik OR GS2"
      },
      "geometry": {
        "type": "Point",
        "coordinates": [
          112.7080013,
          -7.3098515
        ]
      }
    },
    {
      "type": "Feature",
      "properties": {
        "OBJECTID": 130,
        "F_id": "node/420957767",
        "barrier": "toll_booth",
        "name": "Gerbang Tol Gunung Sari 2",
        "operator": null,
        "currency_IDR": null,
        "payment_electronic_purses": null,
        "motorcycle": null,
        "note": null,
        "name_1": "Gerbang Tol Gunung Sari 2",
        "Tanggal": "2023-06-30",
        "KM_Dari": 0,
        "KM_Sampai": 200,
        "Jalur": "Titik 4",
        "Lajur": "OR GS2",
        "Gerbang": "Titik 4",
        "Keterangan": "Scraping Filling AC WC",
        "KM_Asli_Dari": 0,
        "KM_Asli_Sampai": 8,
        "Lokasi_Titik": "Gunung Sari 2",
        "Dasar_Pemetaan": "Titik OR GS2"
      },
      "geometry": {
        "type": "Point",
        "coordinates": [
          112.7080013,
          -7.3098515
        ]
      }
    },
    {
      "type": "Feature",
      "properties": {
        "OBJECTID": 131,
        "F_id": "node/420957767",
        "barrier": "toll_booth",
        "name": "Gerbang Tol Gunung Sari 2",
        "operator": null,
        "currency_IDR": null,
        "payment_electronic_purses": null,
        "motorcycle": null,
        "note": null,
        "name_1": "Gerbang Tol Gunung Sari 2",
        "Tanggal": "2023-06-30",
        "KM_Dari": 0,
        "KM_Sampai": 200,
        "Jalur": "Titik 5",
        "Lajur": "OR GS2",
        "Gerbang": "Titik 5",
        "Keterangan": "Scraping Filling AC WC",
        "KM_Asli_Dari": 0,
        "KM_Asli_Sampai": 16,
        "Lokasi_Titik": "Gunung Sari 2",
        "Dasar_Pemetaan": "Titik OR GS2"
      },
      "geometry": {
        "type": "Point",
        "coordinates": [
          112.7080013,
          -7.3098515
        ]
      }
    },
    {
      "type": "Feature",
      "properties": {
        "OBJECTID": 132,
        "F_id": "node/420957767",
        "barrier": "toll_booth",
        "name": "Gerbang Tol Gunung Sari 2",
        "operator": null,
        "currency_IDR": null,
        "payment_electronic_purses": null,
        "motorcycle": null,
        "note": null,
        "name_1": "Gerbang Tol Gunung Sari 2",
        "Tanggal": "2023-06-30",
        "KM_Dari": 0,
        "KM_Sampai": 200,
        "Jalur": "Titik 6",
        "Lajur": "OR GS2",
        "Gerbang": "Titik 6",
        "Keterangan": "Scraping Filling AC WC",
        "KM_Asli_Dari": 0,
        "KM_Asli_Sampai": 4,
        "Lokasi_Titik": "Gunung Sari 2",
        "Dasar_Pemetaan": "Titik OR GS2"
      },
      "geometry": {
        "type": "Point",
        "coordinates": [
          112.7080013,
          -7.3098515
        ]
      }
    },
    {
      "type": "Feature",
      "properties": {
        "OBJECTID": 133,
        "F_id": "node/420957767",
        "barrier": "toll_booth",
        "name": "Gerbang Tol Gunung Sari 2",
        "operator": null,
        "currency_IDR": null,
        "payment_electronic_purses": null,
        "motorcycle": null,
        "note": null,
        "name_1": "Gerbang Tol Gunung Sari 2",
        "Tanggal": "2023-06-30",
        "KM_Dari": 0,
        "KM_Sampai": 200,
        "Jalur": "Titik 7",
        "Lajur": "OR GS2",
        "Gerbang": "Titik 7",
        "Keterangan": "Scraping Filling AC WC",
        "KM_Asli_Dari": 0,
        "KM_Asli_Sampai": 59,
        "Lokasi_Titik": "Gunung Sari 2",
        "Dasar_Pemetaan": "Titik OR GS2"
      },
      "geometry": {
        "type": "Point",
        "coordinates": [
          112.7080013,
          -7.3098515
        ]
      }
    },
    {
      "type": "Feature",
      "properties": {
        "OBJECTID": 134,
        "F_id": "node/420957767",
        "barrier": "toll_booth",
        "name": "Gerbang Tol Gunung Sari 2",
        "operator": null,
        "currency_IDR": null,
        "payment_electronic_purses": null,
        "motorcycle": null,
        "note": null,
        "name_1": "Gerbang Tol Gunung Sari 2",
        "Tanggal": "2023-06-30",
        "KM_Dari": 0,
        "KM_Sampai": 200,
        "Jalur": "Titik 8",
        "Lajur": "OR GS2",
        "Gerbang": "Titik 8",
        "Keterangan": "Scraping Filling AC WC",
        "KM_Asli_Dari": 0,
        "KM_Asli_Sampai": 26,
        "Lokasi_Titik": "Gunung Sari 2",
        "Dasar_Pemetaan": "Titik OR GS2"
      },
      "geometry": {
        "type": "Point",
        "coordinates": [
          112.7080013,
          -7.3098515
        ]
      }
    },
    {
      "type": "Feature",
      "properties": {
        "OBJECTID": 135,
        "F_id": "node/420957767",
        "barrier": "toll_booth",
        "name": "Gerbang Tol Gunung Sari 2",
        "operator": null,
        "currency_IDR": null,
        "payment_electronic_purses": null,
        "motorcycle": null,
        "note": null,
        "name_1": "Gerbang Tol Gunung Sari 2",
        "Tanggal": "2023-06-30",
        "KM_Dari": 0,
        "KM_Sampai": 200,
        "Jalur": "Titik 9",
        "Lajur": "OR GS2",
        "Gerbang": "Titik 9",
        "Keterangan": "Scraping Filling AC WC",
        "KM_Asli_Dari": 0,
        "KM_Asli_Sampai": 10,
        "Lokasi_Titik": "Gunung Sari 2",
        "Dasar_Pemetaan": "Titik OR GS2"
      },
      "geometry": {
        "type": "Point",
        "coordinates": [
          112.7080013,
          -7.3098515
        ]
      }
    },
    {
      "type": "Feature",
      "properties": {
        "OBJECTID": 136,
        "F_id": "node/420812067",
        "barrier": "toll_booth",
        "name": "Gerbang Tol Gunung Sari 1",
        "operator": null,
        "currency_IDR": null,
        "payment_electronic_purses": null,
        "motorcycle": null,
        "note": null,
        "name_1": "Gerbang Tol Gunung Sari 1",
        "Tanggal": "2023-06-30",
        "KM_Dari": 200,
        "KM_Sampai": 400,
        "Jalur": "A",
        "Lajur": "ONR GS1",
        "Gerbang": "A",
        "Keterangan": "Overlay AC WC",
        "KM_Asli_Dari": 200,
        "KM_Asli_Sampai": 285,
        "Lokasi_Titik": "Gunung Sari 1",
        "Dasar_Pemetaan": "Gunung Sari 1"
      },
      "geometry": {
        "type": "Point",
        "coordinates": [
          112.7086144,
          -7.3076985
        ]
      }
    },
    {
      "type": "Feature",
      "properties": {
        "OBJECTID": 137,
        "F_id": "node/420812067",
        "barrier": "toll_booth",
        "name": "Gerbang Tol Gunung Sari 1",
        "operator": null,
        "currency_IDR": null,
        "payment_electronic_purses": null,
        "motorcycle": null,
        "note": null,
        "name_1": "Gerbang Tol Gunung Sari 1",
        "Tanggal": "2023-06-30",
        "KM_Dari": 200,
        "KM_Sampai": 400,
        "Jalur": "Off Ramp Gunung Sari 1",
        "Lajur": "A",
        "Gerbang": "Off Ramp Gunung Sari 1",
        "Keterangan": "Scraping Filling AC WC",
        "KM_Asli_Dari": 379,
        "KM_Asli_Sampai": 400,
        "Lokasi_Titik": "Gunung Sari 1",
        "Dasar_Pemetaan": "Gunung Sari 1"
      },
      "geometry": {
        "type": "Point",
        "coordinates": [
          112.7086144,
          -7.3076985
        ]
      }
    },
    {
      "type": "Feature",
      "properties": {
        "OBJECTID": 138,
        "F_id": "node/420812067",
        "barrier": "toll_booth",
        "name": "Gerbang Tol Gunung Sari 1",
        "operator": null,
        "currency_IDR": null,
        "payment_electronic_purses": null,
        "motorcycle": null,
        "note": null,
        "name_1": "Gerbang Tol Gunung Sari 1",
        "Tanggal": "2023-06-30",
        "KM_Dari": 400,
        "KM_Sampai": 600,
        "Jalur": "Off Ramp Gunung Sari 1",
        "Lajur": "A",
        "Gerbang": "Off Ramp Gunung Sari 1",
        "Keterangan": "Scraping Filling AC WC",
        "KM_Asli_Dari": 400,
        "KM_Asli_Sampai": 435,
        "Lokasi_Titik": "Gunung Sari 1",
        "Dasar_Pemetaan": "Gunung Sari 1"
      },
      "geometry": {
        "type": "Point",
        "coordinates": [
          112.7086144,
          -7.3076985
        ]
      }
    },
    {
      "type": "Feature",
      "properties": {
        "OBJECTID": 139,
        "F_id": "node/420812067",
        "barrier": "toll_booth",
        "name": "Gerbang Tol Gunung Sari 1",
        "operator": null,
        "currency_IDR": null,
        "payment_electronic_purses": null,
        "motorcycle": null,
        "note": null,
        "name_1": "Gerbang Tol Gunung Sari 1",
        "Tanggal": "2025-09-15",
        "KM_Dari": 0,
        "KM_Sampai": 200,
        "Jalur": "On Ramp Gunung Sari 1 (setelah gerbang)",
        "Lajur": "-",
        "Gerbang": "On Ramp Gunung Sari 1 (setelah gerbang)",
        "Keterangan": "Scraping Filling AC WC",
        "KM_Asli_Dari": 0,
        "KM_Asli_Sampai": 200,
        "Lokasi_Titik": "Gunung Sari 1",
        "Dasar_Pemetaan": "Gunung Sari 1"
      },
      "geometry": {
        "type": "Point",
        "coordinates": [
          112.7086144,
          -7.3076985
        ]
      }
    },
    {
      "type": "Feature",
      "properties": {
        "OBJECTID": 140,
        "F_id": "node/420812067",
        "barrier": "toll_booth",
        "name": "Gerbang Tol Gunung Sari 1",
        "operator": null,
        "currency_IDR": null,
        "payment_electronic_purses": null,
        "motorcycle": null,
        "note": null,
        "name_1": "Gerbang Tol Gunung Sari 1",
        "Tanggal": "2025-09-15",
        "KM_Dari": 200,
        "KM_Sampai": 400,
        "Jalur": "On Ramp Gunung Sari 1 (setelah gerbang)",
        "Lajur": "-",
        "Gerbang": "On Ramp Gunung Sari 1 (setelah gerbang)",
        "Keterangan": "Scraping Filling AC WC",
        "KM_Asli_Dari": 200,
        "KM_Asli_Sampai": 215,
        "Lokasi_Titik": "Gunung Sari 1",
        "Dasar_Pemetaan": "Gunung Sari 1"
      },
      "geometry": {
        "type": "Point",
        "coordinates": [
          112.7086144,
          -7.3076985
        ]
      }
    },
    {
      "type": "Feature",
      "properties": {
        "OBJECTID": 141,
        "F_id": "node/420812067",
        "barrier": "toll_booth",
        "name": "Gerbang Tol Gunung Sari 1",
        "operator": null,
        "currency_IDR": null,
        "payment_electronic_purses": null,
        "motorcycle": null,
        "note": null,
        "name_1": "Gerbang Tol Gunung Sari 1",
        "Tanggal": "2025-09-16",
        "KM_Dari": 0,
        "KM_Sampai": 200,
        "Jalur": "On Ramp Gunung Sari 1 lanjutan",
        "Lajur": "-",
        "Gerbang": "On Ramp Gunung Sari 1 lanjutan",
        "Keterangan": "Scraping Filling AC WC",
        "KM_Asli_Dari": 0,
        "KM_Asli_Sampai": 200,
        "Lokasi_Titik": "Gunung Sari 1",
        "Dasar_Pemetaan": "Gunung Sari 1"
      },
      "geometry": {
        "type": "Point",
        "coordinates": [
          112.7086144,
          -7.3076985
        ]
      }
    },
    {
      "type": "Feature",
      "properties": {
        "OBJECTID": 142,
        "F_id": "node/420812067",
        "barrier": "toll_booth",
        "name": "Gerbang Tol Gunung Sari 1",
        "operator": null,
        "currency_IDR": null,
        "payment_electronic_purses": null,
        "motorcycle": null,
        "note": null,
        "name_1": "Gerbang Tol Gunung Sari 1",
        "Tanggal": "2025-09-16",
        "KM_Dari": 200,
        "KM_Sampai": 400,
        "Jalur": "On Ramp Gunung Sari 1 lanjutan",
        "Lajur": "-",
        "Gerbang": "On Ramp Gunung Sari 1 lanjutan",
        "Keterangan": "Scraping Filling AC WC",
        "KM_Asli_Dari": 200,
        "KM_Asli_Sampai": 215,
        "Lokasi_Titik": "Gunung Sari 1",
        "Dasar_Pemetaan": "Gunung Sari 1"
      },
      "geometry": {
        "type": "Point",
        "coordinates": [
          112.7086144,
          -7.3076985
        ]
      }
    },
    {
      "type": "Feature",
      "properties": {
        "OBJECTID": 143,
        "F_id": "node/420957767",
        "barrier": "toll_booth",
        "name": "Gerbang Tol Gunung Sari 2",
        "operator": null,
        "currency_IDR": null,
        "payment_electronic_purses": null,
        "motorcycle": null,
        "note": null,
        "name_1": "Gerbang Tol Gunung Sari 2",
        "Tanggal": "2025-09-17",
        "KM_Dari": 0,
        "KM_Sampai": 200,
        "Jalur": "On Ramp Gunung Sari 2",
        "Lajur": "-",
        "Gerbang": "On Ramp Gunung Sari 2",
        "Keterangan": "Scraping Filling AC WC",
        "KM_Asli_Dari": 0,
        "KM_Asli_Sampai": 107,
        "Lokasi_Titik": "Gunung Sari 2",
        "Dasar_Pemetaan": "Gunung Sari 2"
      },
      "geometry": {
        "type": "Point",
        "coordinates": [
          112.7080013,
          -7.3098515
        ]
      }
    },
    {
      "type": "Feature",
      "properties": {
        "OBJECTID": 144,
        "F_id": "node/420957767",
        "barrier": "toll_booth",
        "name": "Gerbang Tol Gunung Sari 2",
        "operator": null,
        "currency_IDR": null,
        "payment_electronic_purses": null,
        "motorcycle": null,
        "note": null,
        "name_1": "Gerbang Tol Gunung Sari 2",
        "Tanggal": "2025-09-18",
        "KM_Dari": 0,
        "KM_Sampai": 200,
        "Jalur": "On Ramp Gunung Sari 2 (sebelum gerbang)",
        "Lajur": "-",
        "Gerbang": "On Ramp Gunung Sari 2 (sebelum gerbang)",
        "Keterangan": "Scraping Filling AC WC",
        "KM_Asli_Dari": 0,
        "KM_Asli_Sampai": 40,
        "Lokasi_Titik": "Gunung Sari 2",
        "Dasar_Pemetaan": "Gunung Sari 2"
      },
      "geometry": {
        "type": "Point",
        "coordinates": [
          112.7080013,
          -7.3098515
        ]
      }
    },
    {
      "type": "Feature",
      "properties": {
        "OBJECTID": 145,
        "F_id": "node/420957767",
        "barrier": "toll_booth",
        "name": "Gerbang Tol Gunung Sari 2",
        "operator": null,
        "currency_IDR": null,
        "payment_electronic_purses": null,
        "motorcycle": null,
        "note": null,
        "name_1": "Gerbang Tol Gunung Sari 2",
        "Tanggal": "2025-09-18",
        "KM_Dari": 0,
        "KM_Sampai": 200,
        "Jalur": "On Ramp Gunung Sari 2 / L0 (setelah gerbang)",
        "Lajur": "-",
        "Gerbang": "On Ramp Gunung Sari 2 / L0 (setelah gerbang)",
        "Keterangan": "Scraping Filling AC BC",
        "KM_Asli_Dari": 0,
        "KM_Asli_Sampai": 75,
        "Lokasi_Titik": "Gunung Sari 2",
        "Dasar_Pemetaan": "Gunung Sari 2"
      },
      "geometry": {
        "type": "Point",
        "coordinates": [
          112.7080013,
          -7.3098515
        ]
      }
    },
    {
      "type": "Feature",
      "properties": {
        "OBJECTID": 146,
        "F_id": "node/420957767",
        "barrier": "toll_booth",
        "name": "Gerbang Tol Gunung Sari 2",
        "operator": null,
        "currency_IDR": null,
        "payment_electronic_purses": null,
        "motorcycle": null,
        "note": null,
        "name_1": "Gerbang Tol Gunung Sari 2",
        "Tanggal": "2025-09-18",
        "KM_Dari": 0,
        "KM_Sampai": 200,
        "Jalur": "On Ramp Gunung Sari 2 / L0 (setelah gerbang)",
        "Lajur": "-",
        "Gerbang": "On Ramp Gunung Sari 2 / L0 (setelah gerbang)",
        "Keterangan": "Scraping Filling AC BC",
        "KM_Asli_Dari": 0,
        "KM_Asli_Sampai": 105,
        "Lokasi_Titik": "Gunung Sari 2",
        "Dasar_Pemetaan": "Gunung Sari 2"
      },
      "geometry": {
        "type": "Point",
        "coordinates": [
          112.7080013,
          -7.3098515
        ]
      }
    },
    {
      "type": "Feature",
      "properties": {
        "OBJECTID": 147,
        "F_id": "node/420957767",
        "barrier": "toll_booth",
        "name": "Gerbang Tol Gunung Sari 2",
        "operator": null,
        "currency_IDR": null,
        "payment_electronic_purses": null,
        "motorcycle": null,
        "note": null,
        "name_1": "Gerbang Tol Gunung Sari 2",
        "Tanggal": "2025-09-19",
        "KM_Dari": 0,
        "KM_Sampai": 200,
        "Jalur": "Off Ramp Gunung Sari 2 (sebelum jembatan)",
        "Lajur": "-",
        "Gerbang": "Off Ramp Gunung Sari 2 (sebelum jembatan)",
        "Keterangan": "Scraping Filling AC WC",
        "KM_Asli_Dari": 0,
        "KM_Asli_Sampai": 55,
        "Lokasi_Titik": "Gunung Sari 2",
        "Dasar_Pemetaan": "Gunung Sari 2"
      },
      "geometry": {
        "type": "Point",
        "coordinates": [
          112.7080013,
          -7.3098515
        ]
      }
    },
    {
      "type": "Feature",
      "properties": {
        "OBJECTID": 148,
        "F_id": "node/420957767",
        "barrier": "toll_booth",
        "name": "Gerbang Tol Gunung Sari 2",
        "operator": null,
        "currency_IDR": null,
        "payment_electronic_purses": null,
        "motorcycle": null,
        "note": null,
        "name_1": "Gerbang Tol Gunung Sari 2",
        "Tanggal": "2025-09-19",
        "KM_Dari": 0,
        "KM_Sampai": 200,
        "Jalur": "Off Ramp Gunung Sari 2 (setelah jembatan)",
        "Lajur": "-",
        "Gerbang": "Off Ramp Gunung Sari 2 (setelah jembatan)",
        "Keterangan": "Scraping Filling AC WC",
        "KM_Asli_Dari": 0,
        "KM_Asli_Sampai": 189,
        "Lokasi_Titik": "Gunung Sari 2",
        "Dasar_Pemetaan": "Gunung Sari 2"
      },
      "geometry": {
        "type": "Point",
        "coordinates": [
          112.7080013,
          -7.3098515
        ]
      }
    },
    {
      "type": "Feature",
      "properties": {
        "OBJECTID": 149,
        "F_id": "node/420957767",
        "barrier": "toll_booth",
        "name": "Gerbang Tol Gunung Sari 2",
        "operator": null,
        "currency_IDR": null,
        "payment_electronic_purses": null,
        "motorcycle": null,
        "note": null,
        "name_1": "Gerbang Tol Gunung Sari 2",
        "Tanggal": "2025-09-20",
        "KM_Dari": 0,
        "KM_Sampai": 200,
        "Jalur": "Off Ramp GN Sari 2 (sebelum jembatan) lanjutan",
        "Lajur": "-",
        "Gerbang": "Off Ramp GN Sari 2 (sebelum jembatan) lanjutan",
        "Keterangan": "Scraping Filling AC WC",
        "KM_Asli_Dari": 0,
        "KM_Asli_Sampai": 55,
        "Lokasi_Titik": "Gunung Sari 2",
        "Dasar_Pemetaan": "Gunung Sari 2"
      },
      "geometry": {
        "type": "Point",
        "coordinates": [
          112.7080013,
          -7.3098515
        ]
      }
    },
    {
      "type": "Feature",
      "properties": {
        "OBJECTID": 150,
        "F_id": "node/420957767",
        "barrier": "toll_booth",
        "name": "Gerbang Tol Gunung Sari 2",
        "operator": null,
        "currency_IDR": null,
        "payment_electronic_purses": null,
        "motorcycle": null,
        "note": null,
        "name_1": "Gerbang Tol Gunung Sari 2",
        "Tanggal": "2025-09-20",
        "KM_Dari": 0,
        "KM_Sampai": 200,
        "Jalur": "Off Ramp GN Sari 2 (setelah jembatan) lanjutan",
        "Lajur": "-",
        "Gerbang": "Off Ramp GN Sari 2 (setelah jembatan) lanjutan",
        "Keterangan": "Scraping Filling AC WC",
        "KM_Asli_Dari": 0,
        "KM_Asli_Sampai": 200,
        "Lokasi_Titik": "Gunung Sari 2",
        "Dasar_Pemetaan": "Gunung Sari 2"
      },
      "geometry": {
        "type": "Point",
        "coordinates": [
          112.7080013,
          -7.3098515
        ]
      }
    },
    {
      "type": "Feature",
      "properties": {
        "OBJECTID": 151,
        "F_id": "node/420957767",
        "barrier": "toll_booth",
        "name": "Gerbang Tol Gunung Sari 2",
        "operator": null,
        "currency_IDR": null,
        "payment_electronic_purses": null,
        "motorcycle": null,
        "note": null,
        "name_1": "Gerbang Tol Gunung Sari 2",
        "Tanggal": "2025-09-20",
        "KM_Dari": 200,
        "KM_Sampai": 400,
        "Jalur": "Off Ramp GN Sari 2 (setelah jembatan) lanjutan",
        "Lajur": "-",
        "Gerbang": "Off Ramp GN Sari 2 (setelah jembatan) lanjutan",
        "Keterangan": "Scraping Filling AC WC",
        "KM_Asli_Dari": 200,
        "KM_Asli_Sampai": 335,
        "Lokasi_Titik": "Gunung Sari 2",
        "Dasar_Pemetaan": "Gunung Sari 2"
      },
      "geometry": {
        "type": "Point",
        "coordinates": [
          112.7080013,
          -7.3098515
        ]
      }
    },
    {
      "type": "Feature",
      "properties": {
        "OBJECTID": 152,
        "F_id": "node/420957767",
        "barrier": "toll_booth",
        "name": "Gerbang Tol Gunung Sari 2",
        "operator": null,
        "currency_IDR": null,
        "payment_electronic_purses": null,
        "motorcycle": null,
        "note": null,
        "name_1": "Gerbang Tol Gunung Sari 2",
        "Tanggal": "2025-09-21",
        "KM_Dari": 0,
        "KM_Sampai": 200,
        "Jalur": "Off Ramp GN Sari 2 lanjutan sisi kanan",
        "Lajur": "-",
        "Gerbang": "Off Ramp GN Sari 2 lanjutan sisi kanan",
        "Keterangan": "Scraping Filling AC WC",
        "KM_Asli_Dari": 0,
        "KM_Asli_Sampai": 200,
        "Lokasi_Titik": "Gunung Sari 2",
        "Dasar_Pemetaan": "Gunung Sari 2"
      },
      "geometry": {
        "type": "Point",
        "coordinates": [
          112.7080013,
          -7.3098515
        ]
      }
    },
    {
      "type": "Feature",
      "properties": {
        "OBJECTID": 153,
        "F_id": "node/420957767",
        "barrier": "toll_booth",
        "name": "Gerbang Tol Gunung Sari 2",
        "operator": null,
        "currency_IDR": null,
        "payment_electronic_purses": null,
        "motorcycle": null,
        "note": null,
        "name_1": "Gerbang Tol Gunung Sari 2",
        "Tanggal": "2025-09-21",
        "KM_Dari": 0,
        "KM_Sampai": 200,
        "Jalur": "Off Ramp GN Sari 2 lanjutan sisi kiri",
        "Lajur": "-",
        "Gerbang": "Off Ramp GN Sari 2 lanjutan sisi kiri",
        "Keterangan": "Scraping Filling AC WC",
        "KM_Asli_Dari": 0,
        "KM_Asli_Sampai": 75,
        "Lokasi_Titik": "Gunung Sari 2",
        "Dasar_Pemetaan": "Gunung Sari 2"
      },
      "geometry": {
        "type": "Point",
        "coordinates": [
          112.7080013,
          -7.3098515
        ]
      }
    },
    {
      "type": "Feature",
      "properties": {
        "OBJECTID": 154,
        "F_id": "node/420957767",
        "barrier": "toll_booth",
        "name": "Gerbang Tol Gunung Sari 2",
        "operator": null,
        "currency_IDR": null,
        "payment_electronic_purses": null,
        "motorcycle": null,
        "note": null,
        "name_1": "Gerbang Tol Gunung Sari 2",
        "Tanggal": "2025-09-21",
        "KM_Dari": 200,
        "KM_Sampai": 400,
        "Jalur": "Off Ramp GN Sari 2 lanjutan sisi kanan",
        "Lajur": "-",
        "Gerbang": "Off Ramp GN Sari 2 lanjutan sisi kanan",
        "Keterangan": "Scraping Filling AC WC",
        "KM_Asli_Dari": 200,
        "KM_Asli_Sampai": 220,
        "Lokasi_Titik": "Gunung Sari 2",
        "Dasar_Pemetaan": "Gunung Sari 2"
      },
      "geometry": {
        "type": "Point",
        "coordinates": [
          112.7080013,
          -7.3098515
        ]
      }
    },
    {
      "type": "Feature",
      "properties": {
        "OBJECTID": 155,
        "F_id": "node/420957767",
        "barrier": "toll_booth",
        "name": "Gerbang Tol Gunung Sari 2",
        "operator": null,
        "currency_IDR": null,
        "payment_electronic_purses": null,
        "motorcycle": null,
        "note": null,
        "name_1": "Gerbang Tol Gunung Sari 2",
        "Tanggal": "2025-10-01",
        "KM_Dari": 0,
        "KM_Sampai": 200,
        "Jalur": "On Ramp Gunung Sari 2 (sebelum gate 1)",
        "Lajur": "-",
        "Gerbang": "On Ramp Gunung Sari 2 (sebelum gate 1)",
        "Keterangan": "Scraping Filling AC WC",
        "KM_Asli_Dari": 0,
        "KM_Asli_Sampai": 39,
        "Lokasi_Titik": "Gunung Sari 2",
        "Dasar_Pemetaan": "Gunung Sari 2"
      },
      "geometry": {
        "type": "Point",
        "coordinates": [
          112.7080013,
          -7.3098515
        ]
      }
    },
    {
      "type": "Feature",
      "properties": {
        "OBJECTID": 156,
        "F_id": "node/320086721",
        "barrier": "toll_booth",
        "name": "Gerbang Tol Waru 1 dan Ramp",
        "operator": null,
        "currency_IDR": "yes",
        "payment_electronic_purses": "yes",
        "motorcycle": null,
        "note": null,
        "name_1": "Gerbang Tol Waru 1 dan Ramp",
        "Tanggal": "2023-06-30",
        "KM_Dari": 0,
        "KM_Sampai": 200,
        "Jalur": "Akses On Ramp Waru dari Bundaran Waru Arah Ramp 1",
        "Lajur": "Sisi Kanan",
        "Gerbang": "Akses On Ramp Waru dari Bundaran Waru Arah Ramp 1",
        "Keterangan": "Scraping Filling AC WC",
        "KM_Asli_Dari": 0,
        "KM_Asli_Sampai": 200,
        "Lokasi_Titik": "Waru 1",
        "Dasar_Pemetaan": "Waru 1"
      },
      "geometry": {
        "type": "Point",
        "coordinates": [
          112.713037,
          -7.3456095
        ]
      }
    },
    {
      "type": "Feature",
      "properties": {
        "OBJECTID": 157,
        "F_id": "node/320086721",
        "barrier": "toll_booth",
        "name": "Gerbang Tol Waru 1 dan Ramp",
        "operator": null,
        "currency_IDR": "yes",
        "payment_electronic_purses": "yes",
        "motorcycle": null,
        "note": null,
        "name_1": "Gerbang Tol Waru 1 dan Ramp",
        "Tanggal": "2023-06-30",
        "KM_Dari": 0,
        "KM_Sampai": 200,
        "Jalur": "Off Ramp Waru 1",
        "Lajur": "Sebelum Gate / B",
        "Gerbang": "Off Ramp Waru 1",
        "Keterangan": "Scraping Filling AC WC",
        "KM_Asli_Dari": 0,
        "KM_Asli_Sampai": 25,
        "Lokasi_Titik": "Waru 1",
        "Dasar_Pemetaan": "Waru 1"
      },
      "geometry": {
        "type": "Point",
        "coordinates": [
          112.713037,
          -7.3456095
        ]
      }
    },
    {
      "type": "Feature",
      "properties": {
        "OBJECTID": 158,
        "F_id": "node/320086721",
        "barrier": "toll_booth",
        "name": "Gerbang Tol Waru 1 dan Ramp",
        "operator": null,
        "currency_IDR": "yes",
        "payment_electronic_purses": "yes",
        "motorcycle": null,
        "note": null,
        "name_1": "Gerbang Tol Waru 1 dan Ramp",
        "Tanggal": "2023-06-30",
        "KM_Dari": 0,
        "KM_Sampai": 200,
        "Jalur": "Off Ramp Waru 1",
        "Lajur": "Sebelum Gate / B",
        "Gerbang": "Off Ramp Waru 1",
        "Keterangan": "Scraping Filling AC WC",
        "KM_Asli_Dari": 0,
        "KM_Asli_Sampai": 40,
        "Lokasi_Titik": "Waru 1",
        "Dasar_Pemetaan": "Waru 1"
      },
      "geometry": {
        "type": "Point",
        "coordinates": [
          112.713037,
          -7.3456095
        ]
      }
    },
    {
      "type": "Feature",
      "properties": {
        "OBJECTID": 159,
        "F_id": "node/320086721",
        "barrier": "toll_booth",
        "name": "Gerbang Tol Waru 1 dan Ramp",
        "operator": null,
        "currency_IDR": "yes",
        "payment_electronic_purses": "yes",
        "motorcycle": null,
        "note": null,
        "name_1": "Gerbang Tol Waru 1 dan Ramp",
        "Tanggal": "2023-06-30",
        "KM_Dari": 0,
        "KM_Sampai": 200,
        "Jalur": "Off Ramp Waru 1",
        "Lajur": "Sebelum Gate / B",
        "Gerbang": "Off Ramp Waru 1",
        "Keterangan": "Scraping Filling AC WC",
        "KM_Asli_Dari": 0,
        "KM_Asli_Sampai": 50,
        "Lokasi_Titik": "Waru 1",
        "Dasar_Pemetaan": "Waru 1"
      },
      "geometry": {
        "type": "Point",
        "coordinates": [
          112.713037,
          -7.3456095
        ]
      }
    },
    {
      "type": "Feature",
      "properties": {
        "OBJECTID": 160,
        "F_id": "node/320086721",
        "barrier": "toll_booth",
        "name": "Gerbang Tol Waru 1 dan Ramp",
        "operator": null,
        "currency_IDR": "yes",
        "payment_electronic_purses": "yes",
        "motorcycle": null,
        "note": null,
        "name_1": "Gerbang Tol Waru 1 dan Ramp",
        "Tanggal": "2023-06-30",
        "KM_Dari": 0,
        "KM_Sampai": 200,
        "Jalur": "Off Ramp Waru 1",
        "Lajur": "Sebelum Gate / B",
        "Gerbang": "Off Ramp Waru 1",
        "Keterangan": "Scraping Filling AC WC",
        "KM_Asli_Dari": 0,
        "KM_Asli_Sampai": 55,
        "Lokasi_Titik": "Waru 1",
        "Dasar_Pemetaan": "Waru 1"
      },
      "geometry": {
        "type": "Point",
        "coordinates": [
          112.713037,
          -7.3456095
        ]
      }
    },
    {
      "type": "Feature",
      "properties": {
        "OBJECTID": 161,
        "F_id": "node/320086721",
        "barrier": "toll_booth",
        "name": "Gerbang Tol Waru 1 dan Ramp",
        "operator": null,
        "currency_IDR": "yes",
        "payment_electronic_purses": "yes",
        "motorcycle": null,
        "note": null,
        "name_1": "Gerbang Tol Waru 1 dan Ramp",
        "Tanggal": "2023-06-30",
        "KM_Dari": 0,
        "KM_Sampai": 200,
        "Jalur": "On Ramp Waru",
        "Lajur": "Arah GT Waru 1",
        "Gerbang": "On Ramp Waru",
        "Keterangan": "Scraping Filling AC WC",
        "KM_Asli_Dari": 0,
        "KM_Asli_Sampai": 16,
        "Lokasi_Titik": "Waru 1",
        "Dasar_Pemetaan": "Waru 1"
      },
      "geometry": {
        "type": "Point",
        "coordinates": [
          112.713037,
          -7.3456095
        ]
      }
    },
    {
      "type": "Feature",
      "properties": {
        "OBJECTID": 162,
        "F_id": "node/320086721",
        "barrier": "toll_booth",
        "name": "Gerbang Tol Waru 1 dan Ramp",
        "operator": null,
        "currency_IDR": "yes",
        "payment_electronic_purses": "yes",
        "motorcycle": null,
        "note": null,
        "name_1": "Gerbang Tol Waru 1 dan Ramp",
        "Tanggal": "2023-06-30",
        "KM_Dari": 0,
        "KM_Sampai": 200,
        "Jalur": "On Ramp Waru",
        "Lajur": "Arah GT Waru 1",
        "Gerbang": "On Ramp Waru",
        "Keterangan": "Scraping Filling AC WC",
        "KM_Asli_Dari": 0,
        "KM_Asli_Sampai": 25,
        "Lokasi_Titik": "Waru 1",
        "Dasar_Pemetaan": "Waru 1"
      },
      "geometry": {
        "type": "Point",
        "coordinates": [
          112.713037,
          -7.3456095
        ]
      }
    },
    {
      "type": "Feature",
      "properties": {
        "OBJECTID": 163,
        "F_id": "node/320086721",
        "barrier": "toll_booth",
        "name": "Gerbang Tol Waru 1 dan Ramp",
        "operator": null,
        "currency_IDR": "yes",
        "payment_electronic_purses": "yes",
        "motorcycle": null,
        "note": null,
        "name_1": "Gerbang Tol Waru 1 dan Ramp",
        "Tanggal": "2023-06-30",
        "KM_Dari": 0,
        "KM_Sampai": 200,
        "Jalur": "On Ramp Waru",
        "Lajur": "Arah GT Waru 1",
        "Gerbang": "On Ramp Waru",
        "Keterangan": "Scraping Filling AC WC",
        "KM_Asli_Dari": 0,
        "KM_Asli_Sampai": 30,
        "Lokasi_Titik": "Waru 1",
        "Dasar_Pemetaan": "Waru 1"
      },
      "geometry": {
        "type": "Point",
        "coordinates": [
          112.713037,
          -7.3456095
        ]
      }
    },
    {
      "type": "Feature",
      "properties": {
        "OBJECTID": 164,
        "F_id": "node/320086721",
        "barrier": "toll_booth",
        "name": "Gerbang Tol Waru 1 dan Ramp",
        "operator": null,
        "currency_IDR": "yes",
        "payment_electronic_purses": "yes",
        "motorcycle": null,
        "note": null,
        "name_1": "Gerbang Tol Waru 1 dan Ramp",
        "Tanggal": "2023-06-30",
        "KM_Dari": 0,
        "KM_Sampai": 200,
        "Jalur": "On Ramp Waru",
        "Lajur": "Arah GT Waru 1",
        "Gerbang": "On Ramp Waru",
        "Keterangan": "Scraping Filling AC WC",
        "KM_Asli_Dari": 0,
        "KM_Asli_Sampai": 55,
        "Lokasi_Titik": "Waru 1",
        "Dasar_Pemetaan": "Waru 1"
      },
      "geometry": {
        "type": "Point",
        "coordinates": [
          112.713037,
          -7.3456095
        ]
      }
    },
    {
      "type": "Feature",
      "properties": {
        "OBJECTID": 165,
        "F_id": "node/320086721",
        "barrier": "toll_booth",
        "name": "Gerbang Tol Waru 1 dan Ramp",
        "operator": null,
        "currency_IDR": "yes",
        "payment_electronic_purses": "yes",
        "motorcycle": null,
        "note": null,
        "name_1": "Gerbang Tol Waru 1 dan Ramp",
        "Tanggal": "2023-06-30",
        "KM_Dari": 0,
        "KM_Sampai": 200,
        "Jalur": "On Ramp Waru",
        "Lajur": "Arah GT Waru 1",
        "Gerbang": "On Ramp Waru",
        "Keterangan": "Scraping Filling AC WC",
        "KM_Asli_Dari": 0,
        "KM_Asli_Sampai": 90,
        "Lokasi_Titik": "Waru 1",
        "Dasar_Pemetaan": "Waru 1"
      },
      "geometry": {
        "type": "Point",
        "coordinates": [
          112.713037,
          -7.3456095
        ]
      }
    },
    {
      "type": "Feature",
      "properties": {
        "OBJECTID": 166,
        "F_id": "node/320086721",
        "barrier": "toll_booth",
        "name": "Gerbang Tol Waru 1 dan Ramp",
        "operator": null,
        "currency_IDR": "yes",
        "payment_electronic_purses": "yes",
        "motorcycle": null,
        "note": null,
        "name_1": "Gerbang Tol Waru 1 dan Ramp",
        "Tanggal": "2023-06-30",
        "KM_Dari": 0,
        "KM_Sampai": 200,
        "Jalur": "On Ramp Waru",
        "Lajur": "Arah GT Waru 1",
        "Gerbang": "On Ramp Waru",
        "Keterangan": "Scraping Filling AC WC",
        "KM_Asli_Dari": 0,
        "KM_Asli_Sampai": 95,
        "Lokasi_Titik": "Waru 1",
        "Dasar_Pemetaan": "Waru 1"
      },
      "geometry": {
        "type": "Point",
        "coordinates": [
          112.713037,
          -7.3456095
        ]
      }
    },
    {
      "type": "Feature",
      "properties": {
        "OBJECTID": 167,
        "F_id": "node/417277418",
        "barrier": "toll_booth",
        "name": "Gerbang Tol Waru Utama",
        "operator": null,
        "currency_IDR": "yes",
        "payment_electronic_purses": "yes",
        "motorcycle": null,
        "note": null,
        "name_1": "Gerbang Tol Waru Utama",
        "Tanggal": "2023-06-30",
        "KM_Dari": 0,
        "KM_Sampai": 200,
        "Jalur": "On Ramp Waru",
        "Lajur": "Arah Waru Utama",
        "Gerbang": "On Ramp Waru",
        "Keterangan": "Scraping Filling AC WC",
        "KM_Asli_Dari": 0,
        "KM_Asli_Sampai": 20,
        "Lokasi_Titik": "Waru Utama",
        "Dasar_Pemetaan": "Waru Utama"
      },
      "geometry": {
        "type": "Point",
        "coordinates": [
          112.7106095,
          -7.3476986
        ]
      }
    },
    {
      "type": "Feature",
      "properties": {
        "OBJECTID": 168,
        "F_id": "node/417277418",
        "barrier": "toll_booth",
        "name": "Gerbang Tol Waru Utama",
        "operator": null,
        "currency_IDR": "yes",
        "payment_electronic_purses": "yes",
        "motorcycle": null,
        "note": null,
        "name_1": "Gerbang Tol Waru Utama",
        "Tanggal": "2023-06-30",
        "KM_Dari": 0,
        "KM_Sampai": 200,
        "Jalur": "On Ramp Waru",
        "Lajur": "Arah Waru Utama",
        "Gerbang": "On Ramp Waru",
        "Keterangan": "Scraping Filling AC WC",
        "KM_Asli_Dari": 0,
        "KM_Asli_Sampai": 200,
        "Lokasi_Titik": "Waru Utama",
        "Dasar_Pemetaan": "Waru Utama"
      },
      "geometry": {
        "type": "Point",
        "coordinates": [
          112.7106095,
          -7.3476986
        ]
      }
    },
    {
      "type": "Feature",
      "properties": {
        "OBJECTID": 169,
        "F_id": "node/417277418",
        "barrier": "toll_booth",
        "name": "Gerbang Tol Waru Utama",
        "operator": null,
        "currency_IDR": "yes",
        "payment_electronic_purses": "yes",
        "motorcycle": null,
        "note": null,
        "name_1": "Gerbang Tol Waru Utama",
        "Tanggal": "2023-06-30",
        "KM_Dari": 0,
        "KM_Sampai": 200,
        "Jalur": "On Ramp Waru",
        "Lajur": "Arah Waru Utama",
        "Gerbang": "On Ramp Waru",
        "Keterangan": "Scraping Filling AC WC",
        "KM_Asli_Dari": 0,
        "KM_Asli_Sampai": 200,
        "Lokasi_Titik": "Waru Utama",
        "Dasar_Pemetaan": "Waru Utama"
      },
      "geometry": {
        "type": "Point",
        "coordinates": [
          112.7106095,
          -7.3476986
        ]
      }
    },
    {
      "type": "Feature",
      "properties": {
        "OBJECTID": 170,
        "F_id": "node/320086721",
        "barrier": "toll_booth",
        "name": "Gerbang Tol Waru 1 dan Ramp",
        "operator": null,
        "currency_IDR": "yes",
        "payment_electronic_purses": "yes",
        "motorcycle": null,
        "note": null,
        "name_1": "Gerbang Tol Waru 1 dan Ramp",
        "Tanggal": "2023-06-30",
        "KM_Dari": 0,
        "KM_Sampai": 200,
        "Jalur": "On Ramp Waru 1",
        "Lajur": "Sblm Gate/B",
        "Gerbang": "On Ramp Waru 1",
        "Keterangan": "Scraping Filling AC WC",
        "KM_Asli_Dari": 0,
        "KM_Asli_Sampai": 50,
        "Lokasi_Titik": "Waru 1",
        "Dasar_Pemetaan": "Waru 1"
      },
      "geometry": {
        "type": "Point",
        "coordinates": [
          112.713037,
          -7.3456095
        ]
      }
    },
    {
      "type": "Feature",
      "properties": {
        "OBJECTID": 171,
        "F_id": "node/320086721",
        "barrier": "toll_booth",
        "name": "Gerbang Tol Waru 1 dan Ramp",
        "operator": null,
        "currency_IDR": "yes",
        "payment_electronic_purses": "yes",
        "motorcycle": null,
        "note": null,
        "name_1": "Gerbang Tol Waru 1 dan Ramp",
        "Tanggal": "2023-06-30",
        "KM_Dari": 0,
        "KM_Sampai": 200,
        "Jalur": "On Ramp Waru 1",
        "Lajur": "Stlh Gate/B",
        "Gerbang": "On Ramp Waru 1",
        "Keterangan": "Scraping Filling AC WC",
        "KM_Asli_Dari": 0,
        "KM_Asli_Sampai": 50,
        "Lokasi_Titik": "Waru 1",
        "Dasar_Pemetaan": "Waru 1"
      },
      "geometry": {
        "type": "Point",
        "coordinates": [
          112.713037,
          -7.3456095
        ]
      }
    },
    {
      "type": "Feature",
      "properties": {
        "OBJECTID": 172,
        "F_id": "node/320086721",
        "barrier": "toll_booth",
        "name": "Gerbang Tol Waru 1 dan Ramp",
        "operator": null,
        "currency_IDR": "yes",
        "payment_electronic_purses": "yes",
        "motorcycle": null,
        "note": null,
        "name_1": "Gerbang Tol Waru 1 dan Ramp",
        "Tanggal": "2023-06-30",
        "KM_Dari": 0,
        "KM_Sampai": 200,
        "Jalur": "On Ramp Waru 1",
        "Lajur": "Stlh Gate/B",
        "Gerbang": "On Ramp Waru 1",
        "Keterangan": "Scraping Filling AC WC",
        "KM_Asli_Dari": 0,
        "KM_Asli_Sampai": 110,
        "Lokasi_Titik": "Waru 1",
        "Dasar_Pemetaan": "Waru 1"
      },
      "geometry": {
        "type": "Point",
        "coordinates": [
          112.713037,
          -7.3456095
        ]
      }
    },
    {
      "type": "Feature",
      "properties": {
        "OBJECTID": 173,
        "F_id": "node/320086721",
        "barrier": "toll_booth",
        "name": "Gerbang Tol Waru 1 dan Ramp",
        "operator": null,
        "currency_IDR": "yes",
        "payment_electronic_purses": "yes",
        "motorcycle": null,
        "note": null,
        "name_1": "Gerbang Tol Waru 1 dan Ramp",
        "Tanggal": "2023-06-30",
        "KM_Dari": 200,
        "KM_Sampai": 400,
        "Jalur": "Akses On Ramp Waru dari Bundaran Waru Arah Ramp 1",
        "Lajur": "Sisi Kanan",
        "Gerbang": "Akses On Ramp Waru dari Bundaran Waru Arah Ramp 1",
        "Keterangan": "Scraping Filling AC WC",
        "KM_Asli_Dari": 200,
        "KM_Asli_Sampai": 220,
        "Lokasi_Titik": "Waru 1",
        "Dasar_Pemetaan": "Waru 1"
      },
      "geometry": {
        "type": "Point",
        "coordinates": [
          112.713037,
          -7.3456095
        ]
      }
    },
    {
      "type": "Feature",
      "properties": {
        "OBJECTID": 174,
        "F_id": "node/417277418",
        "barrier": "toll_booth",
        "name": "Gerbang Tol Waru Utama",
        "operator": null,
        "currency_IDR": "yes",
        "payment_electronic_purses": "yes",
        "motorcycle": null,
        "note": null,
        "name_1": "Gerbang Tol Waru Utama",
        "Tanggal": "2023-06-30",
        "KM_Dari": 200,
        "KM_Sampai": 400,
        "Jalur": "On Ramp Waru",
        "Lajur": "Arah Waru Utama",
        "Gerbang": "On Ramp Waru",
        "Keterangan": "Scraping Filling AC WC",
        "KM_Asli_Dari": 200,
        "KM_Asli_Sampai": 215,
        "Lokasi_Titik": "Waru Utama",
        "Dasar_Pemetaan": "Waru Utama"
      },
      "geometry": {
        "type": "Point",
        "coordinates": [
          112.7106095,
          -7.3476986
        ]
      }
    },
    {
      "type": "Feature",
      "properties": {
        "OBJECTID": 175,
        "F_id": "node/417277418",
        "barrier": "toll_booth",
        "name": "Gerbang Tol Waru Utama",
        "operator": null,
        "currency_IDR": "yes",
        "payment_electronic_purses": "yes",
        "motorcycle": null,
        "note": null,
        "name_1": "Gerbang Tol Waru Utama",
        "Tanggal": "2023-06-30",
        "KM_Dari": 200,
        "KM_Sampai": 400,
        "Jalur": "On Ramp Waru",
        "Lajur": "Arah Waru Utama",
        "Gerbang": "On Ramp Waru",
        "Keterangan": "Scraping Filling AC WC",
        "KM_Asli_Dari": 200,
        "KM_Asli_Sampai": 252,
        "Lokasi_Titik": "Waru Utama",
        "Dasar_Pemetaan": "Waru Utama"
      },
      "geometry": {
        "type": "Point",
        "coordinates": [
          112.7106095,
          -7.3476986
        ]
      }
    },
    {
      "type": "Feature",
      "properties": {
        "OBJECTID": 176,
        "F_id": "node/2623237955",
        "barrier": "toll_booth",
        "name": "Gerbang Tol Waru 6",
        "operator": null,
        "currency_IDR": "yes",
        "payment_electronic_purses": "yes",
        "motorcycle": null,
        "note": null,
        "name_1": "Gerbang Tol Waru 6",
        "Tanggal": "2023-06-30",
        "KM_Dari": 400,
        "KM_Sampai": 600,
        "Jalur": "On Ramp Waru",
        "Lajur": "Arah Medaeng",
        "Gerbang": "On Ramp Waru",
        "Keterangan": "Scraping Filling AC WC",
        "KM_Asli_Dari": 455,
        "KM_Asli_Sampai": 600,
        "Lokasi_Titik": "Waru 6",
        "Dasar_Pemetaan": "Medaeng/Waru 6"
      },
      "geometry": {
        "type": "Point",
        "coordinates": [
          112.7125767,
          -7.3414702
        ]
      }
    },
    {
      "type": "Feature",
      "properties": {
        "OBJECTID": 177,
        "F_id": "node/2623237955",
        "barrier": "toll_booth",
        "name": "Gerbang Tol Waru 6",
        "operator": null,
        "currency_IDR": "yes",
        "payment_electronic_purses": "yes",
        "motorcycle": null,
        "note": null,
        "name_1": "Gerbang Tol Waru 6",
        "Tanggal": "2023-06-30",
        "KM_Dari": 600,
        "KM_Sampai": 800,
        "Jalur": "On Ramp Waru",
        "Lajur": "Arah Medaeng",
        "Gerbang": "On Ramp Waru",
        "Keterangan": "Scraping Filling AC WC",
        "KM_Asli_Dari": 600,
        "KM_Asli_Sampai": 700,
        "Lokasi_Titik": "Waru 6",
        "Dasar_Pemetaan": "Medaeng/Waru 6"
      },
      "geometry": {
        "type": "Point",
        "coordinates": [
          112.7125767,
          -7.3414702
        ]
      }
    },
    {
      "type": "Feature",
      "properties": {
        "OBJECTID": 178,
        "F_id": "node/320086721",
        "barrier": "toll_booth",
        "name": "Gerbang Tol Waru 1 dan Ramp",
        "operator": null,
        "currency_IDR": "yes",
        "payment_electronic_purses": "yes",
        "motorcycle": null,
        "note": null,
        "name_1": "Gerbang Tol Waru 1 dan Ramp",
        "Tanggal": "2023-06-30",
        "KM_Dari": 745000,
        "KM_Sampai": 745200,
        "Jalur": "B",
        "Lajur": "Akses Off Ramp Waru 1",
        "Gerbang": "B",
        "Keterangan": "Scraping Filling AC WC",
        "KM_Asli_Dari": 745003,
        "KM_Asli_Sampai": 745149,
        "Lokasi_Titik": "Waru 1",
        "Dasar_Pemetaan": "Waru 1"
      },
      "geometry": {
        "type": "Point",
        "coordinates": [
          112.713037,
          -7.3456095
        ]
      }
    },
    {
      "type": "Feature",
      "properties": {
        "OBJECTID": 179,
        "F_id": "node/417277418",
        "barrier": "toll_booth",
        "name": "Gerbang Tol Waru Utama",
        "operator": null,
        "currency_IDR": "yes",
        "payment_electronic_purses": "yes",
        "motorcycle": null,
        "note": null,
        "name_1": "Gerbang Tol Waru Utama",
        "Tanggal": "2024-07-22",
        "KM_Dari": 0,
        "KM_Sampai": 200,
        "Jalur": "on ramp waru utama dr medaeng",
        "Lajur": "L1",
        "Gerbang": "on ramp waru utama dr medaeng",
        "Keterangan": "Scraping Filling AC WC",
        "KM_Asli_Dari": 0,
        "KM_Asli_Sampai": 30,
        "Lokasi_Titik": "Waru Utama",
        "Dasar_Pemetaan": "Waru Utama dari Medaeng"
      },
      "geometry": {
        "type": "Point",
        "coordinates": [
          112.7106095,
          -7.3476986
        ]
      }
    },
    {
      "type": "Feature",
      "properties": {
        "OBJECTID": 180,
        "F_id": "node/417277418",
        "barrier": "toll_booth",
        "name": "Gerbang Tol Waru Utama",
        "operator": null,
        "currency_IDR": "yes",
        "payment_electronic_purses": "yes",
        "motorcycle": null,
        "note": null,
        "name_1": "Gerbang Tol Waru Utama",
        "Tanggal": "2024-07-22",
        "KM_Dari": 0,
        "KM_Sampai": 200,
        "Jalur": "on ramp waru utama dr medaeng",
        "Lajur": "L2",
        "Gerbang": "on ramp waru utama dr medaeng",
        "Keterangan": "Scraping Filling AC WC",
        "KM_Asli_Dari": 0,
        "KM_Asli_Sampai": 30,
        "Lokasi_Titik": "Waru Utama",
        "Dasar_Pemetaan": "Waru Utama dari Medaeng"
      },
      "geometry": {
        "type": "Point",
        "coordinates": [
          112.7106095,
          -7.3476986
        ]
      }
    },
    {
      "type": "Feature",
      "properties": {
        "OBJECTID": 181,
        "F_id": "node/417277418",
        "barrier": "toll_booth",
        "name": "Gerbang Tol Waru Utama",
        "operator": null,
        "currency_IDR": "yes",
        "payment_electronic_purses": "yes",
        "motorcycle": null,
        "note": null,
        "name_1": "Gerbang Tol Waru Utama",
        "Tanggal": "2024-07-22",
        "KM_Dari": 0,
        "KM_Sampai": 200,
        "Jalur": "on ramp waru utama dr medaeng ( transisi) sisi kiri",
        "Lajur": "L1",
        "Gerbang": "on ramp waru utama dr medaeng ( transisi) sisi kiri",
        "Keterangan": "Scraping Filling AC WC",
        "KM_Asli_Dari": 0,
        "KM_Asli_Sampai": 25,
        "Lokasi_Titik": "Waru Utama",
        "Dasar_Pemetaan": "Waru Utama dari Medaeng"
      },
      "geometry": {
        "type": "Point",
        "coordinates": [
          112.7106095,
          -7.3476986
        ]
      }
    },
    {
      "type": "Feature",
      "properties": {
        "OBJECTID": 182,
        "F_id": "node/417277418",
        "barrier": "toll_booth",
        "name": "Gerbang Tol Waru Utama",
        "operator": null,
        "currency_IDR": "yes",
        "payment_electronic_purses": "yes",
        "motorcycle": null,
        "note": null,
        "name_1": "Gerbang Tol Waru Utama",
        "Tanggal": "2024-07-22",
        "KM_Dari": 0,
        "KM_Sampai": 200,
        "Jalur": "on ramp waru utama dr medaeng ( transisi) sisi kiri",
        "Lajur": "L2",
        "Gerbang": "on ramp waru utama dr medaeng ( transisi) sisi kiri",
        "Keterangan": "Scraping Filling AC WC",
        "KM_Asli_Dari": 0,
        "KM_Asli_Sampai": 25,
        "Lokasi_Titik": "Waru Utama",
        "Dasar_Pemetaan": "Waru Utama dari Medaeng"
      },
      "geometry": {
        "type": "Point",
        "coordinates": [
          112.7106095,
          -7.3476986
        ]
      }
    },
    {
      "type": "Feature",
      "properties": {
        "OBJECTID": 183,
        "F_id": "node/2623237955",
        "barrier": "toll_booth",
        "name": "Gerbang Tol Waru 6",
        "operator": null,
        "currency_IDR": "yes",
        "payment_electronic_purses": "yes",
        "motorcycle": null,
        "note": null,
        "name_1": "Gerbang Tol Waru 6",
        "Tanggal": "2025-07-16",
        "KM_Dari": 0,
        "KM_Sampai": 200,
        "Jalur": "On Ramp Waru Dari Medaeng",
        "Lajur": "L3",
        "Gerbang": "On Ramp Waru Dari Medaeng",
        "Keterangan": "Scraping Filling AC WC",
        "KM_Asli_Dari": 0,
        "KM_Asli_Sampai": 200,
        "Lokasi_Titik": "Waru 6",
        "Dasar_Pemetaan": "Medaeng/Waru 6"
      },
      "geometry": {
        "type": "Point",
        "coordinates": [
          112.7125767,
          -7.3414702
        ]
      }
    },
    {
      "type": "Feature",
      "properties": {
        "OBJECTID": 184,
        "F_id": "node/2623237955",
        "barrier": "toll_booth",
        "name": "Gerbang Tol Waru 6",
        "operator": null,
        "currency_IDR": "yes",
        "payment_electronic_purses": "yes",
        "motorcycle": null,
        "note": null,
        "name_1": "Gerbang Tol Waru 6",
        "Tanggal": "2025-07-16",
        "KM_Dari": 200,
        "KM_Sampai": 400,
        "Jalur": "On Ramp Waru Dari Medaeng",
        "Lajur": "L3",
        "Gerbang": "On Ramp Waru Dari Medaeng",
        "Keterangan": "Scraping Filling AC WC",
        "KM_Asli_Dari": 200,
        "KM_Asli_Sampai": 259,
        "Lokasi_Titik": "Waru 6",
        "Dasar_Pemetaan": "Medaeng/Waru 6"
      },
      "geometry": {
        "type": "Point",
        "coordinates": [
          112.7125767,
          -7.3414702
        ]
      }
    },
    {
      "type": "Feature",
      "properties": {
        "OBJECTID": 185,
        "F_id": "node/2623237955",
        "barrier": "toll_booth",
        "name": "Gerbang Tol Waru 6",
        "operator": null,
        "currency_IDR": "yes",
        "payment_electronic_purses": "yes",
        "motorcycle": null,
        "note": null,
        "name_1": "Gerbang Tol Waru 6",
        "Tanggal": "2025-07-26",
        "KM_Dari": 0,
        "KM_Sampai": 200,
        "Jalur": "On Ramp Waru Dari Medaeng",
        "Lajur": "-",
        "Gerbang": "On Ramp Waru Dari Medaeng",
        "Keterangan": "Scraping Filling AC WC",
        "KM_Asli_Dari": 0,
        "KM_Asli_Sampai": 52,
        "Lokasi_Titik": "Waru 6",
        "Dasar_Pemetaan": "Medaeng/Waru 6"
      },
      "geometry": {
        "type": "Point",
        "coordinates": [
          112.7125767,
          -7.3414702
        ]
      }
    },
    {
      "type": "Feature",
      "properties": {
        "OBJECTID": 186,
        "F_id": "node/2623237955",
        "barrier": "toll_booth",
        "name": "Gerbang Tol Waru 6",
        "operator": null,
        "currency_IDR": "yes",
        "payment_electronic_purses": "yes",
        "motorcycle": null,
        "note": null,
        "name_1": "Gerbang Tol Waru 6",
        "Tanggal": "2025-07-26",
        "KM_Dari": 0,
        "KM_Sampai": 200,
        "Jalur": "On Ramp Waru Dari Medaeng",
        "Lajur": "-",
        "Gerbang": "On Ramp Waru Dari Medaeng",
        "Keterangan": "Scraping Filling AC WC",
        "KM_Asli_Dari": 0,
        "KM_Asli_Sampai": 91,
        "Lokasi_Titik": "Waru 6",
        "Dasar_Pemetaan": "Medaeng/Waru 6"
      },
      "geometry": {
        "type": "Point",
        "coordinates": [
          112.7125767,
          -7.3414702
        ]
      }
    },
    {
      "type": "Feature",
      "properties": {
        "OBJECTID": 187,
        "F_id": "node/2623237955",
        "barrier": "toll_booth",
        "name": "Gerbang Tol Waru 6",
        "operator": null,
        "currency_IDR": "yes",
        "payment_electronic_purses": "yes",
        "motorcycle": null,
        "note": null,
        "name_1": "Gerbang Tol Waru 6",
        "Tanggal": "2025-07-26",
        "KM_Dari": 0,
        "KM_Sampai": 200,
        "Jalur": "On Ramp Waru Dari Medaeng",
        "Lajur": "-",
        "Gerbang": "On Ramp Waru Dari Medaeng",
        "Keterangan": "Scraping Filling AC WC",
        "KM_Asli_Dari": 0,
        "KM_Asli_Sampai": 91,
        "Lokasi_Titik": "Waru 6",
        "Dasar_Pemetaan": "Medaeng/Waru 6"
      },
      "geometry": {
        "type": "Point",
        "coordinates": [
          112.7125767,
          -7.3414702
        ]
      }
    },
    {
      "type": "Feature",
      "properties": {
        "OBJECTID": 188,
        "F_id": "node/2623237955",
        "barrier": "toll_booth",
        "name": "Gerbang Tol Waru 6",
        "operator": null,
        "currency_IDR": "yes",
        "payment_electronic_purses": "yes",
        "motorcycle": null,
        "note": null,
        "name_1": "Gerbang Tol Waru 6",
        "Tanggal": "2025-07-26",
        "KM_Dari": 0,
        "KM_Sampai": 200,
        "Jalur": "On Ramp Waru Dari Medaeng",
        "Lajur": "-",
        "Gerbang": "On Ramp Waru Dari Medaeng",
        "Keterangan": "Scraping Filling AC WC",
        "KM_Asli_Dari": 0,
        "KM_Asli_Sampai": 174,
        "Lokasi_Titik": "Waru 6",
        "Dasar_Pemetaan": "Medaeng/Waru 6"
      },
      "geometry": {
        "type": "Point",
        "coordinates": [
          112.7125767,
          -7.3414702
        ]
      }
    },
    {
      "type": "Feature",
      "properties": {
        "OBJECTID": 189,
        "F_id": "node/660562704",
        "barrier": "toll_booth",
        "name": "Gerbang Tol Menanggal",
        "operator": null,
        "currency_IDR": null,
        "payment_electronic_purses": null,
        "motorcycle": null,
        "note": null,
        "name_1": "Gerbang Tol Menanggal",
        "Tanggal": "2025-08-22",
        "KM_Dari": 0,
        "KM_Sampai": 200,
        "Jalur": "Off Ramp Jambangan",
        "Lajur": "L1",
        "Gerbang": "Off Ramp Jambangan",
        "Keterangan": "Scraping Filling AC WC",
        "KM_Asli_Dari": 0,
        "KM_Asli_Sampai": 200,
        "Lokasi_Titik": "Menanggal/Jambangan",
        "Dasar_Pemetaan": "Jambangan"
      },
      "geometry": {
        "type": "Point",
        "coordinates": [
          112.7347047,
          -7.3446841
        ]
      }
    },
    {
      "type": "Feature",
      "properties": {
        "OBJECTID": 190,
        "F_id": "node/660562704",
        "barrier": "toll_booth",
        "name": "Gerbang Tol Menanggal",
        "operator": null,
        "currency_IDR": null,
        "payment_electronic_purses": null,
        "motorcycle": null,
        "note": null,
        "name_1": "Gerbang Tol Menanggal",
        "Tanggal": "2025-08-22",
        "KM_Dari": 200,
        "KM_Sampai": 400,
        "Jalur": "Off Ramp Jambangan",
        "Lajur": "L1",
        "Gerbang": "Off Ramp Jambangan",
        "Keterangan": "Scraping Filling AC WC",
        "KM_Asli_Dari": 200,
        "KM_Asli_Sampai": 310,
        "Lokasi_Titik": "Menanggal/Jambangan",
        "Dasar_Pemetaan": "Jambangan"
      },
      "geometry": {
        "type": "Point",
        "coordinates": [
          112.7347047,
          -7.3446841
        ]
      }
    },
    {
      "type": "Feature",
      "properties": {
        "OBJECTID": 191,
        "F_id": "node/660562704",
        "barrier": "toll_booth",
        "name": "Gerbang Tol Menanggal",
        "operator": null,
        "currency_IDR": null,
        "payment_electronic_purses": null,
        "motorcycle": null,
        "note": null,
        "name_1": "Gerbang Tol Menanggal",
        "Tanggal": "2025-08-23",
        "KM_Dari": 0,
        "KM_Sampai": 200,
        "Jalur": "Off Ramp Jambangan Lanjutan",
        "Lajur": "L1",
        "Gerbang": "Off Ramp Jambangan Lanjutan",
        "Keterangan": "Scraping Filling AC WC",
        "KM_Asli_Dari": 0,
        "KM_Asli_Sampai": 200,
        "Lokasi_Titik": "Menanggal/Jambangan",
        "Dasar_Pemetaan": "Jambangan"
      },
      "geometry": {
        "type": "Point",
        "coordinates": [
          112.7347047,
          -7.3446841
        ]
      }
    },
    {
      "type": "Feature",
      "properties": {
        "OBJECTID": 192,
        "F_id": "node/660562704",
        "barrier": "toll_booth",
        "name": "Gerbang Tol Menanggal",
        "operator": null,
        "currency_IDR": null,
        "payment_electronic_purses": null,
        "motorcycle": null,
        "note": null,
        "name_1": "Gerbang Tol Menanggal",
        "Tanggal": "2025-08-23",
        "KM_Dari": 200,
        "KM_Sampai": 400,
        "Jalur": "Off Ramp Jambangan Lanjutan",
        "Lajur": "L1",
        "Gerbang": "Off Ramp Jambangan Lanjutan",
        "Keterangan": "Scraping Filling AC WC",
        "KM_Asli_Dari": 200,
        "KM_Asli_Sampai": 311,
        "Lokasi_Titik": "Menanggal/Jambangan",
        "Dasar_Pemetaan": "Jambangan"
      },
      "geometry": {
        "type": "Point",
        "coordinates": [
          112.7347047,
          -7.3446841
        ]
      }
    },
    {
      "type": "Feature",
      "properties": {
        "OBJECTID": 193,
        "F_id": "node/660562704",
        "barrier": "toll_booth",
        "name": "Gerbang Tol Menanggal",
        "operator": null,
        "currency_IDR": null,
        "payment_electronic_purses": null,
        "motorcycle": null,
        "note": null,
        "name_1": "Gerbang Tol Menanggal",
        "Tanggal": "2025-08-25",
        "KM_Dari": 0,
        "KM_Sampai": 200,
        "Jalur": "Off Ramp Jambangan Lanjutan",
        "Lajur": "L1",
        "Gerbang": "Off Ramp Jambangan Lanjutan",
        "Keterangan": "Scraping Filling AC WC",
        "KM_Asli_Dari": 0,
        "KM_Asli_Sampai": 89,
        "Lokasi_Titik": "Menanggal/Jambangan",
        "Dasar_Pemetaan": "Jambangan"
      },
      "geometry": {
        "type": "Point",
        "coordinates": [
          112.7347047,
          -7.3446841
        ]
      }
    },
    {
      "type": "Feature",
      "properties": {
        "OBJECTID": 194,
        "F_id": "node/2623237955",
        "barrier": "toll_booth",
        "name": "Gerbang Tol Waru 6",
        "operator": null,
        "currency_IDR": "yes",
        "payment_electronic_purses": "yes",
        "motorcycle": null,
        "note": null,
        "name_1": "Gerbang Tol Waru 6",
        "Tanggal": "2025-09-14",
        "KM_Dari": 0,
        "KM_Sampai": 200,
        "Jalur": "Off Ramp Medaeng (keluar GT Waru 6)",
        "Lajur": "-",
        "Gerbang": "Off Ramp Medaeng (keluar GT Waru 6)",
        "Keterangan": "Scraping Filling AC WC",
        "KM_Asli_Dari": 0,
        "KM_Asli_Sampai": 27,
        "Lokasi_Titik": "Waru 6",
        "Dasar_Pemetaan": "Medaeng/Waru 6"
      },
      "geometry": {
        "type": "Point",
        "coordinates": [
          112.7125767,
          -7.3414702
        ]
      }
    },
    {
      "type": "Feature",
      "properties": {
        "OBJECTID": 195,
        "F_id": "node/2623237955",
        "barrier": "toll_booth",
        "name": "Gerbang Tol Waru 6",
        "operator": null,
        "currency_IDR": "yes",
        "payment_electronic_purses": "yes",
        "motorcycle": null,
        "note": null,
        "name_1": "Gerbang Tol Waru 6",
        "Tanggal": "2025-09-14",
        "KM_Dari": 0,
        "KM_Sampai": 200,
        "Jalur": "Off Ramp Medaeng (keluar GT Waru 6)",
        "Lajur": "-",
        "Gerbang": "Off Ramp Medaeng (keluar GT Waru 6)",
        "Keterangan": "Scraping Filling AC WC",
        "KM_Asli_Dari": 0,
        "KM_Asli_Sampai": 50,
        "Lokasi_Titik": "Waru 6",
        "Dasar_Pemetaan": "Medaeng/Waru 6"
      },
      "geometry": {
        "type": "Point",
        "coordinates": [
          112.7125767,
          -7.3414702
        ]
      }
    },
    {
      "type": "Feature",
      "properties": {
        "OBJECTID": 196,
        "F_id": "node/2623237955",
        "barrier": "toll_booth",
        "name": "Gerbang Tol Waru 6",
        "operator": null,
        "currency_IDR": "yes",
        "payment_electronic_purses": "yes",
        "motorcycle": null,
        "note": null,
        "name_1": "Gerbang Tol Waru 6",
        "Tanggal": "2025-09-14",
        "KM_Dari": 0,
        "KM_Sampai": 200,
        "Jalur": "Off Ramp Medaeng (keluar GT Waru 6)",
        "Lajur": "-",
        "Gerbang": "Off Ramp Medaeng (keluar GT Waru 6)",
        "Keterangan": "Scraping Filling AC WC",
        "KM_Asli_Dari": 0,
        "KM_Asli_Sampai": 87,
        "Lokasi_Titik": "Waru 6",
        "Dasar_Pemetaan": "Medaeng/Waru 6"
      },
      "geometry": {
        "type": "Point",
        "coordinates": [
          112.7125767,
          -7.3414702
        ]
      }
    },
    {
      "type": "Feature",
      "properties": {
        "OBJECTID": 197,
        "F_id": "node/2623237955",
        "barrier": "toll_booth",
        "name": "Gerbang Tol Waru 6",
        "operator": null,
        "currency_IDR": "yes",
        "payment_electronic_purses": "yes",
        "motorcycle": null,
        "note": null,
        "name_1": "Gerbang Tol Waru 6",
        "Tanggal": "2025-09-15",
        "KM_Dari": 0,
        "KM_Sampai": 200,
        "Jalur": "Off Ramp Medaeng (keluar GT Waru 6)",
        "Lajur": "-",
        "Gerbang": "Off Ramp Medaeng (keluar GT Waru 6)",
        "Keterangan": "Scraping Filling AC WC",
        "KM_Asli_Dari": 0,
        "KM_Asli_Sampai": 117,
        "Lokasi_Titik": "Waru 6",
        "Dasar_Pemetaan": "Medaeng/Waru 6"
      },
      "geometry": {
        "type": "Point",
        "coordinates": [
          112.7125767,
          -7.3414702
        ]
      }
    },
    {
      "type": "Feature",
      "properties": {
        "OBJECTID": 198,
        "F_id": "node/2623237955",
        "barrier": "toll_booth",
        "name": "Gerbang Tol Waru 6",
        "operator": null,
        "currency_IDR": "yes",
        "payment_electronic_purses": "yes",
        "motorcycle": null,
        "note": null,
        "name_1": "Gerbang Tol Waru 6",
        "Tanggal": "2025-09-15",
        "KM_Dari": 0,
        "KM_Sampai": 200,
        "Jalur": "Off Ramp Medaeng (keluar GT Waru 6)",
        "Lajur": "-",
        "Gerbang": "Off Ramp Medaeng (keluar GT Waru 6)",
        "Keterangan": "Scraping Filling AC BC",
        "KM_Asli_Dari": 0,
        "KM_Asli_Sampai": 154,
        "Lokasi_Titik": "Waru 6",
        "Dasar_Pemetaan": "Medaeng/Waru 6"
      },
      "geometry": {
        "type": "Point",
        "coordinates": [
          112.7125767,
          -7.3414702
        ]
      }
    },
    {
      "type": "Feature",
      "properties": {
        "OBJECTID": 199,
        "F_id": "node/320086721",
        "barrier": "toll_booth",
        "name": "Gerbang Tol Waru 1 dan Ramp",
        "operator": null,
        "currency_IDR": "yes",
        "payment_electronic_purses": "yes",
        "motorcycle": null,
        "note": null,
        "name_1": "Gerbang Tol Waru 1 dan Ramp",
        "Tanggal": "2025-09-16",
        "KM_Dari": 0,
        "KM_Sampai": 200,
        "Jalur": "On Ramp Waru 1 dan Ramp",
        "Lajur": "-",
        "Gerbang": "On Ramp Waru 1 dan Ramp",
        "Keterangan": "Scraping Filling AC WC",
        "KM_Asli_Dari": 0,
        "KM_Asli_Sampai": 49,
        "Lokasi_Titik": "Waru 1",
        "Dasar_Pemetaan": "Waru 1"
      },
      "geometry": {
        "type": "Point",
        "coordinates": [
          112.713037,
          -7.3456095
        ]
      }
    },
    {
      "type": "Feature",
      "properties": {
        "OBJECTID": 200,
        "F_id": "node/320086721",
        "barrier": "toll_booth",
        "name": "Gerbang Tol Waru 1 dan Ramp",
        "operator": null,
        "currency_IDR": "yes",
        "payment_electronic_purses": "yes",
        "motorcycle": null,
        "note": null,
        "name_1": "Gerbang Tol Waru 1 dan Ramp",
        "Tanggal": "2025-09-16",
        "KM_Dari": 0,
        "KM_Sampai": 200,
        "Jalur": "On Ramp Waru 1 dan Ramp",
        "Lajur": "-",
        "Gerbang": "On Ramp Waru 1 dan Ramp",
        "Keterangan": "Scraping Filling AC WC",
        "KM_Asli_Dari": 0,
        "KM_Asli_Sampai": 173,
        "Lokasi_Titik": "Waru 1",
        "Dasar_Pemetaan": "Waru 1"
      },
      "geometry": {
        "type": "Point",
        "coordinates": [
          112.713037,
          -7.3456095
        ]
      }
    },
    {
      "type": "Feature",
      "properties": {
        "OBJECTID": 201,
        "F_id": "node/320086721",
        "barrier": "toll_booth",
        "name": "Gerbang Tol Waru 1 dan Ramp",
        "operator": null,
        "currency_IDR": "yes",
        "payment_electronic_purses": "yes",
        "motorcycle": null,
        "note": null,
        "name_1": "Gerbang Tol Waru 1 dan Ramp",
        "Tanggal": "2025-09-17",
        "KM_Dari": 0,
        "KM_Sampai": 200,
        "Jalur": "On Ramp Waru 1 dan Ramp lanjutan",
        "Lajur": "-",
        "Gerbang": "On Ramp Waru 1 dan Ramp lanjutan",
        "Keterangan": "Scraping Filling AC WC",
        "KM_Asli_Dari": 0,
        "KM_Asli_Sampai": 200,
        "Lokasi_Titik": "Waru 1",
        "Dasar_Pemetaan": "Waru 1"
      },
      "geometry": {
        "type": "Point",
        "coordinates": [
          112.713037,
          -7.3456095
        ]
      }
    },
    {
      "type": "Feature",
      "properties": {
        "OBJECTID": 202,
        "F_id": "node/320086721",
        "barrier": "toll_booth",
        "name": "Gerbang Tol Waru 1 dan Ramp",
        "operator": null,
        "currency_IDR": "yes",
        "payment_electronic_purses": "yes",
        "motorcycle": null,
        "note": null,
        "name_1": "Gerbang Tol Waru 1 dan Ramp",
        "Tanggal": "2025-09-17",
        "KM_Dari": 200,
        "KM_Sampai": 400,
        "Jalur": "On Ramp Waru 1 dan Ramp lanjutan",
        "Lajur": "-",
        "Gerbang": "On Ramp Waru 1 dan Ramp lanjutan",
        "Keterangan": "Scraping Filling AC WC",
        "KM_Asli_Dari": 200,
        "KM_Asli_Sampai": 224,
        "Lokasi_Titik": "Waru 1",
        "Dasar_Pemetaan": "Waru 1"
      },
      "geometry": {
        "type": "Point",
        "coordinates": [
          112.713037,
          -7.3456095
        ]
      }
    },
    {
      "type": "Feature",
      "properties": {
        "OBJECTID": 203,
        "F_id": "node/320086721",
        "barrier": "toll_booth",
        "name": "Gerbang Tol Waru 1 dan Ramp",
        "operator": null,
        "currency_IDR": "yes",
        "payment_electronic_purses": "yes",
        "motorcycle": null,
        "note": null,
        "name_1": "Gerbang Tol Waru 1 dan Ramp",
        "Tanggal": "2025-09-18",
        "KM_Dari": 0,
        "KM_Sampai": 200,
        "Jalur": "Off Ramp Waru 1 dan Ramp",
        "Lajur": "-",
        "Gerbang": "Off Ramp Waru 1 dan Ramp",
        "Keterangan": "Scraping Filling AC WC",
        "KM_Asli_Dari": 0,
        "KM_Asli_Sampai": 85,
        "Lokasi_Titik": "Waru 1",
        "Dasar_Pemetaan": "Waru 1"
      },
      "geometry": {
        "type": "Point",
        "coordinates": [
          112.713037,
          -7.3456095
        ]
      }
    },
    {
      "type": "Feature",
      "properties": {
        "OBJECTID": 204,
        "F_id": "node/320086721",
        "barrier": "toll_booth",
        "name": "Gerbang Tol Waru 1 dan Ramp",
        "operator": null,
        "currency_IDR": "yes",
        "payment_electronic_purses": "yes",
        "motorcycle": null,
        "note": null,
        "name_1": "Gerbang Tol Waru 1 dan Ramp",
        "Tanggal": "2025-09-19",
        "KM_Dari": 0,
        "KM_Sampai": 200,
        "Jalur": "On Ramp Waru 1 dan Ramp (setelah GT)",
        "Lajur": "-",
        "Gerbang": "On Ramp Waru 1 dan Ramp (setelah GT)",
        "Keterangan": "Scraping Filling AC WC",
        "KM_Asli_Dari": 0,
        "KM_Asli_Sampai": 127,
        "Lokasi_Titik": "Waru 1",
        "Dasar_Pemetaan": "Waru 1"
      },
      "geometry": {
        "type": "Point",
        "coordinates": [
          112.713037,
          -7.3456095
        ]
      }
    },
    {
      "type": "Feature",
      "properties": {
        "OBJECTID": 205,
        "F_id": "node/320086721",
        "barrier": "toll_booth",
        "name": "Gerbang Tol Waru 1 dan Ramp",
        "operator": null,
        "currency_IDR": "yes",
        "payment_electronic_purses": "yes",
        "motorcycle": null,
        "note": null,
        "name_1": "Gerbang Tol Waru 1 dan Ramp",
        "Tanggal": "2025-09-20",
        "KM_Dari": 0,
        "KM_Sampai": 200,
        "Jalur": "On Ramp Waru 1 & Ramp (setelah GT) lanjutan",
        "Lajur": "-",
        "Gerbang": "On Ramp Waru 1 & Ramp (setelah GT) lanjutan",
        "Keterangan": "Scraping Filling AC WC",
        "KM_Asli_Dari": 0,
        "KM_Asli_Sampai": 175,
        "Lokasi_Titik": "Waru 1",
        "Dasar_Pemetaan": "Waru 1"
      },
      "geometry": {
        "type": "Point",
        "coordinates": [
          112.713037,
          -7.3456095
        ]
      }
    },
    {
      "type": "Feature",
      "properties": {
        "OBJECTID": 206,
        "F_id": "node/6986209640",
        "barrier": "toll_booth",
        "name": "Sidoarjo Exit Gate",
        "operator": null,
        "currency_IDR": null,
        "payment_electronic_purses": null,
        "motorcycle": null,
        "note": null,
        "name_1": "Sidoarjo Exit Gate",
        "Tanggal": "2023-06-30",
        "KM_Dari": 0,
        "KM_Sampai": 200,
        "Jalur": "Off Ramp Sidoarjo 1",
        "Lajur": "Sebelum Gate / A",
        "Gerbang": "Off Ramp Sidoarjo 1",
        "Keterangan": "Scraping Filling AC WC",
        "KM_Asli_Dari": 0,
        "KM_Asli_Sampai": 55,
        "Lokasi_Titik": "Sidoarjo Exit",
        "Dasar_Pemetaan": "Sidoarjo keluar"
      },
      "geometry": {
        "type": "Point",
        "coordinates": [
          112.6998567,
          -7.4464282
        ]
      }
    },
    {
      "type": "Feature",
      "properties": {
        "OBJECTID": 207,
        "F_id": "node/6986209640",
        "barrier": "toll_booth",
        "name": "Sidoarjo Exit Gate",
        "operator": null,
        "currency_IDR": null,
        "payment_electronic_purses": null,
        "motorcycle": null,
        "note": null,
        "name_1": "Sidoarjo Exit Gate",
        "Tanggal": "2023-06-30",
        "KM_Dari": 0,
        "KM_Sampai": 200,
        "Jalur": "Off Ramp Sidoarjo 1",
        "Lajur": "Sebelum Gate / A",
        "Gerbang": "Off Ramp Sidoarjo 1",
        "Keterangan": "Scraping Filling AC WC",
        "KM_Asli_Dari": 0,
        "KM_Asli_Sampai": 75,
        "Lokasi_Titik": "Sidoarjo Exit",
        "Dasar_Pemetaan": "Sidoarjo keluar"
      },
      "geometry": {
        "type": "Point",
        "coordinates": [
          112.6998567,
          -7.4464282
        ]
      }
    },
    {
      "type": "Feature",
      "properties": {
        "OBJECTID": 208,
        "F_id": "node/6986209640",
        "barrier": "toll_booth",
        "name": "Sidoarjo Exit Gate",
        "operator": null,
        "currency_IDR": null,
        "payment_electronic_purses": null,
        "motorcycle": null,
        "note": null,
        "name_1": "Sidoarjo Exit Gate",
        "Tanggal": "2023-06-30",
        "KM_Dari": 0,
        "KM_Sampai": 200,
        "Jalur": "Off Ramp Sidoarjo 1",
        "Lajur": "Setelah Gate / A",
        "Gerbang": "Off Ramp Sidoarjo 1",
        "Keterangan": "Scraping Filling AC WC",
        "KM_Asli_Dari": 0,
        "KM_Asli_Sampai": 25,
        "Lokasi_Titik": "Sidoarjo Exit",
        "Dasar_Pemetaan": "Sidoarjo keluar"
      },
      "geometry": {
        "type": "Point",
        "coordinates": [
          112.6998567,
          -7.4464282
        ]
      }
    },
    {
      "type": "Feature",
      "properties": {
        "OBJECTID": 209,
        "F_id": "node/6986209640",
        "barrier": "toll_booth",
        "name": "Sidoarjo Exit Gate",
        "operator": null,
        "currency_IDR": null,
        "payment_electronic_purses": null,
        "motorcycle": null,
        "note": null,
        "name_1": "Sidoarjo Exit Gate",
        "Tanggal": "2023-06-30",
        "KM_Dari": 0,
        "KM_Sampai": 200,
        "Jalur": "Off Ramp Sidoarjo 1",
        "Lajur": "Setelah Gate / A",
        "Gerbang": "Off Ramp Sidoarjo 1",
        "Keterangan": "Scraping Filling AC WC",
        "KM_Asli_Dari": 0,
        "KM_Asli_Sampai": 25,
        "Lokasi_Titik": "Sidoarjo Exit",
        "Dasar_Pemetaan": "Sidoarjo keluar"
      },
      "geometry": {
        "type": "Point",
        "coordinates": [
          112.6998567,
          -7.4464282
        ]
      }
    },
    {
      "type": "Feature",
      "properties": {
        "OBJECTID": 210,
        "F_id": "node/6986209640",
        "barrier": "toll_booth",
        "name": "Sidoarjo Exit Gate",
        "operator": null,
        "currency_IDR": null,
        "payment_electronic_purses": null,
        "motorcycle": null,
        "note": null,
        "name_1": "Sidoarjo Exit Gate",
        "Tanggal": "2024-07-31",
        "KM_Dari": 0,
        "KM_Sampai": 200,
        "Jalur": "TRANSISI OFF RAMP SIDOARJO",
        "Lajur": "L1",
        "Gerbang": "TRANSISI OFF RAMP SIDOARJO",
        "Keterangan": "Scraping Filling AC WC",
        "KM_Asli_Dari": 0,
        "KM_Asli_Sampai": 188,
        "Lokasi_Titik": "Sidoarjo Exit",
        "Dasar_Pemetaan": "Sidoarjo keluar"
      },
      "geometry": {
        "type": "Point",
        "coordinates": [
          112.6998567,
          -7.4464282
        ]
      }
    },
    {
      "type": "Feature",
      "properties": {
        "OBJECTID": 211,
        "F_id": "node/6986209640",
        "barrier": "toll_booth",
        "name": "Sidoarjo Exit Gate",
        "operator": null,
        "currency_IDR": null,
        "payment_electronic_purses": null,
        "motorcycle": null,
        "note": null,
        "name_1": "Sidoarjo Exit Gate",
        "Tanggal": "2025-09-21",
        "KM_Dari": 0,
        "KM_Sampai": 200,
        "Jalur": "Sebelum Off Ramp Sidoarjo 1",
        "Lajur": "-",
        "Gerbang": "Sebelum Off Ramp Sidoarjo 1",
        "Keterangan": "Scraping Filling AC WC",
        "KM_Asli_Dari": 0,
        "KM_Asli_Sampai": 173,
        "Lokasi_Titik": "Sidoarjo Exit",
        "Dasar_Pemetaan": "Sidoarjo keluar"
      },
      "geometry": {
        "type": "Point",
        "coordinates": [
          112.6998567,
          -7.4464282
        ]
      }
    },
    {
      "type": "Feature",
      "properties": {
        "OBJECTID": 212,
        "F_id": "node/6986209640",
        "barrier": "toll_booth",
        "name": "Sidoarjo Exit Gate",
        "operator": null,
        "currency_IDR": null,
        "payment_electronic_purses": null,
        "motorcycle": null,
        "note": null,
        "name_1": "Sidoarjo Exit Gate",
        "Tanggal": "2025-09-22",
        "KM_Dari": 0,
        "KM_Sampai": 200,
        "Jalur": "Off Ramp Sidoarjo 1",
        "Lajur": "L1",
        "Gerbang": "Off Ramp Sidoarjo 1",
        "Keterangan": "Scraping Filling AC WC",
        "KM_Asli_Dari": 0,
        "KM_Asli_Sampai": 124,
        "Lokasi_Titik": "Sidoarjo Exit",
        "Dasar_Pemetaan": "Sidoarjo keluar"
      },
      "geometry": {
        "type": "Point",
        "coordinates": [
          112.6998567,
          -7.4464282
        ]
      }
    },
    {
      "type": "Feature",
      "properties": {
        "OBJECTID": 213,
        "F_id": "node/6986209640",
        "barrier": "toll_booth",
        "name": "Sidoarjo Exit Gate",
        "operator": null,
        "currency_IDR": null,
        "payment_electronic_purses": null,
        "motorcycle": null,
        "note": null,
        "name_1": "Sidoarjo Exit Gate",
        "Tanggal": "2025-10-28",
        "KM_Dari": 756200,
        "KM_Sampai": 756400,
        "Jalur": "B",
        "Lajur": "Off Ramp",
        "Gerbang": "B",
        "Keterangan": "Scrapping Filling AC WC",
        "KM_Asli_Dari": 756233,
        "KM_Asli_Sampai": 756260,
        "Lokasi_Titik": "Sidoarjo Exit",
        "Dasar_Pemetaan": "KM 756 / Off Ramp Sidoarjo"
      },
      "geometry": {
        "type": "Point",
        "coordinates": [
          112.6998567,
          -7.4464282
        ]
      }
    },
    {
      "type": "Feature",
      "properties": {
        "OBJECTID": 214,
        "F_id": "node/420927476",
        "barrier": "toll_booth",
        "name": "Porong",
        "operator": null,
        "currency_IDR": null,
        "payment_electronic_purses": null,
        "motorcycle": null,
        "note": null,
        "name_1": "Porong",
        "Tanggal": "2025-07-22",
        "KM_Dari": 0,
        "KM_Sampai": 200,
        "Jalur": "On Ramp Porong",
        "Lajur": "L1",
        "Gerbang": "On Ramp Porong",
        "Keterangan": "Scraping Filling AC WC",
        "KM_Asli_Dari": 0,
        "KM_Asli_Sampai": 95,
        "Lokasi_Titik": "Porong",
        "Dasar_Pemetaan": "Porong"
      },
      "geometry": {
        "type": "Point",
        "coordinates": [
          112.6993326,
          -7.5073894
        ]
      }
    },
    {
      "type": "Feature",
      "properties": {
        "OBJECTID": 215,
        "F_id": "node/420927476",
        "barrier": "toll_booth",
        "name": "Porong",
        "operator": null,
        "currency_IDR": null,
        "payment_electronic_purses": null,
        "motorcycle": null,
        "note": null,
        "name_1": "Porong",
        "Tanggal": "2025-07-22",
        "KM_Dari": 0,
        "KM_Sampai": 200,
        "Jalur": "On Ramp Porong",
        "Lajur": "L1",
        "Gerbang": "On Ramp Porong",
        "Keterangan": "Scraping Filling AC WC",
        "KM_Asli_Dari": 0,
        "KM_Asli_Sampai": 140,
        "Lokasi_Titik": "Porong",
        "Dasar_Pemetaan": "Porong"
      },
      "geometry": {
        "type": "Point",
        "coordinates": [
          112.6993326,
          -7.5073894
        ]
      }
    },
    {
      "type": "Feature",
      "properties": {
        "OBJECTID": 216,
        "F_id": "node/420927476",
        "barrier": "toll_booth",
        "name": "Porong",
        "operator": null,
        "currency_IDR": null,
        "payment_electronic_purses": null,
        "motorcycle": null,
        "note": null,
        "name_1": "Porong",
        "Tanggal": "2025-09-28",
        "KM_Dari": 0,
        "KM_Sampai": 200,
        "Jalur": "Off Ramp Porong",
        "Lajur": "-",
        "Gerbang": "Off Ramp Porong",
        "Keterangan": "Overlay AC WC",
        "KM_Asli_Dari": 0,
        "KM_Asli_Sampai": 60,
        "Lokasi_Titik": "Porong",
        "Dasar_Pemetaan": "Porong"
      },
      "geometry": {
        "type": "Point",
        "coordinates": [
          112.6993326,
          -7.5073894
        ]
      }
    },
    {
      "type": "Feature",
      "properties": {
        "OBJECTID": 217,
        "F_id": "node/420927476",
        "barrier": "toll_booth",
        "name": "Porong",
        "operator": null,
        "currency_IDR": null,
        "payment_electronic_purses": null,
        "motorcycle": null,
        "note": null,
        "name_1": "Porong",
        "Tanggal": "2026-01-01",
        "KM_Dari": 0,
        "KM_Sampai": 200,
        "Jalur": "B",
        "Lajur": "On Ramp Porong",
        "Gerbang": "B",
        "Keterangan": "Overlay",
        "KM_Asli_Dari": 0,
        "KM_Asli_Sampai": 200,
        "Lokasi_Titik": "Porong",
        "Dasar_Pemetaan": "Porong"
      },
      "geometry": {
        "type": "Point",
        "coordinates": [
          112.6993326,
          -7.5073894
        ]
      }
    },
    {
      "type": "Feature",
      "properties": {
        "OBJECTID": 218,
        "F_id": "node/420927476",
        "barrier": "toll_booth",
        "name": "Porong",
        "operator": null,
        "currency_IDR": null,
        "payment_electronic_purses": null,
        "motorcycle": null,
        "note": null,
        "name_1": "Porong",
        "Tanggal": "2026-01-01",
        "KM_Dari": 200,
        "KM_Sampai": 400,
        "Jalur": "B",
        "Lajur": "On Ramp Porong",
        "Gerbang": "B",
        "Keterangan": "Overlay",
        "KM_Asli_Dari": 200,
        "KM_Asli_Sampai": 350,
        "Lokasi_Titik": "Porong",
        "Dasar_Pemetaan": "Porong"
      },
      "geometry": {
        "type": "Point",
        "coordinates": [
          112.6993326,
          -7.5073894
        ]
      }
    },
    {
      "type": "Feature",
      "properties": {
        "OBJECTID": 219,
        "F_id": "node/4170957903",
        "barrier": "toll_booth",
        "name": "Gerbang Tol Gempol 1",
        "operator": null,
        "currency_IDR": null,
        "payment_electronic_purses": null,
        "motorcycle": null,
        "note": null,
        "name_1": "Gerbang Tol Gempol 1",
        "Tanggal": "2022-06-06",
        "KM_Dari": 0,
        "KM_Sampai": 200,
        "Jalur": "B",
        "Lajur": "L2 OnR Gempol 1 Gate 1",
        "Gerbang": "B",
        "Keterangan": "Overlay Leveling",
        "KM_Asli_Dari": 0,
        "KM_Asli_Sampai": 20,
        "Lokasi_Titik": "Gempol 1",
        "Dasar_Pemetaan": "Gempol 1"
      },
      "geometry": {
        "type": "Point",
        "coordinates": [
          112.7141151,
          -7.5577559
        ]
      }
    },
    {
      "type": "Feature",
      "properties": {
        "OBJECTID": 220,
        "F_id": "node/4170957903",
        "barrier": "toll_booth",
        "name": "Gerbang Tol Gempol 1",
        "operator": null,
        "currency_IDR": null,
        "payment_electronic_purses": null,
        "motorcycle": null,
        "note": null,
        "name_1": "Gerbang Tol Gempol 1",
        "Tanggal": "2022-06-06",
        "KM_Dari": 0,
        "KM_Sampai": 200,
        "Jalur": "B",
        "Lajur": "L2 OR Gempol 1",
        "Gerbang": "B",
        "Keterangan": "Overlay Leveling",
        "KM_Asli_Dari": 20,
        "KM_Asli_Sampai": 65,
        "Lokasi_Titik": "Gempol 1",
        "Dasar_Pemetaan": "Gempol 1"
      },
      "geometry": {
        "type": "Point",
        "coordinates": [
          112.7141151,
          -7.5577559
        ]
      }
    },
    {
      "type": "Feature",
      "properties": {
        "OBJECTID": 221,
        "F_id": "node/4170957903",
        "barrier": "toll_booth",
        "name": "Gerbang Tol Gempol 1",
        "operator": null,
        "currency_IDR": null,
        "payment_electronic_purses": null,
        "motorcycle": null,
        "note": null,
        "name_1": "Gerbang Tol Gempol 1",
        "Tanggal": "2022-06-06",
        "KM_Dari": 0,
        "KM_Sampai": 200,
        "Jalur": "B",
        "Lajur": "L2 OR Gempol 1",
        "Gerbang": "B",
        "Keterangan": "Overlay Leveling",
        "KM_Asli_Dari": 65,
        "KM_Asli_Sampai": 80,
        "Lokasi_Titik": "Gempol 1",
        "Dasar_Pemetaan": "Gempol 1"
      },
      "geometry": {
        "type": "Point",
        "coordinates": [
          112.7141151,
          -7.5577559
        ]
      }
    },
    {
      "type": "Feature",
      "properties": {
        "OBJECTID": 222,
        "F_id": "node/4170957903",
        "barrier": "toll_booth",
        "name": "Gerbang Tol Gempol 1",
        "operator": null,
        "currency_IDR": null,
        "payment_electronic_purses": null,
        "motorcycle": null,
        "note": null,
        "name_1": "Gerbang Tol Gempol 1",
        "Tanggal": "2022-06-07",
        "KM_Dari": 0,
        "KM_Sampai": 200,
        "Jalur": "B",
        "Lajur": "L1 OnR Gempol 1 Gate 1",
        "Gerbang": "B",
        "Keterangan": "Overlay Leveling",
        "KM_Asli_Dari": 0,
        "KM_Asli_Sampai": 20,
        "Lokasi_Titik": "Gempol 1",
        "Dasar_Pemetaan": "Gempol 1"
      },
      "geometry": {
        "type": "Point",
        "coordinates": [
          112.7141151,
          -7.5577559
        ]
      }
    },
    {
      "type": "Feature",
      "properties": {
        "OBJECTID": 223,
        "F_id": "node/4170957903",
        "barrier": "toll_booth",
        "name": "Gerbang Tol Gempol 1",
        "operator": null,
        "currency_IDR": null,
        "payment_electronic_purses": null,
        "motorcycle": null,
        "note": null,
        "name_1": "Gerbang Tol Gempol 1",
        "Tanggal": "2022-06-07",
        "KM_Dari": 0,
        "KM_Sampai": 200,
        "Jalur": "B",
        "Lajur": "L1 OR Gempol 1",
        "Gerbang": "B",
        "Keterangan": "Overlay Leveling",
        "KM_Asli_Dari": 20,
        "KM_Asli_Sampai": 65,
        "Lokasi_Titik": "Gempol 1",
        "Dasar_Pemetaan": "Gempol 1"
      },
      "geometry": {
        "type": "Point",
        "coordinates": [
          112.7141151,
          -7.5577559
        ]
      }
    },
    {
      "type": "Feature",
      "properties": {
        "OBJECTID": 224,
        "F_id": "node/4170957903",
        "barrier": "toll_booth",
        "name": "Gerbang Tol Gempol 1",
        "operator": null,
        "currency_IDR": null,
        "payment_electronic_purses": null,
        "motorcycle": null,
        "note": null,
        "name_1": "Gerbang Tol Gempol 1",
        "Tanggal": "2022-06-07",
        "KM_Dari": 0,
        "KM_Sampai": 200,
        "Jalur": "B",
        "Lajur": "L1 OR Gempol 1",
        "Gerbang": "B",
        "Keterangan": "Overlay Leveling",
        "KM_Asli_Dari": 65,
        "KM_Asli_Sampai": 80,
        "Lokasi_Titik": "Gempol 1",
        "Dasar_Pemetaan": "Gempol 1"
      },
      "geometry": {
        "type": "Point",
        "coordinates": [
          112.7141151,
          -7.5577559
        ]
      }
    },
    {
      "type": "Feature",
      "properties": {
        "OBJECTID": 225,
        "F_id": "node/4170957903",
        "barrier": "toll_booth",
        "name": "Gerbang Tol Gempol 1",
        "operator": null,
        "currency_IDR": null,
        "payment_electronic_purses": null,
        "motorcycle": null,
        "note": null,
        "name_1": "Gerbang Tol Gempol 1",
        "Tanggal": "2025-06-26",
        "KM_Dari": 0,
        "KM_Sampai": 200,
        "Jalur": "On Ramp Gempol 1",
        "Lajur": "L1",
        "Gerbang": "On Ramp Gempol 1",
        "Keterangan": "Scraping Filling AC WC",
        "KM_Asli_Dari": 0,
        "KM_Asli_Sampai": 200,
        "Lokasi_Titik": "Gempol 1",
        "Dasar_Pemetaan": "Gempol 1"
      },
      "geometry": {
        "type": "Point",
        "coordinates": [
          112.7141151,
          -7.5577559
        ]
      }
    },
    {
      "type": "Feature",
      "properties": {
        "OBJECTID": 226,
        "F_id": "node/4170957903",
        "barrier": "toll_booth",
        "name": "Gerbang Tol Gempol 1",
        "operator": null,
        "currency_IDR": null,
        "payment_electronic_purses": null,
        "motorcycle": null,
        "note": null,
        "name_1": "Gerbang Tol Gempol 1",
        "Tanggal": "2025-06-26",
        "KM_Dari": 200,
        "KM_Sampai": 400,
        "Jalur": "On Ramp Gempol 1",
        "Lajur": "L1",
        "Gerbang": "On Ramp Gempol 1",
        "Keterangan": "Scraping Filling AC WC",
        "KM_Asli_Dari": 200,
        "KM_Asli_Sampai": 280,
        "Lokasi_Titik": "Gempol 1",
        "Dasar_Pemetaan": "Gempol 1"
      },
      "geometry": {
        "type": "Point",
        "coordinates": [
          112.7141151,
          -7.5577559
        ]
      }
    },
    {
      "type": "Feature",
      "properties": {
        "OBJECTID": 227,
        "F_id": "node/4170957891",
        "barrier": "toll_booth",
        "name": "GT Gempol 4",
        "operator": null,
        "currency_IDR": null,
        "payment_electronic_purses": null,
        "motorcycle": null,
        "note": null,
        "name_1": "GT Gempol 4",
        "Tanggal": "2025-08-21",
        "KM_Dari": 0,
        "KM_Sampai": 200,
        "Jalur": "Off Ramp Gempol 4",
        "Lajur": "L1",
        "Gerbang": "Off Ramp Gempol 4",
        "Keterangan": "Scraping Filling AC WC",
        "KM_Asli_Dari": 0,
        "KM_Asli_Sampai": 200,
        "Lokasi_Titik": "Gempol 4",
        "Dasar_Pemetaan": "Gempol 4"
      },
      "geometry": {
        "type": "Point",
        "coordinates": [
          112.7143981,
          -7.5573468
        ]
      }
    },
    {
      "type": "Feature",
      "properties": {
        "OBJECTID": 228,
        "F_id": "node/4170957891",
        "barrier": "toll_booth",
        "name": "GT Gempol 4",
        "operator": null,
        "currency_IDR": null,
        "payment_electronic_purses": null,
        "motorcycle": null,
        "note": null,
        "name_1": "GT Gempol 4",
        "Tanggal": "2025-08-21",
        "KM_Dari": 200,
        "KM_Sampai": 400,
        "Jalur": "Off Ramp Gempol 4",
        "Lajur": "L1",
        "Gerbang": "Off Ramp Gempol 4",
        "Keterangan": "Scraping Filling AC WC",
        "KM_Asli_Dari": 200,
        "KM_Asli_Sampai": 275,
        "Lokasi_Titik": "Gempol 4",
        "Dasar_Pemetaan": "Gempol 4"
      },
      "geometry": {
        "type": "Point",
        "coordinates": [
          112.7143981,
          -7.5573468
        ]
      }
    },
    {
      "type": "Feature",
      "properties": {
        "OBJECTID": 229,
        "F_id": "node/4170957903",
        "barrier": "toll_booth",
        "name": "Gerbang Tol Gempol 1",
        "operator": null,
        "currency_IDR": null,
        "payment_electronic_purses": null,
        "motorcycle": null,
        "note": null,
        "name_1": "Gerbang Tol Gempol 1",
        "Tanggal": "2025-08-22",
        "KM_Dari": 0,
        "KM_Sampai": 200,
        "Jalur": "ON Ramp Gempol 1",
        "Lajur": "L1",
        "Gerbang": "ON Ramp Gempol 1",
        "Keterangan": "Scraping Filling AC WC",
        "KM_Asli_Dari": 0,
        "KM_Asli_Sampai": 80,
        "Lokasi_Titik": "Gempol 1",
        "Dasar_Pemetaan": "Gempol 1"
      },
      "geometry": {
        "type": "Point",
        "coordinates": [
          112.7141151,
          -7.5577559
        ]
      }
    },
    {
      "type": "Feature",
      "properties": {
        "OBJECTID": 230,
        "F_id": "node/4170957903",
        "barrier": "toll_booth",
        "name": "Gerbang Tol Gempol 1",
        "operator": null,
        "currency_IDR": null,
        "payment_electronic_purses": null,
        "motorcycle": null,
        "note": null,
        "name_1": "Gerbang Tol Gempol 1",
        "Tanggal": "2025-08-22",
        "KM_Dari": 0,
        "KM_Sampai": 200,
        "Jalur": "ON Ramp Gempol 1",
        "Lajur": "L2",
        "Gerbang": "ON Ramp Gempol 1",
        "Keterangan": "Scraping Filling AC WC",
        "KM_Asli_Dari": 0,
        "KM_Asli_Sampai": 80,
        "Lokasi_Titik": "Gempol 1",
        "Dasar_Pemetaan": "Gempol 1"
      },
      "geometry": {
        "type": "Point",
        "coordinates": [
          112.7141151,
          -7.5577559
        ]
      }
    }
  ]
}