{
  "type": "FeatureCollection",
  "name": "Rekap_Pekerjaan_Lainnya_2023_2026",
  "features": [
    {
      "type": "Feature",
      "id": "other-1",
      "properties": {
        "OBJECTID": 200001,
        "rute": "surgem_B",
        "Dari": 1600,
        "Sampai": 1800,
        "Jalur": "B",
        "Lajur": "1",
        "Tanggal_Pelaksanaan": "2023-06-30",
        "Tanggal_Label": "Tahun 2023",
        "Tahun": 2023,
        "Keterangan": "Expansion joint",
        "KM_Asli_Dari": 1600,
        "KM_Asli_Sampai": 1600,
        "Kategori_Pekerjaan": "Lainnya",
        "Sumber_Data": "Rekap_Lokasi_2023_2025 (1).xlsx",
        "Sumber_Sheet": "2023",
        "Sumber_Baris": 14
      },
      "geometry": null
    },
    {
      "type": "Feature",
      "id": "other-2",
      "properties": {
        "OBJECTID": 200002,
        "rute": "surgem_B",
        "Dari": 1600,
        "Sampai": 1800,
        "Jalur": "B",
        "Lajur": "1",
        "Tanggal_Pelaksanaan": "2023-06-30",
        "Tanggal_Label": "Tahun 2023",
        "Tahun": 2023,
        "Keterangan": "Expansion joint",
        "KM_Asli_Dari": 1630,
        "KM_Asli_Sampai": 1630,
        "Kategori_Pekerjaan": "Lainnya",
        "Sumber_Data": "Rekap_Lokasi_2023_2025 (1).xlsx",
        "Sumber_Sheet": "2023",
        "Sumber_Baris": 15
      },
      "geometry": null
    },
    {
      "type": "Feature",
      "id": "other-3",
      "properties": {
        "OBJECTID": 200003,
        "rute": "surgem_B",
        "Dari": 1600,
        "Sampai": 1800,
        "Jalur": "B",
        "Lajur": "1",
        "Tanggal_Pelaksanaan": "2023-06-30",
        "Tanggal_Label": "Tahun 2023",
        "Tahun": 2023,
        "Keterangan": "Expansion joint",
        "KM_Asli_Dari": 1650,
        "KM_Asli_Sampai": 1650,
        "Kategori_Pekerjaan": "Lainnya",
        "Sumber_Data": "Rekap_Lokasi_2023_2025 (1).xlsx",
        "Sumber_Sheet": "2023",
        "Sumber_Baris": 16
      },
      "geometry": null
    },
    {
      "type": "Feature",
      "id": "other-4",
      "properties": {
        "OBJECTID": 200004,
        "rute": "surgem_B",
        "Dari": 1600,
        "Sampai": 1800,
        "Jalur": "B",
        "Lajur": "1",
        "Tanggal_Pelaksanaan": "2023-06-30",
        "Tanggal_Label": "Tahun 2023",
        "Tahun": 2023,
        "Keterangan": "Expansion joint",
        "KM_Asli_Dari": 1700,
        "KM_Asli_Sampai": 1700,
        "Kategori_Pekerjaan": "Lainnya",
        "Sumber_Data": "Rekap_Lokasi_2023_2025 (1).xlsx",
        "Sumber_Sheet": "2023",
        "Sumber_Baris": 17
      },
      "geometry": null
    },
    {
      "type": "Feature",
      "id": "other-5",
      "properties": {
        "OBJECTID": 200005,
        "rute": "surgem_B",
        "Dari": 1600,
        "Sampai": 1800,
        "Jalur": "B",
        "Lajur": "1",
        "Tanggal_Pelaksanaan": "2023-06-30",
        "Tanggal_Label": "Tahun 2023",
        "Tahun": 2023,
        "Keterangan": "Expansion joint",
        "KM_Asli_Dari": 1750,
        "KM_Asli_Sampai": 1750,
        "Kategori_Pekerjaan": "Lainnya",
        "Sumber_Data": "Rekap_Lokasi_2023_2025 (1).xlsx",
        "Sumber_Sheet": "2023",
        "Sumber_Baris": 18
      },
      "geometry": null
    },
    {
      "type": "Feature",
      "id": "other-6",
      "properties": {
        "OBJECTID": 200006,
        "rute": "surgem_B",
        "Dari": 1600,
        "Sampai": 1800,
        "Jalur": "B",
        "Lajur": "2",
        "Tanggal_Pelaksanaan": "2023-06-30",
        "Tanggal_Label": "Tahun 2023",
        "Tahun": 2023,
        "Keterangan": "Expansion joint",
        "KM_Asli_Dari": 1750,
        "KM_Asli_Sampai": 1750,
        "Kategori_Pekerjaan": "Lainnya",
        "Sumber_Data": "Rekap_Lokasi_2023_2025 (1).xlsx",
        "Sumber_Sheet": "2023",
        "Sumber_Baris": 19
      },
      "geometry": null
    },
    {
      "type": "Feature",
      "id": "other-7",
      "properties": {
        "OBJECTID": 200007,
        "rute": "surgem_B",
        "Dari": 1800,
        "Sampai": 2000,
        "Jalur": "B",
        "Lajur": "1",
        "Tanggal_Pelaksanaan": "2023-06-30",
        "Tanggal_Label": "Tahun 2023",
        "Tahun": 2023,
        "Keterangan": "Expansion joint",
        "KM_Asli_Dari": 1900,
        "KM_Asli_Sampai": 1900,
        "Kategori_Pekerjaan": "Lainnya",
        "Sumber_Data": "Rekap_Lokasi_2023_2025 (1).xlsx",
        "Sumber_Sheet": "2023",
        "Sumber_Baris": 20
      },
      "geometry": null
    },
    {
      "type": "Feature",
      "id": "other-8",
      "properties": {
        "OBJECTID": 200008,
        "rute": "surgem_B",
        "Dari": 1800,
        "Sampai": 2000,
        "Jalur": "B",
        "Lajur": "2",
        "Tanggal_Pelaksanaan": "2023-06-30",
        "Tanggal_Label": "Tahun 2023",
        "Tahun": 2023,
        "Keterangan": "Expansion joint",
        "KM_Asli_Dari": 1900,
        "KM_Asli_Sampai": 1900,
        "Kategori_Pekerjaan": "Lainnya",
        "Sumber_Data": "Rekap_Lokasi_2023_2025 (1).xlsx",
        "Sumber_Sheet": "2023",
        "Sumber_Baris": 21
      },
      "geometry": null
    },
    {
      "type": "Feature",
      "id": "other-9",
      "properties": {
        "OBJECTID": 200009,
        "rute": "surgem_B",
        "Dari": 1800,
        "Sampai": 2000,
        "Jalur": "B",
        "Lajur": "1",
        "Tanggal_Pelaksanaan": "2023-06-30",
        "Tanggal_Label": "Tahun 2023",
        "Tahun": 2023,
        "Keterangan": "Expansion joint",
        "KM_Asli_Dari": 1950,
        "KM_Asli_Sampai": 1950,
        "Kategori_Pekerjaan": "Lainnya",
        "Sumber_Data": "Rekap_Lokasi_2023_2025 (1).xlsx",
        "Sumber_Sheet": "2023",
        "Sumber_Baris": 22
      },
      "geometry": null
    },
    {
      "type": "Feature",
      "id": "other-10",
      "properties": {
        "OBJECTID": 200010,
        "rute": "surgem_B",
        "Dari": 1800,
        "Sampai": 2000,
        "Jalur": "B",
        "Lajur": "2",
        "Tanggal_Pelaksanaan": "2023-06-30",
        "Tanggal_Label": "Tahun 2023",
        "Tahun": 2023,
        "Keterangan": "Expansion joint",
        "KM_Asli_Dari": 1950,
        "KM_Asli_Sampai": 1950,
        "Kategori_Pekerjaan": "Lainnya",
        "Sumber_Data": "Rekap_Lokasi_2023_2025 (1).xlsx",
        "Sumber_Sheet": "2023",
        "Sumber_Baris": 23
      },
      "geometry": null
    },
    {
      "type": "Feature",
      "id": "other-11",
      "properties": {
        "OBJECTID": 200011,
        "rute": "surgem_B",
        "Dari": 1800,
        "Sampai": 2000,
        "Jalur": "B",
        "Lajur": "1",
        "Tanggal_Pelaksanaan": "2023-06-30",
        "Tanggal_Label": "Tahun 2023",
        "Tahun": 2023,
        "Keterangan": "Expansion joint",
        "KM_Asli_Dari": 1980,
        "KM_Asli_Sampai": 1980,
        "Kategori_Pekerjaan": "Lainnya",
        "Sumber_Data": "Rekap_Lokasi_2023_2025 (1).xlsx",
        "Sumber_Sheet": "2023",
        "Sumber_Baris": 24
      },
      "geometry": null
    },
    {
      "type": "Feature",
      "id": "other-12",
      "properties": {
        "OBJECTID": 200012,
        "rute": "surgem_B",
        "Dari": 2000,
        "Sampai": 2200,
        "Jalur": "B",
        "Lajur": "1",
        "Tanggal_Pelaksanaan": "2023-06-30",
        "Tanggal_Label": "Tahun 2023",
        "Tahun": 2023,
        "Keterangan": "Expansion joint",
        "KM_Asli_Dari": 2050,
        "KM_Asli_Sampai": 2050,
        "Kategori_Pekerjaan": "Lainnya",
        "Sumber_Data": "Rekap_Lokasi_2023_2025 (1).xlsx",
        "Sumber_Sheet": "2023",
        "Sumber_Baris": 25
      },
      "geometry": null
    },
    {
      "type": "Feature",
      "id": "other-13",
      "properties": {
        "OBJECTID": 200013,
        "rute": "surgem_B",
        "Dari": 2000,
        "Sampai": 2200,
        "Jalur": "B",
        "Lajur": "1",
        "Tanggal_Pelaksanaan": "2023-06-30",
        "Tanggal_Label": "Tahun 2023",
        "Tahun": 2023,
        "Keterangan": "Expansion joint",
        "KM_Asli_Dari": 2100,
        "KM_Asli_Sampai": 2100,
        "Kategori_Pekerjaan": "Lainnya",
        "Sumber_Data": "Rekap_Lokasi_2023_2025 (1).xlsx",
        "Sumber_Sheet": "2023",
        "Sumber_Baris": 26
      },
      "geometry": null
    },
    {
      "type": "Feature",
      "id": "other-14",
      "properties": {
        "OBJECTID": 200014,
        "rute": "surgem_B",
        "Dari": 2000,
        "Sampai": 2200,
        "Jalur": "B",
        "Lajur": "2",
        "Tanggal_Pelaksanaan": "2023-06-30",
        "Tanggal_Label": "Tahun 2023",
        "Tahun": 2023,
        "Keterangan": "Expansion joint",
        "KM_Asli_Dari": 2100,
        "KM_Asli_Sampai": 2100,
        "Kategori_Pekerjaan": "Lainnya",
        "Sumber_Data": "Rekap_Lokasi_2023_2025 (1).xlsx",
        "Sumber_Sheet": "2023",
        "Sumber_Baris": 27
      },
      "geometry": null
    },
    {
      "type": "Feature",
      "id": "other-15",
      "properties": {
        "OBJECTID": 200015,
        "rute": "surgem_B",
        "Dari": 2000,
        "Sampai": 2200,
        "Jalur": "B",
        "Lajur": "1",
        "Tanggal_Pelaksanaan": "2023-06-30",
        "Tanggal_Label": "Tahun 2023",
        "Tahun": 2023,
        "Keterangan": "Expansion joint",
        "KM_Asli_Dari": 2120,
        "KM_Asli_Sampai": 2120,
        "Kategori_Pekerjaan": "Lainnya",
        "Sumber_Data": "Rekap_Lokasi_2023_2025 (1).xlsx",
        "Sumber_Sheet": "2023",
        "Sumber_Baris": 28
      },
      "geometry": null
    },
    {
      "type": "Feature",
      "id": "other-16",
      "properties": {
        "OBJECTID": 200016,
        "rute": "surgem_B",
        "Dari": 2000,
        "Sampai": 2200,
        "Jalur": "B",
        "Lajur": "2",
        "Tanggal_Pelaksanaan": "2023-06-30",
        "Tanggal_Label": "Tahun 2023",
        "Tahun": 2023,
        "Keterangan": "Expansion joint",
        "KM_Asli_Dari": 2120,
        "KM_Asli_Sampai": 2120,
        "Kategori_Pekerjaan": "Lainnya",
        "Sumber_Data": "Rekap_Lokasi_2023_2025 (1).xlsx",
        "Sumber_Sheet": "2023",
        "Sumber_Baris": 29
      },
      "geometry": null
    },
    {
      "type": "Feature",
      "id": "other-17",
      "properties": {
        "OBJECTID": 200017,
        "rute": "surgem_B",
        "Dari": 2200,
        "Sampai": 2400,
        "Jalur": "B",
        "Lajur": "1",
        "Tanggal_Pelaksanaan": "2023-06-30",
        "Tanggal_Label": "Tahun 2023",
        "Tahun": 2023,
        "Keterangan": "Expansion joint",
        "KM_Asli_Dari": 2240,
        "KM_Asli_Sampai": 2240,
        "Kategori_Pekerjaan": "Lainnya",
        "Sumber_Data": "Rekap_Lokasi_2023_2025 (1).xlsx",
        "Sumber_Sheet": "2023",
        "Sumber_Baris": 30
      },
      "geometry": null
    },
    {
      "type": "Feature",
      "id": "other-18",
      "properties": {
        "OBJECTID": 200018,
        "rute": "surgem_B",
        "Dari": 2200,
        "Sampai": 2400,
        "Jalur": "B",
        "Lajur": "2",
        "Tanggal_Pelaksanaan": "2023-06-30",
        "Tanggal_Label": "Tahun 2023",
        "Tahun": 2023,
        "Keterangan": "Expansion joint",
        "KM_Asli_Dari": 2240,
        "KM_Asli_Sampai": 2240,
        "Kategori_Pekerjaan": "Lainnya",
        "Sumber_Data": "Rekap_Lokasi_2023_2025 (1).xlsx",
        "Sumber_Sheet": "2023",
        "Sumber_Baris": 31
      },
      "geometry": null
    },
    {
      "type": "Feature",
      "id": "other-19",
      "properties": {
        "OBJECTID": 200019,
        "rute": "surgem_B",
        "Dari": 2200,
        "Sampai": 2400,
        "Jalur": "B",
        "Lajur": "1",
        "Tanggal_Pelaksanaan": "2023-06-30",
        "Tanggal_Label": "Tahun 2023",
        "Tahun": 2023,
        "Keterangan": "Expansion joint",
        "KM_Asli_Dari": 2270,
        "KM_Asli_Sampai": 2270,
        "Kategori_Pekerjaan": "Lainnya",
        "Sumber_Data": "Rekap_Lokasi_2023_2025 (1).xlsx",
        "Sumber_Sheet": "2023",
        "Sumber_Baris": 32
      },
      "geometry": null
    },
    {
      "type": "Feature",
      "id": "other-20",
      "properties": {
        "OBJECTID": 200020,
        "rute": "surgem_B",
        "Dari": 2200,
        "Sampai": 2400,
        "Jalur": "B",
        "Lajur": "2",
        "Tanggal_Pelaksanaan": "2023-06-30",
        "Tanggal_Label": "Tahun 2023",
        "Tahun": 2023,
        "Keterangan": "Expansion joint",
        "KM_Asli_Dari": 2270,
        "KM_Asli_Sampai": 2270,
        "Kategori_Pekerjaan": "Lainnya",
        "Sumber_Data": "Rekap_Lokasi_2023_2025 (1).xlsx",
        "Sumber_Sheet": "2023",
        "Sumber_Baris": 33
      },
      "geometry": null
    },
    {
      "type": "Feature",
      "id": "other-21",
      "properties": {
        "OBJECTID": 200021,
        "rute": "surgem_B",
        "Dari": 2200,
        "Sampai": 2400,
        "Jalur": "B",
        "Lajur": "1",
        "Tanggal_Pelaksanaan": "2023-06-30",
        "Tanggal_Label": "Tahun 2023",
        "Tahun": 2023,
        "Keterangan": "Expansion joint",
        "KM_Asli_Dari": 2325,
        "KM_Asli_Sampai": 2325,
        "Kategori_Pekerjaan": "Lainnya",
        "Sumber_Data": "Rekap_Lokasi_2023_2025 (1).xlsx",
        "Sumber_Sheet": "2023",
        "Sumber_Baris": 34
      },
      "geometry": null
    },
    {
      "type": "Feature",
      "id": "other-22",
      "properties": {
        "OBJECTID": 200022,
        "rute": "surgem_B",
        "Dari": 2200,
        "Sampai": 2400,
        "Jalur": "B",
        "Lajur": "2",
        "Tanggal_Pelaksanaan": "2023-06-30",
        "Tanggal_Label": "Tahun 2023",
        "Tahun": 2023,
        "Keterangan": "Expansion joint",
        "KM_Asli_Dari": 2325,
        "KM_Asli_Sampai": 2325,
        "Kategori_Pekerjaan": "Lainnya",
        "Sumber_Data": "Rekap_Lokasi_2023_2025 (1).xlsx",
        "Sumber_Sheet": "2023",
        "Sumber_Baris": 35
      },
      "geometry": null
    },
    {
      "type": "Feature",
      "id": "other-23",
      "properties": {
        "OBJECTID": 200023,
        "rute": "surgem_B",
        "Dari": 2200,
        "Sampai": 2400,
        "Jalur": "B",
        "Lajur": "1",
        "Tanggal_Pelaksanaan": "2023-06-30",
        "Tanggal_Label": "Tahun 2023",
        "Tahun": 2023,
        "Keterangan": "Expansion joint",
        "KM_Asli_Dari": 2350,
        "KM_Asli_Sampai": 2350,
        "Kategori_Pekerjaan": "Lainnya",
        "Sumber_Data": "Rekap_Lokasi_2023_2025 (1).xlsx",
        "Sumber_Sheet": "2023",
        "Sumber_Baris": 36
      },
      "geometry": null
    },
    {
      "type": "Feature",
      "id": "other-24",
      "properties": {
        "OBJECTID": 200024,
        "rute": "surgem_B",
        "Dari": 2200,
        "Sampai": 2400,
        "Jalur": "B",
        "Lajur": "1",
        "Tanggal_Pelaksanaan": "2023-06-30",
        "Tanggal_Label": "Tahun 2023",
        "Tahun": 2023,
        "Keterangan": "Expansion joint",
        "KM_Asli_Dari": 2390,
        "KM_Asli_Sampai": 2390,
        "Kategori_Pekerjaan": "Lainnya",
        "Sumber_Data": "Rekap_Lokasi_2023_2025 (1).xlsx",
        "Sumber_Sheet": "2023",
        "Sumber_Baris": 37
      },
      "geometry": null
    },
    {
      "type": "Feature",
      "id": "other-25",
      "properties": {
        "OBJECTID": 200025,
        "rute": "surgem_B",
        "Dari": 2200,
        "Sampai": 2400,
        "Jalur": "B",
        "Lajur": "2",
        "Tanggal_Pelaksanaan": "2023-06-30",
        "Tanggal_Label": "Tahun 2023",
        "Tahun": 2023,
        "Keterangan": "Expansion joint",
        "KM_Asli_Dari": 2390,
        "KM_Asli_Sampai": 2390,
        "Kategori_Pekerjaan": "Lainnya",
        "Sumber_Data": "Rekap_Lokasi_2023_2025 (1).xlsx",
        "Sumber_Sheet": "2023",
        "Sumber_Baris": 38
      },
      "geometry": null
    },
    {
      "type": "Feature",
      "id": "other-26",
      "properties": {
        "OBJECTID": 200026,
        "rute": "surgem_B",
        "Dari": 2400,
        "Sampai": 2600,
        "Jalur": "B",
        "Lajur": "1",
        "Tanggal_Pelaksanaan": "2023-06-30",
        "Tanggal_Label": "Tahun 2023",
        "Tahun": 2023,
        "Keterangan": "Expansion joint",
        "KM_Asli_Dari": 2450,
        "KM_Asli_Sampai": 2450,
        "Kategori_Pekerjaan": "Lainnya",
        "Sumber_Data": "Rekap_Lokasi_2023_2025 (1).xlsx",
        "Sumber_Sheet": "2023",
        "Sumber_Baris": 39
      },
      "geometry": null
    },
    {
      "type": "Feature",
      "id": "other-27",
      "properties": {
        "OBJECTID": 200027,
        "rute": "surgem_B",
        "Dari": 2400,
        "Sampai": 2600,
        "Jalur": "B",
        "Lajur": "2",
        "Tanggal_Pelaksanaan": "2023-06-30",
        "Tanggal_Label": "Tahun 2023",
        "Tahun": 2023,
        "Keterangan": "Expansion joint",
        "KM_Asli_Dari": 2450,
        "KM_Asli_Sampai": 2450,
        "Kategori_Pekerjaan": "Lainnya",
        "Sumber_Data": "Rekap_Lokasi_2023_2025 (1).xlsx",
        "Sumber_Sheet": "2023",
        "Sumber_Baris": 40
      },
      "geometry": null
    },
    {
      "type": "Feature",
      "id": "other-28",
      "properties": {
        "OBJECTID": 200028,
        "rute": "surgem_B",
        "Dari": 2400,
        "Sampai": 2600,
        "Jalur": "B",
        "Lajur": "2",
        "Tanggal_Pelaksanaan": "2023-06-30",
        "Tanggal_Label": "Tahun 2023",
        "Tahun": 2023,
        "Keterangan": "Expansion joint",
        "KM_Asli_Dari": 2500,
        "KM_Asli_Sampai": 2500,
        "Kategori_Pekerjaan": "Lainnya",
        "Sumber_Data": "Rekap_Lokasi_2023_2025 (1).xlsx",
        "Sumber_Sheet": "2023",
        "Sumber_Baris": 41
      },
      "geometry": null
    },
    {
      "type": "Feature",
      "id": "other-29",
      "properties": {
        "OBJECTID": 200029,
        "rute": "surgem_B",
        "Dari": 2400,
        "Sampai": 2600,
        "Jalur": "B",
        "Lajur": "1",
        "Tanggal_Pelaksanaan": "2023-06-30",
        "Tanggal_Label": "Tahun 2023",
        "Tahun": 2023,
        "Keterangan": "Expansion joint",
        "KM_Asli_Dari": 2550,
        "KM_Asli_Sampai": 2550,
        "Kategori_Pekerjaan": "Lainnya",
        "Sumber_Data": "Rekap_Lokasi_2023_2025 (1).xlsx",
        "Sumber_Sheet": "2023",
        "Sumber_Baris": 42
      },
      "geometry": null
    },
    {
      "type": "Feature",
      "id": "other-30",
      "properties": {
        "OBJECTID": 200030,
        "rute": "surgem_B",
        "Dari": 2600,
        "Sampai": 2800,
        "Jalur": "B",
        "Lajur": "1",
        "Tanggal_Pelaksanaan": "2023-06-30",
        "Tanggal_Label": "Tahun 2023",
        "Tahun": 2023,
        "Keterangan": "Expansion joint",
        "KM_Asli_Dari": 2600,
        "KM_Asli_Sampai": 2600,
        "Kategori_Pekerjaan": "Lainnya",
        "Sumber_Data": "Rekap_Lokasi_2023_2025 (1).xlsx",
        "Sumber_Sheet": "2023",
        "Sumber_Baris": 43
      },
      "geometry": null
    },
    {
      "type": "Feature",
      "id": "other-31",
      "properties": {
        "OBJECTID": 200031,
        "rute": "surgem_B",
        "Dari": 2800,
        "Sampai": 3000,
        "Jalur": "B",
        "Lajur": "2",
        "Tanggal_Pelaksanaan": "2023-06-30",
        "Tanggal_Label": "Tahun 2023",
        "Tahun": 2023,
        "Keterangan": "Expansion joint",
        "KM_Asli_Dari": 2850,
        "KM_Asli_Sampai": 2850,
        "Kategori_Pekerjaan": "Lainnya",
        "Sumber_Data": "Rekap_Lokasi_2023_2025 (1).xlsx",
        "Sumber_Sheet": "2023",
        "Sumber_Baris": 44
      },
      "geometry": null
    },
    {
      "type": "Feature",
      "id": "other-32",
      "properties": {
        "OBJECTID": 200032,
        "rute": "surgem_B",
        "Dari": 2800,
        "Sampai": 3000,
        "Jalur": "B",
        "Lajur": "2",
        "Tanggal_Pelaksanaan": "2023-06-30",
        "Tanggal_Label": "Tahun 2023",
        "Tahun": 2023,
        "Keterangan": "Expansion joint",
        "KM_Asli_Dari": 2900,
        "KM_Asli_Sampai": 2900,
        "Kategori_Pekerjaan": "Lainnya",
        "Sumber_Data": "Rekap_Lokasi_2023_2025 (1).xlsx",
        "Sumber_Sheet": "2023",
        "Sumber_Baris": 45
      },
      "geometry": null
    },
    {
      "type": "Feature",
      "id": "other-33",
      "properties": {
        "OBJECTID": 200033,
        "rute": "surgem_B",
        "Dari": 3800,
        "Sampai": 4000,
        "Jalur": "B",
        "Lajur": "1",
        "Tanggal_Pelaksanaan": "2023-06-30",
        "Tanggal_Label": "Tahun 2023",
        "Tahun": 2023,
        "Keterangan": "Expansion joint",
        "KM_Asli_Dari": 3800,
        "KM_Asli_Sampai": 3800,
        "Kategori_Pekerjaan": "Lainnya",
        "Sumber_Data": "Rekap_Lokasi_2023_2025 (1).xlsx",
        "Sumber_Sheet": "2023",
        "Sumber_Baris": 46
      },
      "geometry": null
    },
    {
      "type": "Feature",
      "id": "other-34",
      "properties": {
        "OBJECTID": 200034,
        "rute": "surgem_B",
        "Dari": 3800,
        "Sampai": 4000,
        "Jalur": "B",
        "Lajur": "2",
        "Tanggal_Pelaksanaan": "2023-06-30",
        "Tanggal_Label": "Tahun 2023",
        "Tahun": 2023,
        "Keterangan": "Expansion joint",
        "KM_Asli_Dari": 3800,
        "KM_Asli_Sampai": 3800,
        "Kategori_Pekerjaan": "Lainnya",
        "Sumber_Data": "Rekap_Lokasi_2023_2025 (1).xlsx",
        "Sumber_Sheet": "2023",
        "Sumber_Baris": 47
      },
      "geometry": null
    },
    {
      "type": "Feature",
      "id": "other-35",
      "properties": {
        "OBJECTID": 200035,
        "rute": "surgem_B",
        "Dari": 4400,
        "Sampai": 4600,
        "Jalur": "B",
        "Lajur": "1",
        "Tanggal_Pelaksanaan": "2023-06-30",
        "Tanggal_Label": "Tahun 2023",
        "Tahun": 2023,
        "Keterangan": "Expansion joint",
        "KM_Asli_Dari": 4450,
        "KM_Asli_Sampai": 4450,
        "Kategori_Pekerjaan": "Lainnya",
        "Sumber_Data": "Rekap_Lokasi_2023_2025 (1).xlsx",
        "Sumber_Sheet": "2023",
        "Sumber_Baris": 48
      },
      "geometry": null
    },
    {
      "type": "Feature",
      "id": "other-36",
      "properties": {
        "OBJECTID": 200036,
        "rute": "surgem_B",
        "Dari": 4400,
        "Sampai": 4600,
        "Jalur": "B",
        "Lajur": "1",
        "Tanggal_Pelaksanaan": "2023-06-30",
        "Tanggal_Label": "Tahun 2023",
        "Tahun": 2023,
        "Keterangan": "Expansion joint",
        "KM_Asli_Dari": 4500,
        "KM_Asli_Sampai": 4500,
        "Kategori_Pekerjaan": "Lainnya",
        "Sumber_Data": "Rekap_Lokasi_2023_2025 (1).xlsx",
        "Sumber_Sheet": "2023",
        "Sumber_Baris": 49
      },
      "geometry": null
    },
    {
      "type": "Feature",
      "id": "other-37",
      "properties": {
        "OBJECTID": 200037,
        "rute": "surgem_B",
        "Dari": 8400,
        "Sampai": 8600,
        "Jalur": "B",
        "Lajur": "1",
        "Tanggal_Pelaksanaan": "2023-06-30",
        "Tanggal_Label": "Tahun 2023",
        "Tahun": 2023,
        "Keterangan": "Expansion joint",
        "KM_Asli_Dari": 8455,
        "KM_Asli_Sampai": 8455,
        "Kategori_Pekerjaan": "Lainnya",
        "Sumber_Data": "Rekap_Lokasi_2023_2025 (1).xlsx",
        "Sumber_Sheet": "2023",
        "Sumber_Baris": 50
      },
      "geometry": null
    },
    {
      "type": "Feature",
      "id": "other-38",
      "properties": {
        "OBJECTID": 200038,
        "rute": "surgem_B",
        "Dari": 8400,
        "Sampai": 8600,
        "Jalur": "B",
        "Lajur": "2",
        "Tanggal_Pelaksanaan": "2023-06-30",
        "Tanggal_Label": "Tahun 2023",
        "Tahun": 2023,
        "Keterangan": "Expansion joint",
        "KM_Asli_Dari": 8455,
        "KM_Asli_Sampai": 8455,
        "Kategori_Pekerjaan": "Lainnya",
        "Sumber_Data": "Rekap_Lokasi_2023_2025 (1).xlsx",
        "Sumber_Sheet": "2023",
        "Sumber_Baris": 51
      },
      "geometry": null
    },
    {
      "type": "Feature",
      "id": "other-39",
      "properties": {
        "OBJECTID": 200039,
        "rute": "surgem_B",
        "Dari": 8600,
        "Sampai": 8800,
        "Jalur": "B",
        "Lajur": "1",
        "Tanggal_Pelaksanaan": "2023-06-30",
        "Tanggal_Label": "Tahun 2023",
        "Tahun": 2023,
        "Keterangan": "Expansion joint",
        "KM_Asli_Dari": 8671,
        "KM_Asli_Sampai": 8671,
        "Kategori_Pekerjaan": "Lainnya",
        "Sumber_Data": "Rekap_Lokasi_2023_2025 (1).xlsx",
        "Sumber_Sheet": "2023",
        "Sumber_Baris": 52
      },
      "geometry": null
    },
    {
      "type": "Feature",
      "id": "other-40",
      "properties": {
        "OBJECTID": 200040,
        "rute": "surgem_B",
        "Dari": 8600,
        "Sampai": 8800,
        "Jalur": "B",
        "Lajur": "2",
        "Tanggal_Pelaksanaan": "2023-06-30",
        "Tanggal_Label": "Tahun 2023",
        "Tahun": 2023,
        "Keterangan": "Expansion joint",
        "KM_Asli_Dari": 8671,
        "KM_Asli_Sampai": 8671,
        "Kategori_Pekerjaan": "Lainnya",
        "Sumber_Data": "Rekap_Lokasi_2023_2025 (1).xlsx",
        "Sumber_Sheet": "2023",
        "Sumber_Baris": 53
      },
      "geometry": null
    },
    {
      "type": "Feature",
      "id": "other-41",
      "properties": {
        "OBJECTID": 200041,
        "rute": "surgem_B",
        "Dari": 8600,
        "Sampai": 8800,
        "Jalur": "B",
        "Lajur": "3",
        "Tanggal_Pelaksanaan": "2023-06-30",
        "Tanggal_Label": "Tahun 2023",
        "Tahun": 2023,
        "Keterangan": "Expansion joint",
        "KM_Asli_Dari": 8671,
        "KM_Asli_Sampai": 8671,
        "Kategori_Pekerjaan": "Lainnya",
        "Sumber_Data": "Rekap_Lokasi_2023_2025 (1).xlsx",
        "Sumber_Sheet": "2023",
        "Sumber_Baris": 54
      },
      "geometry": null
    },
    {
      "type": "Feature",
      "id": "other-42",
      "properties": {
        "OBJECTID": 200042,
        "rute": "surgem_A",
        "Dari": 745200,
        "Sampai": 745400,
        "Jalur": "A",
        "Lajur": "1",
        "Tanggal_Pelaksanaan": "2023-06-30",
        "Tanggal_Label": "Tahun 2023",
        "Tahun": 2023,
        "Keterangan": "Expansion joint",
        "KM_Asli_Dari": 745300,
        "KM_Asli_Sampai": 745300,
        "Kategori_Pekerjaan": "Lainnya",
        "Sumber_Data": "Rekap_Lokasi_2023_2025 (1).xlsx",
        "Sumber_Sheet": "2023",
        "Sumber_Baris": 55
      },
      "geometry": null
    },
    {
      "type": "Feature",
      "id": "other-43",
      "properties": {
        "OBJECTID": 200043,
        "rute": "surgem_A",
        "Dari": 745200,
        "Sampai": 745400,
        "Jalur": "A",
        "Lajur": "2",
        "Tanggal_Pelaksanaan": "2023-06-30",
        "Tanggal_Label": "Tahun 2023",
        "Tahun": 2023,
        "Keterangan": "Expansion joint",
        "KM_Asli_Dari": 745300,
        "KM_Asli_Sampai": 745300,
        "Kategori_Pekerjaan": "Lainnya",
        "Sumber_Data": "Rekap_Lokasi_2023_2025 (1).xlsx",
        "Sumber_Sheet": "2023",
        "Sumber_Baris": 56
      },
      "geometry": null
    },
    {
      "type": "Feature",
      "id": "other-44",
      "properties": {
        "OBJECTID": 200044,
        "rute": "surgem_B",
        "Dari": 745200,
        "Sampai": 745400,
        "Jalur": "B",
        "Lajur": "1",
        "Tanggal_Pelaksanaan": "2023-06-30",
        "Tanggal_Label": "Tahun 2023",
        "Tahun": 2023,
        "Keterangan": "Expansion joint",
        "KM_Asli_Dari": 745300,
        "KM_Asli_Sampai": 745300,
        "Kategori_Pekerjaan": "Lainnya",
        "Sumber_Data": "Rekap_Lokasi_2023_2025 (1).xlsx",
        "Sumber_Sheet": "2023",
        "Sumber_Baris": 57
      },
      "geometry": null
    },
    {
      "type": "Feature",
      "id": "other-45",
      "properties": {
        "OBJECTID": 200045,
        "rute": "surgem_B",
        "Dari": 745200,
        "Sampai": 745400,
        "Jalur": "B",
        "Lajur": "2",
        "Tanggal_Pelaksanaan": "2023-06-30",
        "Tanggal_Label": "Tahun 2023",
        "Tahun": 2023,
        "Keterangan": "Expansion joint",
        "KM_Asli_Dari": 745300,
        "KM_Asli_Sampai": 745300,
        "Kategori_Pekerjaan": "Lainnya",
        "Sumber_Data": "Rekap_Lokasi_2023_2025 (1).xlsx",
        "Sumber_Sheet": "2023",
        "Sumber_Baris": 58
      },
      "geometry": null
    },
    {
      "type": "Feature",
      "id": "other-46",
      "properties": {
        "OBJECTID": 200046,
        "rute": "surgem_A",
        "Dari": 753200,
        "Sampai": 753400,
        "Jalur": "A",
        "Lajur": "1",
        "Tanggal_Pelaksanaan": "2023-06-30",
        "Tanggal_Label": "Tahun 2023",
        "Tahun": 2023,
        "Keterangan": "Sealant",
        "KM_Asli_Dari": 753220,
        "KM_Asli_Sampai": 753220,
        "Kategori_Pekerjaan": "Lainnya",
        "Sumber_Data": "Rekap_Lokasi_2023_2025 (1).xlsx",
        "Sumber_Sheet": "2023",
        "Sumber_Baris": 59
      },
      "geometry": null
    },
    {
      "type": "Feature",
      "id": "other-47",
      "properties": {
        "OBJECTID": 200047,
        "rute": "surgem_A",
        "Dari": 753400,
        "Sampai": 753600,
        "Jalur": "A",
        "Lajur": "1",
        "Tanggal_Pelaksanaan": "2023-06-30",
        "Tanggal_Label": "Tahun 2023",
        "Tahun": 2023,
        "Keterangan": "Sealant",
        "KM_Asli_Dari": 753400,
        "KM_Asli_Sampai": 753400,
        "Kategori_Pekerjaan": "Lainnya",
        "Sumber_Data": "Rekap_Lokasi_2023_2025 (1).xlsx",
        "Sumber_Sheet": "2023",
        "Sumber_Baris": 60
      },
      "geometry": null
    },
    {
      "type": "Feature",
      "id": "other-48",
      "properties": {
        "OBJECTID": 200048,
        "rute": "surgem_B",
        "Dari": 754400,
        "Sampai": 754600,
        "Jalur": "B",
        "Lajur": "1",
        "Tanggal_Pelaksanaan": "2023-06-30",
        "Tanggal_Label": "Tahun 2023",
        "Tahun": 2023,
        "Keterangan": "Expansion joint",
        "KM_Asli_Dari": 754475,
        "KM_Asli_Sampai": 754475,
        "Kategori_Pekerjaan": "Lainnya",
        "Sumber_Data": "Rekap_Lokasi_2023_2025 (1).xlsx",
        "Sumber_Sheet": "2023",
        "Sumber_Baris": 61
      },
      "geometry": null
    },
    {
      "type": "Feature",
      "id": "other-49",
      "properties": {
        "OBJECTID": 200049,
        "rute": "surgem_B",
        "Dari": 754400,
        "Sampai": 754600,
        "Jalur": "B",
        "Lajur": "1",
        "Tanggal_Pelaksanaan": "2023-06-30",
        "Tanggal_Label": "Tahun 2023",
        "Tahun": 2023,
        "Keterangan": "Expansion joint",
        "KM_Asli_Dari": 754500,
        "KM_Asli_Sampai": 754500,
        "Kategori_Pekerjaan": "Lainnya",
        "Sumber_Data": "Rekap_Lokasi_2023_2025 (1).xlsx",
        "Sumber_Sheet": "2023",
        "Sumber_Baris": 62
      },
      "geometry": null
    },
    {
      "type": "Feature",
      "id": "other-50",
      "properties": {
        "OBJECTID": 200050,
        "rute": "surgem_B",
        "Dari": 754400,
        "Sampai": 754600,
        "Jalur": "B",
        "Lajur": "2",
        "Tanggal_Pelaksanaan": "2023-06-30",
        "Tanggal_Label": "Tahun 2023",
        "Tahun": 2023,
        "Keterangan": "Expansion joint",
        "KM_Asli_Dari": 754500,
        "KM_Asli_Sampai": 754500,
        "Kategori_Pekerjaan": "Lainnya",
        "Sumber_Data": "Rekap_Lokasi_2023_2025 (1).xlsx",
        "Sumber_Sheet": "2023",
        "Sumber_Baris": 63
      },
      "geometry": null
    },
    {
      "type": "Feature",
      "id": "other-51",
      "properties": {
        "OBJECTID": 200051,
        "rute": "surgem_B",
        "Dari": 756200,
        "Sampai": 756400,
        "Jalur": "B",
        "Lajur": "2",
        "Tanggal_Pelaksanaan": "2023-06-30",
        "Tanggal_Label": "Tahun 2023",
        "Tahun": 2023,
        "Keterangan": "Rekonstruksi rigid pavement",
        "KM_Asli_Dari": 756300,
        "KM_Asli_Sampai": 756300,
        "Kategori_Pekerjaan": "Lainnya",
        "Sumber_Data": "Rekap_Lokasi_2023_2025 (1).xlsx",
        "Sumber_Sheet": "2023",
        "Sumber_Baris": 64
      },
      "geometry": null
    },
    {
      "type": "Feature",
      "id": "other-52",
      "properties": {
        "OBJECTID": 200052,
        "rute": "surgem_B",
        "Dari": 763400,
        "Sampai": 763600,
        "Jalur": "B",
        "Lajur": "2",
        "Tanggal_Pelaksanaan": "2023-06-30",
        "Tanggal_Label": "Tahun 2023",
        "Tahun": 2023,
        "Keterangan": "Expansion joint",
        "KM_Asli_Dari": 763500,
        "KM_Asli_Sampai": 763500,
        "Kategori_Pekerjaan": "Lainnya",
        "Sumber_Data": "Rekap_Lokasi_2023_2025 (1).xlsx",
        "Sumber_Sheet": "2023",
        "Sumber_Baris": 65
      },
      "geometry": null
    },
    {
      "type": "Feature",
      "id": "other-53",
      "properties": {
        "OBJECTID": 200053,
        "rute": "surgem_B",
        "Dari": 764000,
        "Sampai": 764200,
        "Jalur": "B",
        "Lajur": "1",
        "Tanggal_Pelaksanaan": "2023-06-30",
        "Tanggal_Label": "Tahun 2023",
        "Tahun": 2023,
        "Keterangan": "Expansion joint",
        "KM_Asli_Dari": 764190,
        "KM_Asli_Sampai": 764190,
        "Kategori_Pekerjaan": "Lainnya",
        "Sumber_Data": "Rekap_Lokasi_2023_2025 (1).xlsx",
        "Sumber_Sheet": "2023",
        "Sumber_Baris": 66
      },
      "geometry": null
    },
    {
      "type": "Feature",
      "id": "other-54",
      "properties": {
        "OBJECTID": 200054,
        "rute": "surgem_B",
        "Dari": 764400,
        "Sampai": 764600,
        "Jalur": "B",
        "Lajur": "3",
        "Tanggal_Pelaksanaan": "2023-06-30",
        "Tanggal_Label": "Tahun 2023",
        "Tahun": 2023,
        "Keterangan": "Expansion joint",
        "KM_Asli_Dari": 764500,
        "KM_Asli_Sampai": 764500,
        "Kategori_Pekerjaan": "Lainnya",
        "Sumber_Data": "Rekap_Lokasi_2023_2025 (1).xlsx",
        "Sumber_Sheet": "2023",
        "Sumber_Baris": 67
      },
      "geometry": null
    },
    {
      "type": "Feature",
      "id": "other-55",
      "properties": {
        "OBJECTID": 200055,
        "rute": "surgem_B",
        "Dari": 764600,
        "Sampai": 764800,
        "Jalur": "B",
        "Lajur": "3",
        "Tanggal_Pelaksanaan": "2023-06-30",
        "Tanggal_Label": "Tahun 2023",
        "Tahun": 2023,
        "Keterangan": "Expansion joint",
        "KM_Asli_Dari": 764700,
        "KM_Asli_Sampai": 764700,
        "Kategori_Pekerjaan": "Lainnya",
        "Sumber_Data": "Rekap_Lokasi_2023_2025 (1).xlsx",
        "Sumber_Sheet": "2023",
        "Sumber_Baris": 68
      },
      "geometry": null
    },
    {
      "type": "Feature",
      "id": "other-56",
      "properties": {
        "OBJECTID": 200056,
        "rute": "surgem_B",
        "Dari": 765600,
        "Sampai": 765800,
        "Jalur": "B",
        "Lajur": "1",
        "Tanggal_Pelaksanaan": "2023-06-30",
        "Tanggal_Label": "Tahun 2023",
        "Tahun": 2023,
        "Keterangan": "Expansion joint",
        "KM_Asli_Dari": 765600,
        "KM_Asli_Sampai": 765600,
        "Kategori_Pekerjaan": "Lainnya",
        "Sumber_Data": "Rekap_Lokasi_2023_2025 (1).xlsx",
        "Sumber_Sheet": "2023",
        "Sumber_Baris": 69
      },
      "geometry": null
    },
    {
      "type": "Feature",
      "id": "other-57",
      "properties": {
        "OBJECTID": 200057,
        "rute": "surgem_B",
        "Dari": 765800,
        "Sampai": 766000,
        "Jalur": "B",
        "Lajur": "2",
        "Tanggal_Pelaksanaan": "2023-06-30",
        "Tanggal_Label": "Tahun 2023",
        "Tahun": 2023,
        "Keterangan": "Expansion joint",
        "KM_Asli_Dari": 765850,
        "KM_Asli_Sampai": 765850,
        "Kategori_Pekerjaan": "Lainnya",
        "Sumber_Data": "Rekap_Lokasi_2023_2025 (1).xlsx",
        "Sumber_Sheet": "2023",
        "Sumber_Baris": 70
      },
      "geometry": null
    },
    {
      "type": "Feature",
      "id": "other-58",
      "properties": {
        "OBJECTID": 200058,
        "rute": "surgem_B",
        "Dari": 766200,
        "Sampai": 766400,
        "Jalur": "B",
        "Lajur": "3",
        "Tanggal_Pelaksanaan": "2023-06-30",
        "Tanggal_Label": "Tahun 2023",
        "Tahun": 2023,
        "Keterangan": "Expansion joint",
        "KM_Asli_Dari": 766375,
        "KM_Asli_Sampai": 766375,
        "Kategori_Pekerjaan": "Lainnya",
        "Sumber_Data": "Rekap_Lokasi_2023_2025 (1).xlsx",
        "Sumber_Sheet": "2023",
        "Sumber_Baris": 71
      },
      "geometry": null
    },
    {
      "type": "Feature",
      "id": "other-59",
      "properties": {
        "OBJECTID": 200059,
        "rute": "surgem_B",
        "Dari": 768000,
        "Sampai": 768200,
        "Jalur": "B",
        "Lajur": "1",
        "Tanggal_Pelaksanaan": "2023-06-30",
        "Tanggal_Label": "Tahun 2023",
        "Tahun": 2023,
        "Keterangan": "Expansion joint",
        "KM_Asli_Dari": 768100,
        "KM_Asli_Sampai": 768100,
        "Kategori_Pekerjaan": "Lainnya",
        "Sumber_Data": "Rekap_Lokasi_2023_2025 (1).xlsx",
        "Sumber_Sheet": "2023",
        "Sumber_Baris": 72
      },
      "geometry": null
    },
    {
      "type": "Feature",
      "id": "other-60",
      "properties": {
        "OBJECTID": 200060,
        "rute": "surgem_B",
        "Dari": 769400,
        "Sampai": 769600,
        "Jalur": "B",
        "Lajur": "1",
        "Tanggal_Pelaksanaan": "2023-06-30",
        "Tanggal_Label": "Tahun 2023",
        "Tahun": 2023,
        "Keterangan": "Rekonstruksi rigid pavement",
        "KM_Asli_Dari": 769490,
        "KM_Asli_Sampai": 769500,
        "Kategori_Pekerjaan": "Lainnya",
        "Sumber_Data": "Rekap_Lokasi_2023_2025 (1).xlsx",
        "Sumber_Sheet": "2023",
        "Sumber_Baris": 73
      },
      "geometry": null
    },
    {
      "type": "Feature",
      "id": "other-61",
      "properties": {
        "OBJECTID": 200061,
        "rute": "surgem_B",
        "Dari": 769400,
        "Sampai": 769600,
        "Jalur": "B",
        "Lajur": "1",
        "Tanggal_Pelaksanaan": "2023-06-30",
        "Tanggal_Label": "Tahun 2023",
        "Tahun": 2023,
        "Keterangan": "Rekonstruksi rigid pavement",
        "KM_Asli_Dari": 769495,
        "KM_Asli_Sampai": 769500,
        "Kategori_Pekerjaan": "Lainnya",
        "Sumber_Data": "Rekap_Lokasi_2023_2025 (1).xlsx",
        "Sumber_Sheet": "2023",
        "Sumber_Baris": 74
      },
      "geometry": null
    },
    {
      "type": "Feature",
      "id": "other-62",
      "properties": {
        "OBJECTID": 200062,
        "rute": "surgem_A",
        "Dari": 769400,
        "Sampai": 769600,
        "Jalur": "A",
        "Lajur": "1",
        "Tanggal_Pelaksanaan": "2023-06-30",
        "Tanggal_Label": "Tahun 2023",
        "Tahun": 2023,
        "Keterangan": "Sealant",
        "KM_Asli_Dari": 769500,
        "KM_Asli_Sampai": 769500,
        "Kategori_Pekerjaan": "Lainnya",
        "Sumber_Data": "Rekap_Lokasi_2023_2025 (1).xlsx",
        "Sumber_Sheet": "2023",
        "Sumber_Baris": 75
      },
      "geometry": null
    },
    {
      "type": "Feature",
      "id": "other-63",
      "properties": {
        "OBJECTID": 200063,
        "rute": "surgem_A",
        "Dari": 769400,
        "Sampai": 769600,
        "Jalur": "A",
        "Lajur": "2",
        "Tanggal_Pelaksanaan": "2023-06-30",
        "Tanggal_Label": "Tahun 2023",
        "Tahun": 2023,
        "Keterangan": "Sealant",
        "KM_Asli_Dari": 769500,
        "KM_Asli_Sampai": 769500,
        "Kategori_Pekerjaan": "Lainnya",
        "Sumber_Data": "Rekap_Lokasi_2023_2025 (1).xlsx",
        "Sumber_Sheet": "2023",
        "Sumber_Baris": 76
      },
      "geometry": null
    },
    {
      "type": "Feature",
      "id": "other-64",
      "properties": {
        "OBJECTID": 200064,
        "rute": "surgem_B",
        "Dari": 769400,
        "Sampai": 769600,
        "Jalur": "B",
        "Lajur": "1",
        "Tanggal_Pelaksanaan": "2023-06-30",
        "Tanggal_Label": "Tahun 2023",
        "Tahun": 2023,
        "Keterangan": "Sealant",
        "KM_Asli_Dari": 769500,
        "KM_Asli_Sampai": 769500,
        "Kategori_Pekerjaan": "Lainnya",
        "Sumber_Data": "Rekap_Lokasi_2023_2025 (1).xlsx",
        "Sumber_Sheet": "2023",
        "Sumber_Baris": 77
      },
      "geometry": null
    },
    {
      "type": "Feature",
      "id": "other-65",
      "properties": {
        "OBJECTID": 200065,
        "rute": "surgem_B",
        "Dari": 769400,
        "Sampai": 769600,
        "Jalur": "B",
        "Lajur": "2",
        "Tanggal_Pelaksanaan": "2023-06-30",
        "Tanggal_Label": "Tahun 2023",
        "Tahun": 2023,
        "Keterangan": "Sealant",
        "KM_Asli_Dari": 769500,
        "KM_Asli_Sampai": 769500,
        "Kategori_Pekerjaan": "Lainnya",
        "Sumber_Data": "Rekap_Lokasi_2023_2025 (1).xlsx",
        "Sumber_Sheet": "2023",
        "Sumber_Baris": 78
      },
      "geometry": null
    },
    {
      "type": "Feature",
      "id": "other-66",
      "properties": {
        "OBJECTID": 200066,
        "rute": "surgem_B",
        "Dari": 769400,
        "Sampai": 769600,
        "Jalur": "B",
        "Lajur": "1",
        "Tanggal_Pelaksanaan": "2023-06-30",
        "Tanggal_Label": "Tahun 2023",
        "Tahun": 2023,
        "Keterangan": "Rekonstruksi rigid pavement",
        "KM_Asli_Dari": 769505,
        "KM_Asli_Sampai": 769515,
        "Kategori_Pekerjaan": "Lainnya",
        "Sumber_Data": "Rekap_Lokasi_2023_2025 (1).xlsx",
        "Sumber_Sheet": "2023",
        "Sumber_Baris": 80
      },
      "geometry": null
    },
    {
      "type": "Feature",
      "id": "other-67",
      "properties": {
        "OBJECTID": 200067,
        "rute": "surgem_B",
        "Dari": 769400,
        "Sampai": 769600,
        "Jalur": "B",
        "Lajur": "1",
        "Tanggal_Pelaksanaan": "2023-06-30",
        "Tanggal_Label": "Tahun 2023",
        "Tahun": 2023,
        "Keterangan": "Rekonstruksi rigid pavement",
        "KM_Asli_Dari": 769510,
        "KM_Asli_Sampai": 769515,
        "Kategori_Pekerjaan": "Lainnya",
        "Sumber_Data": "Rekap_Lokasi_2023_2025 (1).xlsx",
        "Sumber_Sheet": "2023",
        "Sumber_Baris": 81
      },
      "geometry": null
    },
    {
      "type": "Feature",
      "id": "other-68",
      "properties": {
        "OBJECTID": 200068,
        "rute": "surgem_B",
        "Dari": 769400,
        "Sampai": 769600,
        "Jalur": "B",
        "Lajur": "1",
        "Tanggal_Pelaksanaan": "2023-06-30",
        "Tanggal_Label": "Tahun 2023",
        "Tahun": 2023,
        "Keterangan": "Rekonstruksi rigid pavement",
        "KM_Asli_Dari": 769548,
        "KM_Asli_Sampai": 769555,
        "Kategori_Pekerjaan": "Lainnya",
        "Sumber_Data": "Rekap_Lokasi_2023_2025 (1).xlsx",
        "Sumber_Sheet": "2023",
        "Sumber_Baris": 82
      },
      "geometry": null
    },
    {
      "type": "Feature",
      "id": "other-69",
      "properties": {
        "OBJECTID": 200069,
        "rute": "surgem_B",
        "Dari": 769400,
        "Sampai": 769600,
        "Jalur": "B",
        "Lajur": "1",
        "Tanggal_Pelaksanaan": "2023-06-30",
        "Tanggal_Label": "Tahun 2023",
        "Tahun": 2023,
        "Keterangan": "Rekonstruksi rigid pavement",
        "KM_Asli_Dari": 769548,
        "KM_Asli_Sampai": 769555,
        "Kategori_Pekerjaan": "Lainnya",
        "Sumber_Data": "Rekap_Lokasi_2023_2025 (1).xlsx",
        "Sumber_Sheet": "2023",
        "Sumber_Baris": 83
      },
      "geometry": null
    },
    {
      "type": "Feature",
      "id": "other-70",
      "properties": {
        "OBJECTID": 200070,
        "rute": "surgem_A",
        "Dari": 769600,
        "Sampai": 769800,
        "Jalur": "A",
        "Lajur": "2",
        "Tanggal_Pelaksanaan": "2023-06-30",
        "Tanggal_Label": "Tahun 2023",
        "Tahun": 2023,
        "Keterangan": "Expansion joint",
        "KM_Asli_Dari": 769600,
        "KM_Asli_Sampai": 769600,
        "Kategori_Pekerjaan": "Lainnya",
        "Sumber_Data": "Rekap_Lokasi_2023_2025 (1).xlsx",
        "Sumber_Sheet": "2023",
        "Sumber_Baris": 84
      },
      "geometry": null
    },
    {
      "type": "Feature",
      "id": "other-71",
      "properties": {
        "OBJECTID": 200071,
        "rute": "surgem_B",
        "Dari": 769600,
        "Sampai": 769800,
        "Jalur": "B",
        "Lajur": "1",
        "Tanggal_Pelaksanaan": "2023-06-30",
        "Tanggal_Label": "Tahun 2023",
        "Tahun": 2023,
        "Keterangan": "Expansion joint",
        "KM_Asli_Dari": 769600,
        "KM_Asli_Sampai": 769600,
        "Kategori_Pekerjaan": "Lainnya",
        "Sumber_Data": "Rekap_Lokasi_2023_2025 (1).xlsx",
        "Sumber_Sheet": "2023",
        "Sumber_Baris": 85
      },
      "geometry": null
    },
    {
      "type": "Feature",
      "id": "other-72",
      "properties": {
        "OBJECTID": 200072,
        "rute": "surgem_B",
        "Dari": 769600,
        "Sampai": 769800,
        "Jalur": "B",
        "Lajur": "1",
        "Tanggal_Pelaksanaan": "2023-06-30",
        "Tanggal_Label": "Tahun 2023",
        "Tahun": 2023,
        "Keterangan": "Expansion joint",
        "KM_Asli_Dari": 769640,
        "KM_Asli_Sampai": 769640,
        "Kategori_Pekerjaan": "Lainnya",
        "Sumber_Data": "Rekap_Lokasi_2023_2025 (1).xlsx",
        "Sumber_Sheet": "2023",
        "Sumber_Baris": 86
      },
      "geometry": null
    },
    {
      "type": "Feature",
      "id": "other-73",
      "properties": {
        "OBJECTID": 200073,
        "rute": "surgem_B",
        "Dari": 769600,
        "Sampai": 769800,
        "Jalur": "B",
        "Lajur": "1",
        "Tanggal_Pelaksanaan": "2023-06-30",
        "Tanggal_Label": "Tahun 2023",
        "Tahun": 2023,
        "Keterangan": "Expansion joint",
        "KM_Asli_Dari": 769675,
        "KM_Asli_Sampai": 769675,
        "Kategori_Pekerjaan": "Lainnya",
        "Sumber_Data": "Rekap_Lokasi_2023_2025 (1).xlsx",
        "Sumber_Sheet": "2023",
        "Sumber_Baris": 88
      },
      "geometry": null
    },
    {
      "type": "Feature",
      "id": "other-74",
      "properties": {
        "OBJECTID": 200074,
        "rute": "surgem_B",
        "Dari": 769600,
        "Sampai": 769800,
        "Jalur": "B",
        "Lajur": "1",
        "Tanggal_Pelaksanaan": "2023-06-30",
        "Tanggal_Label": "Tahun 2023",
        "Tahun": 2023,
        "Keterangan": "Expansion joint",
        "KM_Asli_Dari": 769700,
        "KM_Asli_Sampai": 769700,
        "Kategori_Pekerjaan": "Lainnya",
        "Sumber_Data": "Rekap_Lokasi_2023_2025 (1).xlsx",
        "Sumber_Sheet": "2023",
        "Sumber_Baris": 90
      },
      "geometry": null
    },
    {
      "type": "Feature",
      "id": "other-75",
      "properties": {
        "OBJECTID": 200075,
        "rute": "surgem_A",
        "Dari": 769600,
        "Sampai": 769800,
        "Jalur": "A",
        "Lajur": "2",
        "Tanggal_Pelaksanaan": "2023-06-30",
        "Tanggal_Label": "Tahun 2023",
        "Tahun": 2023,
        "Keterangan": "Expansion joint",
        "KM_Asli_Dari": 769750,
        "KM_Asli_Sampai": 769750,
        "Kategori_Pekerjaan": "Lainnya",
        "Sumber_Data": "Rekap_Lokasi_2023_2025 (1).xlsx",
        "Sumber_Sheet": "2023",
        "Sumber_Baris": 92
      },
      "geometry": null
    },
    {
      "type": "Feature",
      "id": "other-76",
      "properties": {
        "OBJECTID": 200076,
        "rute": "surgem_A",
        "Dari": 769800,
        "Sampai": 770000,
        "Jalur": "A",
        "Lajur": "1",
        "Tanggal_Pelaksanaan": "2023-06-30",
        "Tanggal_Label": "Tahun 2023",
        "Tahun": 2023,
        "Keterangan": "Expansion joint",
        "KM_Asli_Dari": 769800,
        "KM_Asli_Sampai": 769800,
        "Kategori_Pekerjaan": "Lainnya",
        "Sumber_Data": "Rekap_Lokasi_2023_2025 (1).xlsx",
        "Sumber_Sheet": "2023",
        "Sumber_Baris": 93
      },
      "geometry": null
    },
    {
      "type": "Feature",
      "id": "other-77",
      "properties": {
        "OBJECTID": 200077,
        "rute": "surgem_A",
        "Dari": 769800,
        "Sampai": 770000,
        "Jalur": "A",
        "Lajur": "2",
        "Tanggal_Pelaksanaan": "2023-06-30",
        "Tanggal_Label": "Tahun 2023",
        "Tahun": 2023,
        "Keterangan": "Expansion joint",
        "KM_Asli_Dari": 769800,
        "KM_Asli_Sampai": 769800,
        "Kategori_Pekerjaan": "Lainnya",
        "Sumber_Data": "Rekap_Lokasi_2023_2025 (1).xlsx",
        "Sumber_Sheet": "2023",
        "Sumber_Baris": 94
      },
      "geometry": null
    },
    {
      "type": "Feature",
      "id": "other-78",
      "properties": {
        "OBJECTID": 200078,
        "rute": "surgem_A",
        "Dari": 769800,
        "Sampai": 770000,
        "Jalur": "A",
        "Lajur": "1",
        "Tanggal_Pelaksanaan": "2023-06-30",
        "Tanggal_Label": "Tahun 2023",
        "Tahun": 2023,
        "Keterangan": "Expansion joint",
        "KM_Asli_Dari": 769900,
        "KM_Asli_Sampai": 769900,
        "Kategori_Pekerjaan": "Lainnya",
        "Sumber_Data": "Rekap_Lokasi_2023_2025 (1).xlsx",
        "Sumber_Sheet": "2023",
        "Sumber_Baris": 95
      },
      "geometry": null
    },
    {
      "type": "Feature",
      "id": "other-79",
      "properties": {
        "OBJECTID": 200079,
        "rute": "surgem_A",
        "Dari": 769800,
        "Sampai": 770000,
        "Jalur": "A",
        "Lajur": "2",
        "Tanggal_Pelaksanaan": "2023-06-30",
        "Tanggal_Label": "Tahun 2023",
        "Tahun": 2023,
        "Keterangan": "Expansion joint",
        "KM_Asli_Dari": 769900,
        "KM_Asli_Sampai": 769900,
        "Kategori_Pekerjaan": "Lainnya",
        "Sumber_Data": "Rekap_Lokasi_2023_2025 (1).xlsx",
        "Sumber_Sheet": "2023",
        "Sumber_Baris": 96
      },
      "geometry": null
    },
    {
      "type": "Feature",
      "id": "other-80",
      "properties": {
        "OBJECTID": 200080,
        "rute": "surgem_A",
        "Dari": 769800,
        "Sampai": 770000,
        "Jalur": "A",
        "Lajur": "1",
        "Tanggal_Pelaksanaan": "2023-06-30",
        "Tanggal_Label": "Tahun 2023",
        "Tahun": 2023,
        "Keterangan": "Expansion joint",
        "KM_Asli_Dari": 769904,
        "KM_Asli_Sampai": 769904,
        "Kategori_Pekerjaan": "Lainnya",
        "Sumber_Data": "Rekap_Lokasi_2023_2025 (1).xlsx",
        "Sumber_Sheet": "2023",
        "Sumber_Baris": 98
      },
      "geometry": null
    },
    {
      "type": "Feature",
      "id": "other-81",
      "properties": {
        "OBJECTID": 200081,
        "rute": "surgem_A",
        "Dari": 769800,
        "Sampai": 770000,
        "Jalur": "A",
        "Lajur": "2",
        "Tanggal_Pelaksanaan": "2023-06-30",
        "Tanggal_Label": "Tahun 2023",
        "Tahun": 2023,
        "Keterangan": "Expansion joint",
        "KM_Asli_Dari": 769904,
        "KM_Asli_Sampai": 769904,
        "Kategori_Pekerjaan": "Lainnya",
        "Sumber_Data": "Rekap_Lokasi_2023_2025 (1).xlsx",
        "Sumber_Sheet": "2023",
        "Sumber_Baris": 99
      },
      "geometry": null
    },
    {
      "type": "Feature",
      "id": "other-82",
      "properties": {
        "OBJECTID": 200082,
        "rute": "surgem_A",
        "Dari": 769800,
        "Sampai": 770000,
        "Jalur": "A",
        "Lajur": "1",
        "Tanggal_Pelaksanaan": "2023-06-30",
        "Tanggal_Label": "Tahun 2023",
        "Tahun": 2023,
        "Keterangan": "Expansion joint",
        "KM_Asli_Dari": 769980,
        "KM_Asli_Sampai": 769980,
        "Kategori_Pekerjaan": "Lainnya",
        "Sumber_Data": "Rekap_Lokasi_2023_2025 (1).xlsx",
        "Sumber_Sheet": "2023",
        "Sumber_Baris": 101
      },
      "geometry": null
    },
    {
      "type": "Feature",
      "id": "other-83",
      "properties": {
        "OBJECTID": 200083,
        "rute": "surgem_A",
        "Dari": 769800,
        "Sampai": 770000,
        "Jalur": "A",
        "Lajur": "2",
        "Tanggal_Pelaksanaan": "2023-06-30",
        "Tanggal_Label": "Tahun 2023",
        "Tahun": 2023,
        "Keterangan": "Expansion joint",
        "KM_Asli_Dari": 769980,
        "KM_Asli_Sampai": 769980,
        "Kategori_Pekerjaan": "Lainnya",
        "Sumber_Data": "Rekap_Lokasi_2023_2025 (1).xlsx",
        "Sumber_Sheet": "2023",
        "Sumber_Baris": 102
      },
      "geometry": null
    },
    {
      "type": "Feature",
      "id": "other-84",
      "properties": {
        "OBJECTID": 200084,
        "rute": "surgem_B",
        "Dari": 769800,
        "Sampai": 770000,
        "Jalur": "B",
        "Lajur": "1",
        "Tanggal_Pelaksanaan": "2023-06-30",
        "Tanggal_Label": "Tahun 2023",
        "Tahun": 2023,
        "Keterangan": "Expansion joint",
        "KM_Asli_Dari": 769980,
        "KM_Asli_Sampai": 769980,
        "Kategori_Pekerjaan": "Lainnya",
        "Sumber_Data": "Rekap_Lokasi_2023_2025 (1).xlsx",
        "Sumber_Sheet": "2023",
        "Sumber_Baris": 104
      },
      "geometry": null
    },
    {
      "type": "Feature",
      "id": "other-85",
      "properties": {
        "OBJECTID": 200085,
        "rute": "surgem_B",
        "Dari": 769800,
        "Sampai": 770000,
        "Jalur": "B",
        "Lajur": "2",
        "Tanggal_Pelaksanaan": "2023-06-30",
        "Tanggal_Label": "Tahun 2023",
        "Tahun": 2023,
        "Keterangan": "Expansion joint",
        "KM_Asli_Dari": 769980,
        "KM_Asli_Sampai": 769980,
        "Kategori_Pekerjaan": "Lainnya",
        "Sumber_Data": "Rekap_Lokasi_2023_2025 (1).xlsx",
        "Sumber_Sheet": "2023",
        "Sumber_Baris": 105
      },
      "geometry": null
    },
    {
      "type": "Feature",
      "id": "other-86",
      "properties": {
        "OBJECTID": 200086,
        "rute": "surgem_B",
        "Dari": 770000,
        "Sampai": 770200,
        "Jalur": "B",
        "Lajur": "1",
        "Tanggal_Pelaksanaan": "2023-06-30",
        "Tanggal_Label": "Tahun 2023",
        "Tahun": 2023,
        "Keterangan": "Sealant",
        "KM_Asli_Dari": 770050,
        "KM_Asli_Sampai": 770050,
        "Kategori_Pekerjaan": "Lainnya",
        "Sumber_Data": "Rekap_Lokasi_2023_2025 (1).xlsx",
        "Sumber_Sheet": "2023",
        "Sumber_Baris": 106
      },
      "geometry": null
    },
    {
      "type": "Feature",
      "id": "other-87",
      "properties": {
        "OBJECTID": 200087,
        "rute": "surgem_B",
        "Dari": 770000,
        "Sampai": 770200,
        "Jalur": "B",
        "Lajur": "1",
        "Tanggal_Pelaksanaan": "2023-06-30",
        "Tanggal_Label": "Tahun 2023",
        "Tahun": 2023,
        "Keterangan": "Sealant",
        "KM_Asli_Dari": 770050,
        "KM_Asli_Sampai": 770050,
        "Kategori_Pekerjaan": "Lainnya",
        "Sumber_Data": "Rekap_Lokasi_2023_2025 (1).xlsx",
        "Sumber_Sheet": "2023",
        "Sumber_Baris": 107
      },
      "geometry": null
    },
    {
      "type": "Feature",
      "id": "other-88",
      "properties": {
        "OBJECTID": 200088,
        "rute": "surgem_B",
        "Dari": 770000,
        "Sampai": 770200,
        "Jalur": "B",
        "Lajur": "1",
        "Tanggal_Pelaksanaan": "2023-06-30",
        "Tanggal_Label": "Tahun 2023",
        "Tahun": 2023,
        "Keterangan": "Sealant",
        "KM_Asli_Dari": 770050,
        "KM_Asli_Sampai": 770050,
        "Kategori_Pekerjaan": "Lainnya",
        "Sumber_Data": "Rekap_Lokasi_2023_2025 (1).xlsx",
        "Sumber_Sheet": "2023",
        "Sumber_Baris": 108
      },
      "geometry": null
    },
    {
      "type": "Feature",
      "id": "other-89",
      "properties": {
        "OBJECTID": 200089,
        "rute": "surgem_B",
        "Dari": 770000,
        "Sampai": 770200,
        "Jalur": "B",
        "Lajur": "1",
        "Tanggal_Pelaksanaan": "2023-06-30",
        "Tanggal_Label": "Tahun 2023",
        "Tahun": 2023,
        "Keterangan": "Sealant",
        "KM_Asli_Dari": 770050,
        "KM_Asli_Sampai": 770050,
        "Kategori_Pekerjaan": "Lainnya",
        "Sumber_Data": "Rekap_Lokasi_2023_2025 (1).xlsx",
        "Sumber_Sheet": "2023",
        "Sumber_Baris": 109
      },
      "geometry": null
    },
    {
      "type": "Feature",
      "id": "other-90",
      "properties": {
        "OBJECTID": 200090,
        "rute": "surgem_B",
        "Dari": 770000,
        "Sampai": 770200,
        "Jalur": "B",
        "Lajur": "1",
        "Tanggal_Pelaksanaan": "2023-06-30",
        "Tanggal_Label": "Tahun 2023",
        "Tahun": 2023,
        "Keterangan": "Sealant",
        "KM_Asli_Dari": 770050,
        "KM_Asli_Sampai": 770050,
        "Kategori_Pekerjaan": "Lainnya",
        "Sumber_Data": "Rekap_Lokasi_2023_2025 (1).xlsx",
        "Sumber_Sheet": "2023",
        "Sumber_Baris": 110
      },
      "geometry": null
    },
    {
      "type": "Feature",
      "id": "other-91",
      "properties": {
        "OBJECTID": 200091,
        "rute": "surgem_B",
        "Dari": 770000,
        "Sampai": 770200,
        "Jalur": "B",
        "Lajur": "1",
        "Tanggal_Pelaksanaan": "2023-06-30",
        "Tanggal_Label": "Tahun 2023",
        "Tahun": 2023,
        "Keterangan": "Sealant",
        "KM_Asli_Dari": 770100,
        "KM_Asli_Sampai": 770100,
        "Kategori_Pekerjaan": "Lainnya",
        "Sumber_Data": "Rekap_Lokasi_2023_2025 (1).xlsx",
        "Sumber_Sheet": "2023",
        "Sumber_Baris": 111
      },
      "geometry": null
    },
    {
      "type": "Feature",
      "id": "other-92",
      "properties": {
        "OBJECTID": 200092,
        "rute": "surgem_B",
        "Dari": 770000,
        "Sampai": 770200,
        "Jalur": "B",
        "Lajur": "1",
        "Tanggal_Pelaksanaan": "2023-06-30",
        "Tanggal_Label": "Tahun 2023",
        "Tahun": 2023,
        "Keterangan": "Sealant",
        "KM_Asli_Dari": 770100,
        "KM_Asli_Sampai": 770100,
        "Kategori_Pekerjaan": "Lainnya",
        "Sumber_Data": "Rekap_Lokasi_2023_2025 (1).xlsx",
        "Sumber_Sheet": "2023",
        "Sumber_Baris": 112
      },
      "geometry": null
    },
    {
      "type": "Feature",
      "id": "other-93",
      "properties": {
        "OBJECTID": 200093,
        "rute": "surgem_B",
        "Dari": 770000,
        "Sampai": 770200,
        "Jalur": "B",
        "Lajur": "1",
        "Tanggal_Pelaksanaan": "2023-06-30",
        "Tanggal_Label": "Tahun 2023",
        "Tahun": 2023,
        "Keterangan": "Sealant",
        "KM_Asli_Dari": 770100,
        "KM_Asli_Sampai": 770100,
        "Kategori_Pekerjaan": "Lainnya",
        "Sumber_Data": "Rekap_Lokasi_2023_2025 (1).xlsx",
        "Sumber_Sheet": "2023",
        "Sumber_Baris": 113
      },
      "geometry": null
    },
    {
      "type": "Feature",
      "id": "other-94",
      "properties": {
        "OBJECTID": 200094,
        "rute": "surgem_B",
        "Dari": 770000,
        "Sampai": 770200,
        "Jalur": "B",
        "Lajur": "1",
        "Tanggal_Pelaksanaan": "2023-06-30",
        "Tanggal_Label": "Tahun 2023",
        "Tahun": 2023,
        "Keterangan": "Sealant",
        "KM_Asli_Dari": 770100,
        "KM_Asli_Sampai": 770100,
        "Kategori_Pekerjaan": "Lainnya",
        "Sumber_Data": "Rekap_Lokasi_2023_2025 (1).xlsx",
        "Sumber_Sheet": "2023",
        "Sumber_Baris": 114
      },
      "geometry": null
    },
    {
      "type": "Feature",
      "id": "other-95",
      "properties": {
        "OBJECTID": 200095,
        "rute": "surgem_B",
        "Dari": 770000,
        "Sampai": 770200,
        "Jalur": "B",
        "Lajur": "2",
        "Tanggal_Pelaksanaan": "2023-06-30",
        "Tanggal_Label": "Tahun 2023",
        "Tahun": 2023,
        "Keterangan": "Sealant",
        "KM_Asli_Dari": 770100,
        "KM_Asli_Sampai": 770100,
        "Kategori_Pekerjaan": "Lainnya",
        "Sumber_Data": "Rekap_Lokasi_2023_2025 (1).xlsx",
        "Sumber_Sheet": "2023",
        "Sumber_Baris": 115
      },
      "geometry": null
    },
    {
      "type": "Feature",
      "id": "other-96",
      "properties": {
        "OBJECTID": 200096,
        "rute": "surgem_A",
        "Dari": 770200,
        "Sampai": 770400,
        "Jalur": "A",
        "Lajur": "1",
        "Tanggal_Pelaksanaan": "2023-06-30",
        "Tanggal_Label": "Tahun 2023",
        "Tahun": 2023,
        "Keterangan": "Rekonstruksi rigid pavement",
        "KM_Asli_Dari": 770300,
        "KM_Asli_Sampai": 770330,
        "Kategori_Pekerjaan": "Lainnya",
        "Sumber_Data": "Rekap_Lokasi_2023_2025 (1).xlsx",
        "Sumber_Sheet": "2023",
        "Sumber_Baris": 116
      },
      "geometry": null
    },
    {
      "type": "Feature",
      "id": "other-97",
      "properties": {
        "OBJECTID": 200097,
        "rute": "surgem_A",
        "Dari": 770200,
        "Sampai": 770400,
        "Jalur": "A",
        "Lajur": "1",
        "Tanggal_Pelaksanaan": "2023-06-30",
        "Tanggal_Label": "Tahun 2023",
        "Tahun": 2023,
        "Keterangan": "Rekonstruksi rigid pavement",
        "KM_Asli_Dari": 770330,
        "KM_Asli_Sampai": 770340,
        "Kategori_Pekerjaan": "Lainnya",
        "Sumber_Data": "Rekap_Lokasi_2023_2025 (1).xlsx",
        "Sumber_Sheet": "2023",
        "Sumber_Baris": 117
      },
      "geometry": null
    },
    {
      "type": "Feature",
      "id": "other-98",
      "properties": {
        "OBJECTID": 200098,
        "rute": "surgem_B",
        "Dari": 770400,
        "Sampai": 770600,
        "Jalur": "B",
        "Lajur": "1",
        "Tanggal_Pelaksanaan": "2023-06-30",
        "Tanggal_Label": "Tahun 2023",
        "Tahun": 2023,
        "Keterangan": "Sealant",
        "KM_Asli_Dari": 770450,
        "KM_Asli_Sampai": 770450,
        "Kategori_Pekerjaan": "Lainnya",
        "Sumber_Data": "Rekap_Lokasi_2023_2025 (1).xlsx",
        "Sumber_Sheet": "2023",
        "Sumber_Baris": 118
      },
      "geometry": null
    },
    {
      "type": "Feature",
      "id": "other-99",
      "properties": {
        "OBJECTID": 200099,
        "rute": "surgem_B",
        "Dari": 770400,
        "Sampai": 770600,
        "Jalur": "B",
        "Lajur": "1",
        "Tanggal_Pelaksanaan": "2023-06-30",
        "Tanggal_Label": "Tahun 2023",
        "Tahun": 2023,
        "Keterangan": "Sealant",
        "KM_Asli_Dari": 770500,
        "KM_Asli_Sampai": 770500,
        "Kategori_Pekerjaan": "Lainnya",
        "Sumber_Data": "Rekap_Lokasi_2023_2025 (1).xlsx",
        "Sumber_Sheet": "2023",
        "Sumber_Baris": 119
      },
      "geometry": null
    },
    {
      "type": "Feature",
      "id": "other-100",
      "properties": {
        "OBJECTID": 200100,
        "rute": "surgem_A",
        "Dari": 770400,
        "Sampai": 770600,
        "Jalur": "A",
        "Lajur": "1",
        "Tanggal_Pelaksanaan": "2023-06-30",
        "Tanggal_Label": "Tahun 2023",
        "Tahun": 2023,
        "Keterangan": "Rekonstruksi rigid pavement",
        "KM_Asli_Dari": 770560,
        "KM_Asli_Sampai": 770570,
        "Kategori_Pekerjaan": "Lainnya",
        "Sumber_Data": "Rekap_Lokasi_2023_2025 (1).xlsx",
        "Sumber_Sheet": "2023",
        "Sumber_Baris": 120
      },
      "geometry": null
    },
    {
      "type": "Feature",
      "id": "other-101",
      "properties": {
        "OBJECTID": 200101,
        "rute": "surgem_B",
        "Dari": 770400,
        "Sampai": 770600,
        "Jalur": "B",
        "Lajur": "1",
        "Tanggal_Pelaksanaan": "2023-06-30",
        "Tanggal_Label": "Tahun 2023",
        "Tahun": 2023,
        "Keterangan": "Rekonstruksi rigid pavement",
        "KM_Asli_Dari": 770560,
        "KM_Asli_Sampai": 770575,
        "Kategori_Pekerjaan": "Lainnya",
        "Sumber_Data": "Rekap_Lokasi_2023_2025 (1).xlsx",
        "Sumber_Sheet": "2023",
        "Sumber_Baris": 121
      },
      "geometry": null
    },
    {
      "type": "Feature",
      "id": "other-102",
      "properties": {
        "OBJECTID": 200102,
        "rute": "surgem_B",
        "Dari": 770400,
        "Sampai": 770600,
        "Jalur": "B",
        "Lajur": "1",
        "Tanggal_Pelaksanaan": "2023-06-30",
        "Tanggal_Label": "Tahun 2023",
        "Tahun": 2023,
        "Keterangan": "Rekonstruksi rigid pavement",
        "KM_Asli_Dari": 770585,
        "KM_Asli_Sampai": 770590,
        "Kategori_Pekerjaan": "Lainnya",
        "Sumber_Data": "Rekap_Lokasi_2023_2025 (1).xlsx",
        "Sumber_Sheet": "2023",
        "Sumber_Baris": 122
      },
      "geometry": null
    },
    {
      "type": "Feature",
      "id": "other-103",
      "properties": {
        "OBJECTID": 200103,
        "rute": "surgem_B",
        "Dari": 770600,
        "Sampai": 770800,
        "Jalur": "B",
        "Lajur": "2",
        "Tanggal_Pelaksanaan": "2023-06-30",
        "Tanggal_Label": "Tahun 2023",
        "Tahun": 2023,
        "Keterangan": "Rekonstruksi rigid pavement",
        "KM_Asli_Dari": 770600,
        "KM_Asli_Sampai": 770615,
        "Kategori_Pekerjaan": "Lainnya",
        "Sumber_Data": "Rekap_Lokasi_2023_2025 (1).xlsx",
        "Sumber_Sheet": "2023",
        "Sumber_Baris": 123
      },
      "geometry": null
    },
    {
      "type": "Feature",
      "id": "other-104",
      "properties": {
        "OBJECTID": 200104,
        "rute": "surgem_A",
        "Dari": 770600,
        "Sampai": 770800,
        "Jalur": "A",
        "Lajur": "1",
        "Tanggal_Pelaksanaan": "2023-06-30",
        "Tanggal_Label": "Tahun 2023",
        "Tahun": 2023,
        "Keterangan": "Rekonstruksi rigid pavement",
        "KM_Asli_Dari": 770650,
        "KM_Asli_Sampai": 770660,
        "Kategori_Pekerjaan": "Lainnya",
        "Sumber_Data": "Rekap_Lokasi_2023_2025 (1).xlsx",
        "Sumber_Sheet": "2023",
        "Sumber_Baris": 124
      },
      "geometry": null
    },
    {
      "type": "Feature",
      "id": "other-105",
      "properties": {
        "OBJECTID": 200105,
        "rute": "surgem_A",
        "Dari": 770600,
        "Sampai": 770800,
        "Jalur": "A",
        "Lajur": "1",
        "Tanggal_Pelaksanaan": "2023-06-30",
        "Tanggal_Label": "Tahun 2023",
        "Tahun": 2023,
        "Keterangan": "Sealant",
        "KM_Asli_Dari": 770700,
        "KM_Asli_Sampai": 770700,
        "Kategori_Pekerjaan": "Lainnya",
        "Sumber_Data": "Rekap_Lokasi_2023_2025 (1).xlsx",
        "Sumber_Sheet": "2023",
        "Sumber_Baris": 125
      },
      "geometry": null
    },
    {
      "type": "Feature",
      "id": "other-106",
      "properties": {
        "OBJECTID": 200106,
        "rute": "surgem_B",
        "Dari": 770600,
        "Sampai": 770800,
        "Jalur": "B",
        "Lajur": "1",
        "Tanggal_Pelaksanaan": "2023-06-30",
        "Tanggal_Label": "Tahun 2023",
        "Tahun": 2023,
        "Keterangan": "Sealant",
        "KM_Asli_Dari": 770700,
        "KM_Asli_Sampai": 770700,
        "Kategori_Pekerjaan": "Lainnya",
        "Sumber_Data": "Rekap_Lokasi_2023_2025 (1).xlsx",
        "Sumber_Sheet": "2023",
        "Sumber_Baris": 126
      },
      "geometry": null
    },
    {
      "type": "Feature",
      "id": "other-107",
      "properties": {
        "OBJECTID": 200107,
        "rute": "surgem_B",
        "Dari": 770600,
        "Sampai": 770800,
        "Jalur": "B",
        "Lajur": "1",
        "Tanggal_Pelaksanaan": "2023-06-30",
        "Tanggal_Label": "Tahun 2023",
        "Tahun": 2023,
        "Keterangan": "Sealant",
        "KM_Asli_Dari": 770700,
        "KM_Asli_Sampai": 770700,
        "Kategori_Pekerjaan": "Lainnya",
        "Sumber_Data": "Rekap_Lokasi_2023_2025 (1).xlsx",
        "Sumber_Sheet": "2023",
        "Sumber_Baris": 127
      },
      "geometry": null
    },
    {
      "type": "Feature",
      "id": "other-108",
      "properties": {
        "OBJECTID": 200108,
        "rute": "surgem_A",
        "Dari": 770600,
        "Sampai": 770800,
        "Jalur": "A",
        "Lajur": "1",
        "Tanggal_Pelaksanaan": "2023-06-30",
        "Tanggal_Label": "Tahun 2023",
        "Tahun": 2023,
        "Keterangan": "Sealant",
        "KM_Asli_Dari": 770750,
        "KM_Asli_Sampai": 770750,
        "Kategori_Pekerjaan": "Lainnya",
        "Sumber_Data": "Rekap_Lokasi_2023_2025 (1).xlsx",
        "Sumber_Sheet": "2023",
        "Sumber_Baris": 128
      },
      "geometry": null
    },
    {
      "type": "Feature",
      "id": "other-109",
      "properties": {
        "OBJECTID": 200109,
        "rute": "surgem_B",
        "Dari": 770600,
        "Sampai": 770800,
        "Jalur": "B",
        "Lajur": "1",
        "Tanggal_Pelaksanaan": "2023-06-30",
        "Tanggal_Label": "Tahun 2023",
        "Tahun": 2023,
        "Keterangan": "Sealant",
        "KM_Asli_Dari": 770750,
        "KM_Asli_Sampai": 770750,
        "Kategori_Pekerjaan": "Lainnya",
        "Sumber_Data": "Rekap_Lokasi_2023_2025 (1).xlsx",
        "Sumber_Sheet": "2023",
        "Sumber_Baris": 129
      },
      "geometry": null
    },
    {
      "type": "Feature",
      "id": "other-110",
      "properties": {
        "OBJECTID": 200110,
        "rute": "surgem_A",
        "Dari": 770600,
        "Sampai": 770800,
        "Jalur": "A",
        "Lajur": "1",
        "Tanggal_Pelaksanaan": "2023-06-30",
        "Tanggal_Label": "Tahun 2023",
        "Tahun": 2023,
        "Keterangan": "Rekonstruksi rigid pavement",
        "KM_Asli_Dari": 770750,
        "KM_Asli_Sampai": 770780,
        "Kategori_Pekerjaan": "Lainnya",
        "Sumber_Data": "Rekap_Lokasi_2023_2025 (1).xlsx",
        "Sumber_Sheet": "2023",
        "Sumber_Baris": 130
      },
      "geometry": null
    },
    {
      "type": "Feature",
      "id": "other-111",
      "properties": {
        "OBJECTID": 200111,
        "rute": "surgem_A",
        "Dari": 770800,
        "Sampai": 771000,
        "Jalur": "A",
        "Lajur": "1",
        "Tanggal_Pelaksanaan": "2023-06-30",
        "Tanggal_Label": "Tahun 2023",
        "Tahun": 2023,
        "Keterangan": "Rekonstruksi rigid pavement",
        "KM_Asli_Dari": 770800,
        "KM_Asli_Sampai": 770820,
        "Kategori_Pekerjaan": "Lainnya",
        "Sumber_Data": "Rekap_Lokasi_2023_2025 (1).xlsx",
        "Sumber_Sheet": "2023",
        "Sumber_Baris": 131
      },
      "geometry": null
    },
    {
      "type": "Feature",
      "id": "other-112",
      "properties": {
        "OBJECTID": 200112,
        "rute": "surgem_B",
        "Dari": 770800,
        "Sampai": 771000,
        "Jalur": "B",
        "Lajur": "2",
        "Tanggal_Pelaksanaan": "2023-06-30",
        "Tanggal_Label": "Tahun 2023",
        "Tahun": 2023,
        "Keterangan": "Expansion joint",
        "KM_Asli_Dari": 770900,
        "KM_Asli_Sampai": 770900,
        "Kategori_Pekerjaan": "Lainnya",
        "Sumber_Data": "Rekap_Lokasi_2023_2025 (1).xlsx",
        "Sumber_Sheet": "2023",
        "Sumber_Baris": 132
      },
      "geometry": null
    },
    {
      "type": "Feature",
      "id": "other-113",
      "properties": {
        "OBJECTID": 200113,
        "rute": "surgem_B",
        "Dari": 770800,
        "Sampai": 771000,
        "Jalur": "B",
        "Lajur": "1",
        "Tanggal_Pelaksanaan": "2023-06-30",
        "Tanggal_Label": "Tahun 2023",
        "Tahun": 2023,
        "Keterangan": "Expansion joint",
        "KM_Asli_Dari": 770950,
        "KM_Asli_Sampai": 770950,
        "Kategori_Pekerjaan": "Lainnya",
        "Sumber_Data": "Rekap_Lokasi_2023_2025 (1).xlsx",
        "Sumber_Sheet": "2023",
        "Sumber_Baris": 133
      },
      "geometry": null
    },
    {
      "type": "Feature",
      "id": "other-114",
      "properties": {
        "OBJECTID": 200114,
        "rute": "surgem_B",
        "Dari": 770800,
        "Sampai": 771000,
        "Jalur": "B",
        "Lajur": "2",
        "Tanggal_Pelaksanaan": "2023-06-30",
        "Tanggal_Label": "Tahun 2023",
        "Tahun": 2023,
        "Keterangan": "Expansion joint",
        "KM_Asli_Dari": 770950,
        "KM_Asli_Sampai": 770950,
        "Kategori_Pekerjaan": "Lainnya",
        "Sumber_Data": "Rekap_Lokasi_2023_2025 (1).xlsx",
        "Sumber_Sheet": "2023",
        "Sumber_Baris": 134
      },
      "geometry": null
    },
    {
      "type": "Feature",
      "id": "other-115",
      "properties": {
        "OBJECTID": 200115,
        "rute": "surgem_B",
        "Dari": 770800,
        "Sampai": 771000,
        "Jalur": "B",
        "Lajur": "1",
        "Tanggal_Pelaksanaan": "2023-06-30",
        "Tanggal_Label": "Tahun 2023",
        "Tahun": 2023,
        "Keterangan": "Expansion joint",
        "KM_Asli_Dari": 770954,
        "KM_Asli_Sampai": 770954,
        "Kategori_Pekerjaan": "Lainnya",
        "Sumber_Data": "Rekap_Lokasi_2023_2025 (1).xlsx",
        "Sumber_Sheet": "2023",
        "Sumber_Baris": 135
      },
      "geometry": null
    },
    {
      "type": "Feature",
      "id": "other-116",
      "properties": {
        "OBJECTID": 200116,
        "rute": "surgem_B",
        "Dari": 770800,
        "Sampai": 771000,
        "Jalur": "B",
        "Lajur": "1",
        "Tanggal_Pelaksanaan": "2023-06-30",
        "Tanggal_Label": "Tahun 2023",
        "Tahun": 2023,
        "Keterangan": "Expansion joint",
        "KM_Asli_Dari": 770990,
        "KM_Asli_Sampai": 770990,
        "Kategori_Pekerjaan": "Lainnya",
        "Sumber_Data": "Rekap_Lokasi_2023_2025 (1).xlsx",
        "Sumber_Sheet": "2023",
        "Sumber_Baris": 136
      },
      "geometry": null
    },
    {
      "type": "Feature",
      "id": "other-117",
      "properties": {
        "OBJECTID": 200117,
        "rute": "surgem_B",
        "Dari": 771000,
        "Sampai": 771200,
        "Jalur": "B",
        "Lajur": "1",
        "Tanggal_Pelaksanaan": "2023-06-30",
        "Tanggal_Label": "Tahun 2023",
        "Tahun": 2023,
        "Keterangan": "Expansion joint",
        "KM_Asli_Dari": 771035,
        "KM_Asli_Sampai": 771035,
        "Kategori_Pekerjaan": "Lainnya",
        "Sumber_Data": "Rekap_Lokasi_2023_2025 (1).xlsx",
        "Sumber_Sheet": "2023",
        "Sumber_Baris": 137
      },
      "geometry": null
    },
    {
      "type": "Feature",
      "id": "other-118",
      "properties": {
        "OBJECTID": 200118,
        "rute": "surgem_B",
        "Dari": 771000,
        "Sampai": 771200,
        "Jalur": "B",
        "Lajur": "2",
        "Tanggal_Pelaksanaan": "2023-06-30",
        "Tanggal_Label": "Tahun 2023",
        "Tahun": 2023,
        "Keterangan": "Expansion joint",
        "KM_Asli_Dari": 771035,
        "KM_Asli_Sampai": 771035,
        "Kategori_Pekerjaan": "Lainnya",
        "Sumber_Data": "Rekap_Lokasi_2023_2025 (1).xlsx",
        "Sumber_Sheet": "2023",
        "Sumber_Baris": 138
      },
      "geometry": null
    },
    {
      "type": "Feature",
      "id": "other-119",
      "properties": {
        "OBJECTID": 200119,
        "rute": "surgem_B",
        "Dari": 771000,
        "Sampai": 771200,
        "Jalur": "B",
        "Lajur": "1",
        "Tanggal_Pelaksanaan": "2023-06-30",
        "Tanggal_Label": "Tahun 2023",
        "Tahun": 2023,
        "Keterangan": "Expansion joint",
        "KM_Asli_Dari": 771040,
        "KM_Asli_Sampai": 771040,
        "Kategori_Pekerjaan": "Lainnya",
        "Sumber_Data": "Rekap_Lokasi_2023_2025 (1).xlsx",
        "Sumber_Sheet": "2023",
        "Sumber_Baris": 139
      },
      "geometry": null
    },
    {
      "type": "Feature",
      "id": "other-120",
      "properties": {
        "OBJECTID": 200120,
        "rute": "surgem_B",
        "Dari": 771000,
        "Sampai": 771200,
        "Jalur": "B",
        "Lajur": "1",
        "Tanggal_Pelaksanaan": "2023-06-30",
        "Tanggal_Label": "Tahun 2023",
        "Tahun": 2023,
        "Keterangan": "Expansion joint",
        "KM_Asli_Dari": 771060,
        "KM_Asli_Sampai": 771060,
        "Kategori_Pekerjaan": "Lainnya",
        "Sumber_Data": "Rekap_Lokasi_2023_2025 (1).xlsx",
        "Sumber_Sheet": "2023",
        "Sumber_Baris": 140
      },
      "geometry": null
    },
    {
      "type": "Feature",
      "id": "other-121",
      "properties": {
        "OBJECTID": 200121,
        "rute": "surgem_B",
        "Dari": 771000,
        "Sampai": 771200,
        "Jalur": "B",
        "Lajur": "1",
        "Tanggal_Pelaksanaan": "2023-06-30",
        "Tanggal_Label": "Tahun 2023",
        "Tahun": 2023,
        "Keterangan": "Expansion joint",
        "KM_Asli_Dari": 771065,
        "KM_Asli_Sampai": 771065,
        "Kategori_Pekerjaan": "Lainnya",
        "Sumber_Data": "Rekap_Lokasi_2023_2025 (1).xlsx",
        "Sumber_Sheet": "2023",
        "Sumber_Baris": 141
      },
      "geometry": null
    },
    {
      "type": "Feature",
      "id": "other-122",
      "properties": {
        "OBJECTID": 200122,
        "rute": "surgem_B",
        "Dari": 771000,
        "Sampai": 771200,
        "Jalur": "B",
        "Lajur": "2",
        "Tanggal_Pelaksanaan": "2023-06-30",
        "Tanggal_Label": "Tahun 2023",
        "Tahun": 2023,
        "Keterangan": "Expansion joint",
        "KM_Asli_Dari": 771100,
        "KM_Asli_Sampai": 771100,
        "Kategori_Pekerjaan": "Lainnya",
        "Sumber_Data": "Rekap_Lokasi_2023_2025 (1).xlsx",
        "Sumber_Sheet": "2023",
        "Sumber_Baris": 142
      },
      "geometry": null
    },
    {
      "type": "Feature",
      "id": "other-123",
      "properties": {
        "OBJECTID": 200123,
        "rute": "surgem_B",
        "Dari": 771000,
        "Sampai": 771200,
        "Jalur": "B",
        "Lajur": "1",
        "Tanggal_Pelaksanaan": "2023-06-30",
        "Tanggal_Label": "Tahun 2023",
        "Tahun": 2023,
        "Keterangan": "Expansion joint",
        "KM_Asli_Dari": 771170,
        "KM_Asli_Sampai": 771170,
        "Kategori_Pekerjaan": "Lainnya",
        "Sumber_Data": "Rekap_Lokasi_2023_2025 (1).xlsx",
        "Sumber_Sheet": "2023",
        "Sumber_Baris": 143
      },
      "geometry": null
    },
    {
      "type": "Feature",
      "id": "other-124",
      "properties": {
        "OBJECTID": 200124,
        "rute": "surgem_B",
        "Dari": 771000,
        "Sampai": 771200,
        "Jalur": "B",
        "Lajur": "1",
        "Tanggal_Pelaksanaan": "2023-06-30",
        "Tanggal_Label": "Tahun 2023",
        "Tahun": 2023,
        "Keterangan": "Expansion joint",
        "KM_Asli_Dari": 771175,
        "KM_Asli_Sampai": 771175,
        "Kategori_Pekerjaan": "Lainnya",
        "Sumber_Data": "Rekap_Lokasi_2023_2025 (1).xlsx",
        "Sumber_Sheet": "2023",
        "Sumber_Baris": 144
      },
      "geometry": null
    },
    {
      "type": "Feature",
      "id": "other-125",
      "properties": {
        "OBJECTID": 200125,
        "rute": "surgem_B",
        "Dari": 771000,
        "Sampai": 771200,
        "Jalur": "B",
        "Lajur": "1",
        "Tanggal_Pelaksanaan": "2023-06-30",
        "Tanggal_Label": "Tahun 2023",
        "Tahun": 2023,
        "Keterangan": "Expansion joint",
        "KM_Asli_Dari": 771180,
        "KM_Asli_Sampai": 771180,
        "Kategori_Pekerjaan": "Lainnya",
        "Sumber_Data": "Rekap_Lokasi_2023_2025 (1).xlsx",
        "Sumber_Sheet": "2023",
        "Sumber_Baris": 145
      },
      "geometry": null
    },
    {
      "type": "Feature",
      "id": "other-126",
      "properties": {
        "OBJECTID": 200126,
        "rute": "surgem_B",
        "Dari": 771000,
        "Sampai": 771200,
        "Jalur": "B",
        "Lajur": "2",
        "Tanggal_Pelaksanaan": "2023-06-30",
        "Tanggal_Label": "Tahun 2023",
        "Tahun": 2023,
        "Keterangan": "Expansion joint",
        "KM_Asli_Dari": 771180,
        "KM_Asli_Sampai": 771180,
        "Kategori_Pekerjaan": "Lainnya",
        "Sumber_Data": "Rekap_Lokasi_2023_2025 (1).xlsx",
        "Sumber_Sheet": "2023",
        "Sumber_Baris": 146
      },
      "geometry": null
    },
    {
      "type": "Feature",
      "id": "other-127",
      "properties": {
        "OBJECTID": 200127,
        "rute": "surgem_B",
        "Dari": 771200,
        "Sampai": 771400,
        "Jalur": "B",
        "Lajur": "1",
        "Tanggal_Pelaksanaan": "2023-06-30",
        "Tanggal_Label": "Tahun 2023",
        "Tahun": 2023,
        "Keterangan": "Expansion joint",
        "KM_Asli_Dari": 771200,
        "KM_Asli_Sampai": 771200,
        "Kategori_Pekerjaan": "Lainnya",
        "Sumber_Data": "Rekap_Lokasi_2023_2025 (1).xlsx",
        "Sumber_Sheet": "2023",
        "Sumber_Baris": 147
      },
      "geometry": null
    },
    {
      "type": "Feature",
      "id": "other-128",
      "properties": {
        "OBJECTID": 200128,
        "rute": "surgem_B",
        "Dari": 771200,
        "Sampai": 771400,
        "Jalur": "B",
        "Lajur": "2",
        "Tanggal_Pelaksanaan": "2023-06-30",
        "Tanggal_Label": "Tahun 2023",
        "Tahun": 2023,
        "Keterangan": "Expansion joint",
        "KM_Asli_Dari": 771200,
        "KM_Asli_Sampai": 771200,
        "Kategori_Pekerjaan": "Lainnya",
        "Sumber_Data": "Rekap_Lokasi_2023_2025 (1).xlsx",
        "Sumber_Sheet": "2023",
        "Sumber_Baris": 148
      },
      "geometry": null
    },
    {
      "type": "Feature",
      "id": "other-129",
      "properties": {
        "OBJECTID": 200129,
        "rute": "surgem_B",
        "Dari": 771200,
        "Sampai": 771400,
        "Jalur": "B",
        "Lajur": "1",
        "Tanggal_Pelaksanaan": "2023-06-30",
        "Tanggal_Label": "Tahun 2023",
        "Tahun": 2023,
        "Keterangan": "Expansion joint",
        "KM_Asli_Dari": 771210,
        "KM_Asli_Sampai": 771210,
        "Kategori_Pekerjaan": "Lainnya",
        "Sumber_Data": "Rekap_Lokasi_2023_2025 (1).xlsx",
        "Sumber_Sheet": "2023",
        "Sumber_Baris": 149
      },
      "geometry": null
    },
    {
      "type": "Feature",
      "id": "other-130",
      "properties": {
        "OBJECTID": 200130,
        "rute": "surgem_B",
        "Dari": 771200,
        "Sampai": 771400,
        "Jalur": "B",
        "Lajur": "1",
        "Tanggal_Pelaksanaan": "2023-06-30",
        "Tanggal_Label": "Tahun 2023",
        "Tahun": 2023,
        "Keterangan": "Expansion joint",
        "KM_Asli_Dari": 771260,
        "KM_Asli_Sampai": 771260,
        "Kategori_Pekerjaan": "Lainnya",
        "Sumber_Data": "Rekap_Lokasi_2023_2025 (1).xlsx",
        "Sumber_Sheet": "2023",
        "Sumber_Baris": 150
      },
      "geometry": null
    },
    {
      "type": "Feature",
      "id": "other-131",
      "properties": {
        "OBJECTID": 200131,
        "rute": "surgem_B",
        "Dari": 771200,
        "Sampai": 771400,
        "Jalur": "B",
        "Lajur": "1",
        "Tanggal_Pelaksanaan": "2023-06-30",
        "Tanggal_Label": "Tahun 2023",
        "Tahun": 2023,
        "Keterangan": "Expansion joint",
        "KM_Asli_Dari": 771280,
        "KM_Asli_Sampai": 771280,
        "Kategori_Pekerjaan": "Lainnya",
        "Sumber_Data": "Rekap_Lokasi_2023_2025 (1).xlsx",
        "Sumber_Sheet": "2023",
        "Sumber_Baris": 151
      },
      "geometry": null
    },
    {
      "type": "Feature",
      "id": "other-132",
      "properties": {
        "OBJECTID": 200132,
        "rute": "surgem_B",
        "Dari": 771200,
        "Sampai": 771400,
        "Jalur": "B",
        "Lajur": "2",
        "Tanggal_Pelaksanaan": "2023-06-30",
        "Tanggal_Label": "Tahun 2023",
        "Tahun": 2023,
        "Keterangan": "Expansion joint",
        "KM_Asli_Dari": 771280,
        "KM_Asli_Sampai": 771280,
        "Kategori_Pekerjaan": "Lainnya",
        "Sumber_Data": "Rekap_Lokasi_2023_2025 (1).xlsx",
        "Sumber_Sheet": "2023",
        "Sumber_Baris": 152
      },
      "geometry": null
    },
    {
      "type": "Feature",
      "id": "other-133",
      "properties": {
        "OBJECTID": 200133,
        "rute": "surgem_B",
        "Dari": 771200,
        "Sampai": 771400,
        "Jalur": "B",
        "Lajur": "1",
        "Tanggal_Pelaksanaan": "2023-06-30",
        "Tanggal_Label": "Tahun 2023",
        "Tahun": 2023,
        "Keterangan": "Expansion joint",
        "KM_Asli_Dari": 771284,
        "KM_Asli_Sampai": 771284,
        "Kategori_Pekerjaan": "Lainnya",
        "Sumber_Data": "Rekap_Lokasi_2023_2025 (1).xlsx",
        "Sumber_Sheet": "2023",
        "Sumber_Baris": 153
      },
      "geometry": null
    },
    {
      "type": "Feature",
      "id": "other-134",
      "properties": {
        "OBJECTID": 200134,
        "rute": "surgem_B",
        "Dari": 771600,
        "Sampai": 771800,
        "Jalur": "B",
        "Lajur": "1",
        "Tanggal_Pelaksanaan": "2023-06-30",
        "Tanggal_Label": "Tahun 2023",
        "Tahun": 2023,
        "Keterangan": "Sealant",
        "KM_Asli_Dari": 771760,
        "KM_Asli_Sampai": 771760,
        "Kategori_Pekerjaan": "Lainnya",
        "Sumber_Data": "Rekap_Lokasi_2023_2025 (1).xlsx",
        "Sumber_Sheet": "2023",
        "Sumber_Baris": 155
      },
      "geometry": null
    },
    {
      "type": "Feature",
      "id": "other-135",
      "properties": {
        "OBJECTID": 200135,
        "rute": "surgem_A",
        "Dari": 771800,
        "Sampai": 772000,
        "Jalur": "A",
        "Lajur": "1",
        "Tanggal_Pelaksanaan": "2023-06-30",
        "Tanggal_Label": "Tahun 2023",
        "Tahun": 2023,
        "Keterangan": "Rekonstruksi rigid pavement",
        "KM_Asli_Dari": 771990,
        "KM_Asli_Sampai": 772000,
        "Kategori_Pekerjaan": "Lainnya",
        "Sumber_Data": "Rekap_Lokasi_2023_2025 (1).xlsx",
        "Sumber_Sheet": "2023",
        "Sumber_Baris": 156
      },
      "geometry": null
    },
    {
      "type": "Feature",
      "id": "other-136",
      "properties": {
        "OBJECTID": 200136,
        "rute": "surgem_A",
        "Dari": 772000,
        "Sampai": 772200,
        "Jalur": "A",
        "Lajur": "1",
        "Tanggal_Pelaksanaan": "2023-06-30",
        "Tanggal_Label": "Tahun 2023",
        "Tahun": 2023,
        "Keterangan": "Rekonstruksi rigid pavement",
        "KM_Asli_Dari": 772050,
        "KM_Asli_Sampai": 772060,
        "Kategori_Pekerjaan": "Lainnya",
        "Sumber_Data": "Rekap_Lokasi_2023_2025 (1).xlsx",
        "Sumber_Sheet": "2023",
        "Sumber_Baris": 157
      },
      "geometry": null
    },
    {
      "type": "Feature",
      "id": "other-137",
      "properties": {
        "OBJECTID": 200137,
        "rute": "surgem_A",
        "Dari": 1600,
        "Sampai": 1800,
        "Jalur": "A",
        "Lajur": "1",
        "Tanggal_Pelaksanaan": "2024-06-30",
        "Tanggal_Label": "Tahun 2024",
        "Tahun": 2024,
        "Keterangan": "Expansion joint",
        "KM_Asli_Dari": 1600,
        "KM_Asli_Sampai": 1600,
        "Kategori_Pekerjaan": "Lainnya",
        "Sumber_Data": "Rekap_Lokasi_2023_2025 (1).xlsx",
        "Sumber_Sheet": "2024",
        "Sumber_Baris": 7
      },
      "geometry": null
    },
    {
      "type": "Feature",
      "id": "other-138",
      "properties": {
        "OBJECTID": 200138,
        "rute": "surgem_A",
        "Dari": 1600,
        "Sampai": 1800,
        "Jalur": "A",
        "Lajur": "1",
        "Tanggal_Pelaksanaan": "2024-06-30",
        "Tanggal_Label": "Tahun 2024",
        "Tahun": 2024,
        "Keterangan": "Patching Type 1",
        "KM_Asli_Dari": 1600,
        "KM_Asli_Sampai": 1600,
        "Kategori_Pekerjaan": "Lainnya",
        "Sumber_Data": "Rekap_Lokasi_2023_2025 (1).xlsx",
        "Sumber_Sheet": "2024",
        "Sumber_Baris": 8
      },
      "geometry": null
    },
    {
      "type": "Feature",
      "id": "other-139",
      "properties": {
        "OBJECTID": 200139,
        "rute": "surgem_A",
        "Dari": 1600,
        "Sampai": 1800,
        "Jalur": "A",
        "Lajur": "1",
        "Tanggal_Pelaksanaan": "2024-06-30",
        "Tanggal_Label": "Tahun 2024",
        "Tahun": 2024,
        "Keterangan": "Patching Type 1",
        "KM_Asli_Dari": 1600,
        "KM_Asli_Sampai": 1600,
        "Kategori_Pekerjaan": "Lainnya",
        "Sumber_Data": "Rekap_Lokasi_2023_2025 (1).xlsx",
        "Sumber_Sheet": "2024",
        "Sumber_Baris": 9
      },
      "geometry": null
    },
    {
      "type": "Feature",
      "id": "other-140",
      "properties": {
        "OBJECTID": 200140,
        "rute": "surgem_A",
        "Dari": 1600,
        "Sampai": 1800,
        "Jalur": "A",
        "Lajur": "2",
        "Tanggal_Pelaksanaan": "2024-06-30",
        "Tanggal_Label": "Tahun 2024",
        "Tahun": 2024,
        "Keterangan": "Expansion joint",
        "KM_Asli_Dari": 1650,
        "KM_Asli_Sampai": 1650,
        "Kategori_Pekerjaan": "Lainnya",
        "Sumber_Data": "Rekap_Lokasi_2023_2025 (1).xlsx",
        "Sumber_Sheet": "2024",
        "Sumber_Baris": 10
      },
      "geometry": null
    },
    {
      "type": "Feature",
      "id": "other-141",
      "properties": {
        "OBJECTID": 200141,
        "rute": "surgem_A",
        "Dari": 1800,
        "Sampai": 2000,
        "Jalur": "A",
        "Lajur": "1",
        "Tanggal_Pelaksanaan": "2024-06-30",
        "Tanggal_Label": "Tahun 2024",
        "Tahun": 2024,
        "Keterangan": "Expansion joint",
        "KM_Asli_Dari": 1900,
        "KM_Asli_Sampai": 1900,
        "Kategori_Pekerjaan": "Lainnya",
        "Sumber_Data": "Rekap_Lokasi_2023_2025 (1).xlsx",
        "Sumber_Sheet": "2024",
        "Sumber_Baris": 11
      },
      "geometry": null
    },
    {
      "type": "Feature",
      "id": "other-142",
      "properties": {
        "OBJECTID": 200142,
        "rute": "surgem_A",
        "Dari": 1800,
        "Sampai": 2000,
        "Jalur": "A",
        "Lajur": "2",
        "Tanggal_Pelaksanaan": "2024-06-30",
        "Tanggal_Label": "Tahun 2024",
        "Tahun": 2024,
        "Keterangan": "Expansion joint",
        "KM_Asli_Dari": 1900,
        "KM_Asli_Sampai": 1900,
        "Kategori_Pekerjaan": "Lainnya",
        "Sumber_Data": "Rekap_Lokasi_2023_2025 (1).xlsx",
        "Sumber_Sheet": "2024",
        "Sumber_Baris": 12
      },
      "geometry": null
    },
    {
      "type": "Feature",
      "id": "other-143",
      "properties": {
        "OBJECTID": 200143,
        "rute": "surgem_B",
        "Dari": 2000,
        "Sampai": 2200,
        "Jalur": "B",
        "Lajur": "1",
        "Tanggal_Pelaksanaan": "2024-06-30",
        "Tanggal_Label": "Tahun 2024",
        "Tahun": 2024,
        "Keterangan": "Expansion joint",
        "KM_Asli_Dari": 2005,
        "KM_Asli_Sampai": 2005,
        "Kategori_Pekerjaan": "Lainnya",
        "Sumber_Data": "Rekap_Lokasi_2023_2025 (1).xlsx",
        "Sumber_Sheet": "2024",
        "Sumber_Baris": 13
      },
      "geometry": null
    },
    {
      "type": "Feature",
      "id": "other-144",
      "properties": {
        "OBJECTID": 200144,
        "rute": "surgem_B",
        "Dari": 2000,
        "Sampai": 2200,
        "Jalur": "B",
        "Lajur": "1",
        "Tanggal_Pelaksanaan": "2024-06-30",
        "Tanggal_Label": "Tahun 2024",
        "Tahun": 2024,
        "Keterangan": "Expansion joint",
        "KM_Asli_Dari": 2005,
        "KM_Asli_Sampai": 2005,
        "Kategori_Pekerjaan": "Lainnya",
        "Sumber_Data": "Rekap_Lokasi_2023_2025 (1).xlsx",
        "Sumber_Sheet": "2024",
        "Sumber_Baris": 14
      },
      "geometry": null
    },
    {
      "type": "Feature",
      "id": "other-145",
      "properties": {
        "OBJECTID": 200145,
        "rute": "surgem_B",
        "Dari": 2000,
        "Sampai": 2200,
        "Jalur": "B",
        "Lajur": "2",
        "Tanggal_Pelaksanaan": "2024-06-30",
        "Tanggal_Label": "Tahun 2024",
        "Tahun": 2024,
        "Keterangan": "Expansion joint",
        "KM_Asli_Dari": 2005,
        "KM_Asli_Sampai": 2005,
        "Kategori_Pekerjaan": "Lainnya",
        "Sumber_Data": "Rekap_Lokasi_2023_2025 (1).xlsx",
        "Sumber_Sheet": "2024",
        "Sumber_Baris": 15
      },
      "geometry": null
    },
    {
      "type": "Feature",
      "id": "other-146",
      "properties": {
        "OBJECTID": 200146,
        "rute": "surgem_A",
        "Dari": 2000,
        "Sampai": 2200,
        "Jalur": "A",
        "Lajur": "2",
        "Tanggal_Pelaksanaan": "2024-06-30",
        "Tanggal_Label": "Tahun 2024",
        "Tahun": 2024,
        "Keterangan": "Expansion joint",
        "KM_Asli_Dari": 2050,
        "KM_Asli_Sampai": 2050,
        "Kategori_Pekerjaan": "Lainnya",
        "Sumber_Data": "Rekap_Lokasi_2023_2025 (1).xlsx",
        "Sumber_Sheet": "2024",
        "Sumber_Baris": 16
      },
      "geometry": null
    },
    {
      "type": "Feature",
      "id": "other-147",
      "properties": {
        "OBJECTID": 200147,
        "rute": "surgem_A",
        "Dari": 2000,
        "Sampai": 2200,
        "Jalur": "A",
        "Lajur": "1",
        "Tanggal_Pelaksanaan": "2024-06-30",
        "Tanggal_Label": "Tahun 2024",
        "Tahun": 2024,
        "Keterangan": "Expansion joint",
        "KM_Asli_Dari": 2075,
        "KM_Asli_Sampai": 2075,
        "Kategori_Pekerjaan": "Lainnya",
        "Sumber_Data": "Rekap_Lokasi_2023_2025 (1).xlsx",
        "Sumber_Sheet": "2024",
        "Sumber_Baris": 17
      },
      "geometry": null
    },
    {
      "type": "Feature",
      "id": "other-148",
      "properties": {
        "OBJECTID": 200148,
        "rute": "surgem_A",
        "Dari": 2000,
        "Sampai": 2200,
        "Jalur": "A",
        "Lajur": "2",
        "Tanggal_Pelaksanaan": "2024-06-30",
        "Tanggal_Label": "Tahun 2024",
        "Tahun": 2024,
        "Keterangan": "Expansion joint",
        "KM_Asli_Dari": 2125,
        "KM_Asli_Sampai": 2125,
        "Kategori_Pekerjaan": "Lainnya",
        "Sumber_Data": "Rekap_Lokasi_2023_2025 (1).xlsx",
        "Sumber_Sheet": "2024",
        "Sumber_Baris": 18
      },
      "geometry": null
    },
    {
      "type": "Feature",
      "id": "other-149",
      "properties": {
        "OBJECTID": 200149,
        "rute": "surgem_A",
        "Dari": 2000,
        "Sampai": 2200,
        "Jalur": "A",
        "Lajur": "2",
        "Tanggal_Pelaksanaan": "2024-06-30",
        "Tanggal_Label": "Tahun 2024",
        "Tahun": 2024,
        "Keterangan": "Expansion joint",
        "KM_Asli_Dari": 2170,
        "KM_Asli_Sampai": 2170,
        "Kategori_Pekerjaan": "Lainnya",
        "Sumber_Data": "Rekap_Lokasi_2023_2025 (1).xlsx",
        "Sumber_Sheet": "2024",
        "Sumber_Baris": 19
      },
      "geometry": null
    },
    {
      "type": "Feature",
      "id": "other-150",
      "properties": {
        "OBJECTID": 200150,
        "rute": "surgem_A",
        "Dari": 2200,
        "Sampai": 2400,
        "Jalur": "A",
        "Lajur": "2",
        "Tanggal_Pelaksanaan": "2024-06-30",
        "Tanggal_Label": "Tahun 2024",
        "Tahun": 2024,
        "Keterangan": "Expansion joint",
        "KM_Asli_Dari": 2250,
        "KM_Asli_Sampai": 2250,
        "Kategori_Pekerjaan": "Lainnya",
        "Sumber_Data": "Rekap_Lokasi_2023_2025 (1).xlsx",
        "Sumber_Sheet": "2024",
        "Sumber_Baris": 20
      },
      "geometry": null
    },
    {
      "type": "Feature",
      "id": "other-151",
      "properties": {
        "OBJECTID": 200151,
        "rute": "surgem_A",
        "Dari": 2600,
        "Sampai": 2800,
        "Jalur": "A",
        "Lajur": "1",
        "Tanggal_Pelaksanaan": "2024-06-30",
        "Tanggal_Label": "Tahun 2024",
        "Tahun": 2024,
        "Keterangan": "Patching Type 1",
        "KM_Asli_Dari": 2600,
        "KM_Asli_Sampai": 2600,
        "Kategori_Pekerjaan": "Lainnya",
        "Sumber_Data": "Rekap_Lokasi_2023_2025 (1).xlsx",
        "Sumber_Sheet": "2024",
        "Sumber_Baris": 21
      },
      "geometry": null
    },
    {
      "type": "Feature",
      "id": "other-152",
      "properties": {
        "OBJECTID": 200152,
        "rute": "surgem_A",
        "Dari": 2800,
        "Sampai": 3000,
        "Jalur": "A",
        "Lajur": "1",
        "Tanggal_Pelaksanaan": "2024-06-30",
        "Tanggal_Label": "Tahun 2024",
        "Tahun": 2024,
        "Keterangan": "Patching Type 1",
        "KM_Asli_Dari": 2900,
        "KM_Asli_Sampai": 2900,
        "Kategori_Pekerjaan": "Lainnya",
        "Sumber_Data": "Rekap_Lokasi_2023_2025 (1).xlsx",
        "Sumber_Sheet": "2024",
        "Sumber_Baris": 22
      },
      "geometry": null
    },
    {
      "type": "Feature",
      "id": "other-153",
      "properties": {
        "OBJECTID": 200153,
        "rute": "surgem_B",
        "Dari": 3200,
        "Sampai": 3400,
        "Jalur": "B",
        "Lajur": "2",
        "Tanggal_Pelaksanaan": "2024-06-30",
        "Tanggal_Label": "Tahun 2024",
        "Tahun": 2024,
        "Keterangan": "Patching Type 1",
        "KM_Asli_Dari": 3250,
        "KM_Asli_Sampai": 3250,
        "Kategori_Pekerjaan": "Lainnya",
        "Sumber_Data": "Rekap_Lokasi_2023_2025 (1).xlsx",
        "Sumber_Sheet": "2024",
        "Sumber_Baris": 23
      },
      "geometry": null
    },
    {
      "type": "Feature",
      "id": "other-154",
      "properties": {
        "OBJECTID": 200154,
        "rute": "surgem_B",
        "Dari": 3200,
        "Sampai": 3400,
        "Jalur": "B",
        "Lajur": "2",
        "Tanggal_Pelaksanaan": "2024-06-30",
        "Tanggal_Label": "Tahun 2024",
        "Tahun": 2024,
        "Keterangan": "Patching Type 1",
        "KM_Asli_Dari": 3250,
        "KM_Asli_Sampai": 3250,
        "Kategori_Pekerjaan": "Lainnya",
        "Sumber_Data": "Rekap_Lokasi_2023_2025 (1).xlsx",
        "Sumber_Sheet": "2024",
        "Sumber_Baris": 24
      },
      "geometry": null
    },
    {
      "type": "Feature",
      "id": "other-155",
      "properties": {
        "OBJECTID": 200155,
        "rute": "surgem_A",
        "Dari": 3200,
        "Sampai": 3400,
        "Jalur": "A",
        "Lajur": "1",
        "Tanggal_Pelaksanaan": "2024-06-30",
        "Tanggal_Label": "Tahun 2024",
        "Tahun": 2024,
        "Keterangan": "Patching Type 1",
        "KM_Asli_Dari": 3300,
        "KM_Asli_Sampai": 3300,
        "Kategori_Pekerjaan": "Lainnya",
        "Sumber_Data": "Rekap_Lokasi_2023_2025 (1).xlsx",
        "Sumber_Sheet": "2024",
        "Sumber_Baris": 28
      },
      "geometry": null
    },
    {
      "type": "Feature",
      "id": "other-156",
      "properties": {
        "OBJECTID": 200156,
        "rute": "surgem_A",
        "Dari": 3400,
        "Sampai": 3600,
        "Jalur": "A",
        "Lajur": "1",
        "Tanggal_Pelaksanaan": "2024-06-30",
        "Tanggal_Label": "Tahun 2024",
        "Tahun": 2024,
        "Keterangan": "Patching Type 1",
        "KM_Asli_Dari": 3500,
        "KM_Asli_Sampai": 3500,
        "Kategori_Pekerjaan": "Lainnya",
        "Sumber_Data": "Rekap_Lokasi_2023_2025 (1).xlsx",
        "Sumber_Sheet": "2024",
        "Sumber_Baris": 29
      },
      "geometry": null
    },
    {
      "type": "Feature",
      "id": "other-157",
      "properties": {
        "OBJECTID": 200157,
        "rute": "surgem_A",
        "Dari": 3400,
        "Sampai": 3600,
        "Jalur": "A",
        "Lajur": "1",
        "Tanggal_Pelaksanaan": "2024-06-30",
        "Tanggal_Label": "Tahun 2024",
        "Tahun": 2024,
        "Keterangan": "Patching Type 1",
        "KM_Asli_Dari": 3500,
        "KM_Asli_Sampai": 3500,
        "Kategori_Pekerjaan": "Lainnya",
        "Sumber_Data": "Rekap_Lokasi_2023_2025 (1).xlsx",
        "Sumber_Sheet": "2024",
        "Sumber_Baris": 30
      },
      "geometry": null
    },
    {
      "type": "Feature",
      "id": "other-158",
      "properties": {
        "OBJECTID": 200158,
        "rute": "surgem_B",
        "Dari": 3400,
        "Sampai": 3600,
        "Jalur": "B",
        "Lajur": "1",
        "Tanggal_Pelaksanaan": "2024-06-30",
        "Tanggal_Label": "Tahun 2024",
        "Tahun": 2024,
        "Keterangan": "Patching Type 1",
        "KM_Asli_Dari": 3560,
        "KM_Asli_Sampai": 3560,
        "Kategori_Pekerjaan": "Lainnya",
        "Sumber_Data": "Rekap_Lokasi_2023_2025 (1).xlsx",
        "Sumber_Sheet": "2024",
        "Sumber_Baris": 31
      },
      "geometry": null
    },
    {
      "type": "Feature",
      "id": "other-159",
      "properties": {
        "OBJECTID": 200159,
        "rute": "surgem_B",
        "Dari": 3400,
        "Sampai": 3600,
        "Jalur": "B",
        "Lajur": "2",
        "Tanggal_Pelaksanaan": "2024-06-30",
        "Tanggal_Label": "Tahun 2024",
        "Tahun": 2024,
        "Keterangan": "Patching Type 1",
        "KM_Asli_Dari": 3586,
        "KM_Asli_Sampai": 3586,
        "Kategori_Pekerjaan": "Lainnya",
        "Sumber_Data": "Rekap_Lokasi_2023_2025 (1).xlsx",
        "Sumber_Sheet": "2024",
        "Sumber_Baris": 32
      },
      "geometry": null
    },
    {
      "type": "Feature",
      "id": "other-160",
      "properties": {
        "OBJECTID": 200160,
        "rute": "surgem_A",
        "Dari": 3600,
        "Sampai": 3800,
        "Jalur": "A",
        "Lajur": "1",
        "Tanggal_Pelaksanaan": "2024-06-30",
        "Tanggal_Label": "Tahun 2024",
        "Tahun": 2024,
        "Keterangan": "Patching Type 1",
        "KM_Asli_Dari": 3600,
        "KM_Asli_Sampai": 3600,
        "Kategori_Pekerjaan": "Lainnya",
        "Sumber_Data": "Rekap_Lokasi_2023_2025 (1).xlsx",
        "Sumber_Sheet": "2024",
        "Sumber_Baris": 33
      },
      "geometry": null
    },
    {
      "type": "Feature",
      "id": "other-161",
      "properties": {
        "OBJECTID": 200161,
        "rute": "surgem_A",
        "Dari": 3600,
        "Sampai": 3800,
        "Jalur": "A",
        "Lajur": "1",
        "Tanggal_Pelaksanaan": "2024-06-30",
        "Tanggal_Label": "Tahun 2024",
        "Tahun": 2024,
        "Keterangan": "Patching Type 1",
        "KM_Asli_Dari": 3600,
        "KM_Asli_Sampai": 3600,
        "Kategori_Pekerjaan": "Lainnya",
        "Sumber_Data": "Rekap_Lokasi_2023_2025 (1).xlsx",
        "Sumber_Sheet": "2024",
        "Sumber_Baris": 34
      },
      "geometry": null
    },
    {
      "type": "Feature",
      "id": "other-162",
      "properties": {
        "OBJECTID": 200162,
        "rute": "surgem_A",
        "Dari": 3600,
        "Sampai": 3800,
        "Jalur": "A",
        "Lajur": "1",
        "Tanggal_Pelaksanaan": "2024-06-30",
        "Tanggal_Label": "Tahun 2024",
        "Tahun": 2024,
        "Keterangan": "Patching Type 1",
        "KM_Asli_Dari": 3750,
        "KM_Asli_Sampai": 3750,
        "Kategori_Pekerjaan": "Lainnya",
        "Sumber_Data": "Rekap_Lokasi_2023_2025 (1).xlsx",
        "Sumber_Sheet": "2024",
        "Sumber_Baris": 35
      },
      "geometry": null
    },
    {
      "type": "Feature",
      "id": "other-163",
      "properties": {
        "OBJECTID": 200163,
        "rute": "surgem_A",
        "Dari": 3600,
        "Sampai": 3800,
        "Jalur": "A",
        "Lajur": "1",
        "Tanggal_Pelaksanaan": "2024-06-30",
        "Tanggal_Label": "Tahun 2024",
        "Tahun": 2024,
        "Keterangan": "Patching Type 1",
        "KM_Asli_Dari": 3765,
        "KM_Asli_Sampai": 3765,
        "Kategori_Pekerjaan": "Lainnya",
        "Sumber_Data": "Rekap_Lokasi_2023_2025 (1).xlsx",
        "Sumber_Sheet": "2024",
        "Sumber_Baris": 36
      },
      "geometry": null
    },
    {
      "type": "Feature",
      "id": "other-164",
      "properties": {
        "OBJECTID": 200164,
        "rute": "surgem_A",
        "Dari": 3600,
        "Sampai": 3800,
        "Jalur": "A",
        "Lajur": "1",
        "Tanggal_Pelaksanaan": "2024-06-30",
        "Tanggal_Label": "Tahun 2024",
        "Tahun": 2024,
        "Keterangan": "Patching Type 1",
        "KM_Asli_Dari": 3785,
        "KM_Asli_Sampai": 3785,
        "Kategori_Pekerjaan": "Lainnya",
        "Sumber_Data": "Rekap_Lokasi_2023_2025 (1).xlsx",
        "Sumber_Sheet": "2024",
        "Sumber_Baris": 37
      },
      "geometry": null
    },
    {
      "type": "Feature",
      "id": "other-165",
      "properties": {
        "OBJECTID": 200165,
        "rute": "surgem_A",
        "Dari": 3600,
        "Sampai": 3800,
        "Jalur": "A",
        "Lajur": "1",
        "Tanggal_Pelaksanaan": "2024-06-30",
        "Tanggal_Label": "Tahun 2024",
        "Tahun": 2024,
        "Keterangan": "Patching Type 1",
        "KM_Asli_Dari": 3795,
        "KM_Asli_Sampai": 3795,
        "Kategori_Pekerjaan": "Lainnya",
        "Sumber_Data": "Rekap_Lokasi_2023_2025 (1).xlsx",
        "Sumber_Sheet": "2024",
        "Sumber_Baris": 38
      },
      "geometry": null
    },
    {
      "type": "Feature",
      "id": "other-166",
      "properties": {
        "OBJECTID": 200166,
        "rute": "surgem_A",
        "Dari": 4200,
        "Sampai": 4400,
        "Jalur": "A",
        "Lajur": "1",
        "Tanggal_Pelaksanaan": "2024-06-30",
        "Tanggal_Label": "Tahun 2024",
        "Tahun": 2024,
        "Keterangan": "Patching Type 1",
        "KM_Asli_Dari": 4300,
        "KM_Asli_Sampai": 4300,
        "Kategori_Pekerjaan": "Lainnya",
        "Sumber_Data": "Rekap_Lokasi_2023_2025 (1).xlsx",
        "Sumber_Sheet": "2024",
        "Sumber_Baris": 39
      },
      "geometry": null
    },
    {
      "type": "Feature",
      "id": "other-167",
      "properties": {
        "OBJECTID": 200167,
        "rute": "surgem_B",
        "Dari": 4200,
        "Sampai": 4400,
        "Jalur": "B",
        "Lajur": "3",
        "Tanggal_Pelaksanaan": "2024-06-30",
        "Tanggal_Label": "Tahun 2024",
        "Tahun": 2024,
        "Keterangan": "Patching Type 1",
        "KM_Asli_Dari": 4300,
        "KM_Asli_Sampai": 4300,
        "Kategori_Pekerjaan": "Lainnya",
        "Sumber_Data": "Rekap_Lokasi_2023_2025 (1).xlsx",
        "Sumber_Sheet": "2024",
        "Sumber_Baris": 40
      },
      "geometry": null
    },
    {
      "type": "Feature",
      "id": "other-168",
      "properties": {
        "OBJECTID": 200168,
        "rute": "surgem_B",
        "Dari": 4200,
        "Sampai": 4400,
        "Jalur": "B",
        "Lajur": "3",
        "Tanggal_Pelaksanaan": "2024-06-30",
        "Tanggal_Label": "Tahun 2024",
        "Tahun": 2024,
        "Keterangan": "Patching Type 1",
        "KM_Asli_Dari": 4300,
        "KM_Asli_Sampai": 4300,
        "Kategori_Pekerjaan": "Lainnya",
        "Sumber_Data": "Rekap_Lokasi_2023_2025 (1).xlsx",
        "Sumber_Sheet": "2024",
        "Sumber_Baris": 41
      },
      "geometry": null
    },
    {
      "type": "Feature",
      "id": "other-169",
      "properties": {
        "OBJECTID": 200169,
        "rute": "surgem_A",
        "Dari": 4200,
        "Sampai": 4400,
        "Jalur": "A",
        "Lajur": "1",
        "Tanggal_Pelaksanaan": "2024-06-30",
        "Tanggal_Label": "Tahun 2024",
        "Tahun": 2024,
        "Keterangan": "Patching Type 1",
        "KM_Asli_Dari": 4380,
        "KM_Asli_Sampai": 4380,
        "Kategori_Pekerjaan": "Lainnya",
        "Sumber_Data": "Rekap_Lokasi_2023_2025 (1).xlsx",
        "Sumber_Sheet": "2024",
        "Sumber_Baris": 42
      },
      "geometry": null
    },
    {
      "type": "Feature",
      "id": "other-170",
      "properties": {
        "OBJECTID": 200170,
        "rute": "surgem_A",
        "Dari": 4400,
        "Sampai": 4600,
        "Jalur": "A",
        "Lajur": "1",
        "Tanggal_Pelaksanaan": "2024-06-30",
        "Tanggal_Label": "Tahun 2024",
        "Tahun": 2024,
        "Keterangan": "Patching Type 1",
        "KM_Asli_Dari": 4430,
        "KM_Asli_Sampai": 4430,
        "Kategori_Pekerjaan": "Lainnya",
        "Sumber_Data": "Rekap_Lokasi_2023_2025 (1).xlsx",
        "Sumber_Sheet": "2024",
        "Sumber_Baris": 43
      },
      "geometry": null
    },
    {
      "type": "Feature",
      "id": "other-171",
      "properties": {
        "OBJECTID": 200171,
        "rute": "surgem_A",
        "Dari": 4400,
        "Sampai": 4600,
        "Jalur": "A",
        "Lajur": "1",
        "Tanggal_Pelaksanaan": "2024-06-30",
        "Tanggal_Label": "Tahun 2024",
        "Tahun": 2024,
        "Keterangan": "Patching Type 1",
        "KM_Asli_Dari": 4430,
        "KM_Asli_Sampai": 4430,
        "Kategori_Pekerjaan": "Lainnya",
        "Sumber_Data": "Rekap_Lokasi_2023_2025 (1).xlsx",
        "Sumber_Sheet": "2024",
        "Sumber_Baris": 44
      },
      "geometry": null
    },
    {
      "type": "Feature",
      "id": "other-172",
      "properties": {
        "OBJECTID": 200172,
        "rute": "surgem_A",
        "Dari": 4400,
        "Sampai": 4600,
        "Jalur": "A",
        "Lajur": "1",
        "Tanggal_Pelaksanaan": "2024-06-30",
        "Tanggal_Label": "Tahun 2024",
        "Tahun": 2024,
        "Keterangan": "Patching Type 1",
        "KM_Asli_Dari": 4450,
        "KM_Asli_Sampai": 4450,
        "Kategori_Pekerjaan": "Lainnya",
        "Sumber_Data": "Rekap_Lokasi_2023_2025 (1).xlsx",
        "Sumber_Sheet": "2024",
        "Sumber_Baris": 45
      },
      "geometry": null
    },
    {
      "type": "Feature",
      "id": "other-173",
      "properties": {
        "OBJECTID": 200173,
        "rute": "surgem_A",
        "Dari": 4400,
        "Sampai": 4600,
        "Jalur": "A",
        "Lajur": "1",
        "Tanggal_Pelaksanaan": "2024-06-30",
        "Tanggal_Label": "Tahun 2024",
        "Tahun": 2024,
        "Keterangan": "Patching Type 1",
        "KM_Asli_Dari": 4500,
        "KM_Asli_Sampai": 4500,
        "Kategori_Pekerjaan": "Lainnya",
        "Sumber_Data": "Rekap_Lokasi_2023_2025 (1).xlsx",
        "Sumber_Sheet": "2024",
        "Sumber_Baris": 46
      },
      "geometry": null
    },
    {
      "type": "Feature",
      "id": "other-174",
      "properties": {
        "OBJECTID": 200174,
        "rute": "surgem_A",
        "Dari": 4400,
        "Sampai": 4600,
        "Jalur": "A",
        "Lajur": "1",
        "Tanggal_Pelaksanaan": "2024-06-30",
        "Tanggal_Label": "Tahun 2024",
        "Tahun": 2024,
        "Keterangan": "Patching Type 1",
        "KM_Asli_Dari": 4500,
        "KM_Asli_Sampai": 4500,
        "Kategori_Pekerjaan": "Lainnya",
        "Sumber_Data": "Rekap_Lokasi_2023_2025 (1).xlsx",
        "Sumber_Sheet": "2024",
        "Sumber_Baris": 47
      },
      "geometry": null
    },
    {
      "type": "Feature",
      "id": "other-175",
      "properties": {
        "OBJECTID": 200175,
        "rute": "surgem_A",
        "Dari": 4400,
        "Sampai": 4600,
        "Jalur": "A",
        "Lajur": "2",
        "Tanggal_Pelaksanaan": "2024-06-30",
        "Tanggal_Label": "Tahun 2024",
        "Tahun": 2024,
        "Keterangan": "Patching Type 1",
        "KM_Asli_Dari": 4500,
        "KM_Asli_Sampai": 4500,
        "Kategori_Pekerjaan": "Lainnya",
        "Sumber_Data": "Rekap_Lokasi_2023_2025 (1).xlsx",
        "Sumber_Sheet": "2024",
        "Sumber_Baris": 48
      },
      "geometry": null
    },
    {
      "type": "Feature",
      "id": "other-176",
      "properties": {
        "OBJECTID": 200176,
        "rute": "surgem_B",
        "Dari": 5400,
        "Sampai": 5600,
        "Jalur": "B",
        "Lajur": "2",
        "Tanggal_Pelaksanaan": "2024-06-30",
        "Tanggal_Label": "Tahun 2024",
        "Tahun": 2024,
        "Keterangan": "Patching Type 1",
        "KM_Asli_Dari": 5550,
        "KM_Asli_Sampai": 5550,
        "Kategori_Pekerjaan": "Lainnya",
        "Sumber_Data": "Rekap_Lokasi_2023_2025 (1).xlsx",
        "Sumber_Sheet": "2024",
        "Sumber_Baris": 49
      },
      "geometry": null
    },
    {
      "type": "Feature",
      "id": "other-177",
      "properties": {
        "OBJECTID": 200177,
        "rute": "surgem_B",
        "Dari": 6800,
        "Sampai": 7000,
        "Jalur": "B",
        "Lajur": "1",
        "Tanggal_Pelaksanaan": "2024-06-30",
        "Tanggal_Label": "Tahun 2024",
        "Tahun": 2024,
        "Keterangan": "Patching Type 1",
        "KM_Asli_Dari": 6995,
        "KM_Asli_Sampai": 6995,
        "Kategori_Pekerjaan": "Lainnya",
        "Sumber_Data": "Rekap_Lokasi_2023_2025 (1).xlsx",
        "Sumber_Sheet": "2024",
        "Sumber_Baris": 50
      },
      "geometry": null
    },
    {
      "type": "Feature",
      "id": "other-178",
      "properties": {
        "OBJECTID": 200178,
        "rute": "surgem_B",
        "Dari": 6800,
        "Sampai": 7000,
        "Jalur": "B",
        "Lajur": "1",
        "Tanggal_Pelaksanaan": "2024-06-30",
        "Tanggal_Label": "Tahun 2024",
        "Tahun": 2024,
        "Keterangan": "Patching Type 1",
        "KM_Asli_Dari": 6995,
        "KM_Asli_Sampai": 6995,
        "Kategori_Pekerjaan": "Lainnya",
        "Sumber_Data": "Rekap_Lokasi_2023_2025 (1).xlsx",
        "Sumber_Sheet": "2024",
        "Sumber_Baris": 51
      },
      "geometry": null
    },
    {
      "type": "Feature",
      "id": "other-179",
      "properties": {
        "OBJECTID": 200179,
        "rute": "surgem_B",
        "Dari": 7400,
        "Sampai": 7600,
        "Jalur": "B",
        "Lajur": "1",
        "Tanggal_Pelaksanaan": "2024-06-30",
        "Tanggal_Label": "Tahun 2024",
        "Tahun": 2024,
        "Keterangan": "Patching Type 1",
        "KM_Asli_Dari": 7450,
        "KM_Asli_Sampai": 7450,
        "Kategori_Pekerjaan": "Lainnya",
        "Sumber_Data": "Rekap_Lokasi_2023_2025 (1).xlsx",
        "Sumber_Sheet": "2024",
        "Sumber_Baris": 52
      },
      "geometry": null
    },
    {
      "type": "Feature",
      "id": "other-180",
      "properties": {
        "OBJECTID": 200180,
        "rute": "surgem_B",
        "Dari": 7400,
        "Sampai": 7600,
        "Jalur": "B",
        "Lajur": "1",
        "Tanggal_Pelaksanaan": "2024-06-30",
        "Tanggal_Label": "Tahun 2024",
        "Tahun": 2024,
        "Keterangan": "Patching Type 1",
        "KM_Asli_Dari": 7450,
        "KM_Asli_Sampai": 7450,
        "Kategori_Pekerjaan": "Lainnya",
        "Sumber_Data": "Rekap_Lokasi_2023_2025 (1).xlsx",
        "Sumber_Sheet": "2024",
        "Sumber_Baris": 53
      },
      "geometry": null
    },
    {
      "type": "Feature",
      "id": "other-181",
      "properties": {
        "OBJECTID": 200181,
        "rute": "surgem_B",
        "Dari": 8400,
        "Sampai": 8600,
        "Jalur": "B",
        "Lajur": "3",
        "Tanggal_Pelaksanaan": "2024-06-30",
        "Tanggal_Label": "Tahun 2024",
        "Tahun": 2024,
        "Keterangan": "Patching Type 1",
        "KM_Asli_Dari": 8400,
        "KM_Asli_Sampai": 8400,
        "Kategori_Pekerjaan": "Lainnya",
        "Sumber_Data": "Rekap_Lokasi_2023_2025 (1).xlsx",
        "Sumber_Sheet": "2024",
        "Sumber_Baris": 54
      },
      "geometry": null
    },
    {
      "type": "Feature",
      "id": "other-182",
      "properties": {
        "OBJECTID": 200182,
        "rute": "surgem_A",
        "Dari": 8400,
        "Sampai": 8600,
        "Jalur": "A",
        "Lajur": "1",
        "Tanggal_Pelaksanaan": "2024-06-30",
        "Tanggal_Label": "Tahun 2024",
        "Tahun": 2024,
        "Keterangan": "Patching Type 1",
        "KM_Asli_Dari": 8459,
        "KM_Asli_Sampai": 8459,
        "Kategori_Pekerjaan": "Lainnya",
        "Sumber_Data": "Rekap_Lokasi_2023_2025 (1).xlsx",
        "Sumber_Sheet": "2024",
        "Sumber_Baris": 55
      },
      "geometry": null
    },
    {
      "type": "Feature",
      "id": "other-183",
      "properties": {
        "OBJECTID": 200183,
        "rute": "surgem_B",
        "Dari": 8600,
        "Sampai": 8800,
        "Jalur": "B",
        "Lajur": "1",
        "Tanggal_Pelaksanaan": "2024-06-30",
        "Tanggal_Label": "Tahun 2024",
        "Tahun": 2024,
        "Keterangan": "Patching Type 1",
        "KM_Asli_Dari": 8641,
        "KM_Asli_Sampai": 8641,
        "Kategori_Pekerjaan": "Lainnya",
        "Sumber_Data": "Rekap_Lokasi_2023_2025 (1).xlsx",
        "Sumber_Sheet": "2024",
        "Sumber_Baris": 56
      },
      "geometry": null
    },
    {
      "type": "Feature",
      "id": "other-184",
      "properties": {
        "OBJECTID": 200184,
        "rute": "surgem_B",
        "Dari": 8600,
        "Sampai": 8800,
        "Jalur": "B",
        "Lajur": "1",
        "Tanggal_Pelaksanaan": "2024-06-30",
        "Tanggal_Label": "Tahun 2024",
        "Tahun": 2024,
        "Keterangan": "Patching Type 1",
        "KM_Asli_Dari": 8650,
        "KM_Asli_Sampai": 8650,
        "Kategori_Pekerjaan": "Lainnya",
        "Sumber_Data": "Rekap_Lokasi_2023_2025 (1).xlsx",
        "Sumber_Sheet": "2024",
        "Sumber_Baris": 57
      },
      "geometry": null
    },
    {
      "type": "Feature",
      "id": "other-185",
      "properties": {
        "OBJECTID": 200185,
        "rute": "surgem_B",
        "Dari": 8600,
        "Sampai": 8800,
        "Jalur": "B",
        "Lajur": "1",
        "Tanggal_Pelaksanaan": "2024-06-30",
        "Tanggal_Label": "Tahun 2024",
        "Tahun": 2024,
        "Keterangan": "Patching Type 1",
        "KM_Asli_Dari": 8650,
        "KM_Asli_Sampai": 8650,
        "Kategori_Pekerjaan": "Lainnya",
        "Sumber_Data": "Rekap_Lokasi_2023_2025 (1).xlsx",
        "Sumber_Sheet": "2024",
        "Sumber_Baris": 58
      },
      "geometry": null
    },
    {
      "type": "Feature",
      "id": "other-186",
      "properties": {
        "OBJECTID": 200186,
        "rute": "surgem_B",
        "Dari": 8600,
        "Sampai": 8800,
        "Jalur": "B",
        "Lajur": "1",
        "Tanggal_Pelaksanaan": "2024-06-30",
        "Tanggal_Label": "Tahun 2024",
        "Tahun": 2024,
        "Keterangan": "Patching Type 1",
        "KM_Asli_Dari": 8650,
        "KM_Asli_Sampai": 8650,
        "Kategori_Pekerjaan": "Lainnya",
        "Sumber_Data": "Rekap_Lokasi_2023_2025 (1).xlsx",
        "Sumber_Sheet": "2024",
        "Sumber_Baris": 59
      },
      "geometry": null
    },
    {
      "type": "Feature",
      "id": "other-187",
      "properties": {
        "OBJECTID": 200187,
        "rute": "surgem_B",
        "Dari": 10400,
        "Sampai": 10600,
        "Jalur": "B",
        "Lajur": "2",
        "Tanggal_Pelaksanaan": "2024-06-30",
        "Tanggal_Label": "Tahun 2024",
        "Tahun": 2024,
        "Keterangan": "Patching Type 1",
        "KM_Asli_Dari": 10403,
        "KM_Asli_Sampai": 10403,
        "Kategori_Pekerjaan": "Lainnya",
        "Sumber_Data": "Rekap_Lokasi_2023_2025 (1).xlsx",
        "Sumber_Sheet": "2024",
        "Sumber_Baris": 72
      },
      "geometry": null
    },
    {
      "type": "Feature",
      "id": "other-188",
      "properties": {
        "OBJECTID": 200188,
        "rute": "surgem_A",
        "Dari": 10800,
        "Sampai": 11000,
        "Jalur": "A",
        "Lajur": "1",
        "Tanggal_Pelaksanaan": "2024-06-30",
        "Tanggal_Label": "Tahun 2024",
        "Tahun": 2024,
        "Keterangan": "Patching Type 1",
        "KM_Asli_Dari": 10820,
        "KM_Asli_Sampai": 10820,
        "Kategori_Pekerjaan": "Lainnya",
        "Sumber_Data": "Rekap_Lokasi_2023_2025 (1).xlsx",
        "Sumber_Sheet": "2024",
        "Sumber_Baris": 75
      },
      "geometry": null
    },
    {
      "type": "Feature",
      "id": "other-189",
      "properties": {
        "OBJECTID": 200189,
        "rute": "surgem_A",
        "Dari": 10800,
        "Sampai": 11000,
        "Jalur": "A",
        "Lajur": "1",
        "Tanggal_Pelaksanaan": "2024-06-30",
        "Tanggal_Label": "Tahun 2024",
        "Tahun": 2024,
        "Keterangan": "Patching Type 1",
        "KM_Asli_Dari": 10860,
        "KM_Asli_Sampai": 10860,
        "Kategori_Pekerjaan": "Lainnya",
        "Sumber_Data": "Rekap_Lokasi_2023_2025 (1).xlsx",
        "Sumber_Sheet": "2024",
        "Sumber_Baris": 76
      },
      "geometry": null
    },
    {
      "type": "Feature",
      "id": "other-190",
      "properties": {
        "OBJECTID": 200190,
        "rute": "surgem_A",
        "Dari": 10800,
        "Sampai": 11000,
        "Jalur": "A",
        "Lajur": "2",
        "Tanggal_Pelaksanaan": "2024-06-30",
        "Tanggal_Label": "Tahun 2024",
        "Tahun": 2024,
        "Keterangan": "Patching Type 1",
        "KM_Asli_Dari": 10860,
        "KM_Asli_Sampai": 10860,
        "Kategori_Pekerjaan": "Lainnya",
        "Sumber_Data": "Rekap_Lokasi_2023_2025 (1).xlsx",
        "Sumber_Sheet": "2024",
        "Sumber_Baris": 77
      },
      "geometry": null
    },
    {
      "type": "Feature",
      "id": "other-191",
      "properties": {
        "OBJECTID": 200191,
        "rute": "surgem_A",
        "Dari": 10800,
        "Sampai": 11000,
        "Jalur": "A",
        "Lajur": "1",
        "Tanggal_Pelaksanaan": "2024-06-30",
        "Tanggal_Label": "Tahun 2024",
        "Tahun": 2024,
        "Keterangan": "Patching Type 1",
        "KM_Asli_Dari": 10900,
        "KM_Asli_Sampai": 10900,
        "Kategori_Pekerjaan": "Lainnya",
        "Sumber_Data": "Rekap_Lokasi_2023_2025 (1).xlsx",
        "Sumber_Sheet": "2024",
        "Sumber_Baris": 80
      },
      "geometry": null
    },
    {
      "type": "Feature",
      "id": "other-192",
      "properties": {
        "OBJECTID": 200192,
        "rute": "surgem_A",
        "Dari": 10800,
        "Sampai": 11000,
        "Jalur": "A",
        "Lajur": "2",
        "Tanggal_Pelaksanaan": "2024-06-30",
        "Tanggal_Label": "Tahun 2024",
        "Tahun": 2024,
        "Keterangan": "Patching Type 1",
        "KM_Asli_Dari": 10900,
        "KM_Asli_Sampai": 10900,
        "Kategori_Pekerjaan": "Lainnya",
        "Sumber_Data": "Rekap_Lokasi_2023_2025 (1).xlsx",
        "Sumber_Sheet": "2024",
        "Sumber_Baris": 81
      },
      "geometry": null
    },
    {
      "type": "Feature",
      "id": "other-193",
      "properties": {
        "OBJECTID": 200193,
        "rute": "surgem_A",
        "Dari": 10800,
        "Sampai": 11000,
        "Jalur": "A",
        "Lajur": "2",
        "Tanggal_Pelaksanaan": "2024-06-30",
        "Tanggal_Label": "Tahun 2024",
        "Tahun": 2024,
        "Keterangan": "Patching Type 1",
        "KM_Asli_Dari": 10900,
        "KM_Asli_Sampai": 10900,
        "Kategori_Pekerjaan": "Lainnya",
        "Sumber_Data": "Rekap_Lokasi_2023_2025 (1).xlsx",
        "Sumber_Sheet": "2024",
        "Sumber_Baris": 82
      },
      "geometry": null
    },
    {
      "type": "Feature",
      "id": "other-194",
      "properties": {
        "OBJECTID": 200194,
        "rute": "surgem_A",
        "Dari": 10800,
        "Sampai": 11000,
        "Jalur": "A",
        "Lajur": "2",
        "Tanggal_Pelaksanaan": "2024-06-30",
        "Tanggal_Label": "Tahun 2024",
        "Tahun": 2024,
        "Keterangan": "Patching Type 1",
        "KM_Asli_Dari": 10900,
        "KM_Asli_Sampai": 10900,
        "Kategori_Pekerjaan": "Lainnya",
        "Sumber_Data": "Rekap_Lokasi_2023_2025 (1).xlsx",
        "Sumber_Sheet": "2024",
        "Sumber_Baris": 83
      },
      "geometry": null
    },
    {
      "type": "Feature",
      "id": "other-195",
      "properties": {
        "OBJECTID": 200195,
        "rute": "surgem_A",
        "Dari": 10800,
        "Sampai": 11000,
        "Jalur": "A",
        "Lajur": "1",
        "Tanggal_Pelaksanaan": "2024-06-30",
        "Tanggal_Label": "Tahun 2024",
        "Tahun": 2024,
        "Keterangan": "Patching Type 1",
        "KM_Asli_Dari": 10915,
        "KM_Asli_Sampai": 10915,
        "Kategori_Pekerjaan": "Lainnya",
        "Sumber_Data": "Rekap_Lokasi_2023_2025 (1).xlsx",
        "Sumber_Sheet": "2024",
        "Sumber_Baris": 84
      },
      "geometry": null
    },
    {
      "type": "Feature",
      "id": "other-196",
      "properties": {
        "OBJECTID": 200196,
        "rute": "surgem_A",
        "Dari": 10800,
        "Sampai": 11000,
        "Jalur": "A",
        "Lajur": "1",
        "Tanggal_Pelaksanaan": "2024-06-30",
        "Tanggal_Label": "Tahun 2024",
        "Tahun": 2024,
        "Keterangan": "Patching Type 1",
        "KM_Asli_Dari": 10930,
        "KM_Asli_Sampai": 10930,
        "Kategori_Pekerjaan": "Lainnya",
        "Sumber_Data": "Rekap_Lokasi_2023_2025 (1).xlsx",
        "Sumber_Sheet": "2024",
        "Sumber_Baris": 85
      },
      "geometry": null
    },
    {
      "type": "Feature",
      "id": "other-197",
      "properties": {
        "OBJECTID": 200197,
        "rute": "surgem_B",
        "Dari": 10800,
        "Sampai": 11000,
        "Jalur": "B",
        "Lajur": "1",
        "Tanggal_Pelaksanaan": "2024-06-30",
        "Tanggal_Label": "Tahun 2024",
        "Tahun": 2024,
        "Keterangan": "Patching Type 1",
        "KM_Asli_Dari": 10935,
        "KM_Asli_Sampai": 10935,
        "Kategori_Pekerjaan": "Lainnya",
        "Sumber_Data": "Rekap_Lokasi_2023_2025 (1).xlsx",
        "Sumber_Sheet": "2024",
        "Sumber_Baris": 86
      },
      "geometry": null
    },
    {
      "type": "Feature",
      "id": "other-198",
      "properties": {
        "OBJECTID": 200198,
        "rute": "surgem_B",
        "Dari": 11000,
        "Sampai": 11200,
        "Jalur": "B",
        "Lajur": "1",
        "Tanggal_Pelaksanaan": "2024-06-30",
        "Tanggal_Label": "Tahun 2024",
        "Tahun": 2024,
        "Keterangan": "Sealant",
        "KM_Asli_Dari": 11170,
        "KM_Asli_Sampai": 11170,
        "Kategori_Pekerjaan": "Lainnya",
        "Sumber_Data": "Rekap_Lokasi_2023_2025 (1).xlsx",
        "Sumber_Sheet": "2024",
        "Sumber_Baris": 87
      },
      "geometry": null
    },
    {
      "type": "Feature",
      "id": "other-199",
      "properties": {
        "OBJECTID": 200199,
        "rute": "surgem_A",
        "Dari": 11400,
        "Sampai": 11600,
        "Jalur": "A",
        "Lajur": "1",
        "Tanggal_Pelaksanaan": "2024-06-30",
        "Tanggal_Label": "Tahun 2024",
        "Tahun": 2024,
        "Keterangan": "Patching Type 1",
        "KM_Asli_Dari": 11550,
        "KM_Asli_Sampai": 11550,
        "Kategori_Pekerjaan": "Lainnya",
        "Sumber_Data": "Rekap_Lokasi_2023_2025 (1).xlsx",
        "Sumber_Sheet": "2024",
        "Sumber_Baris": 94
      },
      "geometry": null
    },
    {
      "type": "Feature",
      "id": "other-200",
      "properties": {
        "OBJECTID": 200200,
        "rute": "surgem_A",
        "Dari": 12000,
        "Sampai": 12200,
        "Jalur": "A",
        "Lajur": "1",
        "Tanggal_Pelaksanaan": "2024-06-30",
        "Tanggal_Label": "Tahun 2024",
        "Tahun": 2024,
        "Keterangan": "Expansion joint",
        "KM_Asli_Dari": 12010,
        "KM_Asli_Sampai": 12010,
        "Kategori_Pekerjaan": "Lainnya",
        "Sumber_Data": "Rekap_Lokasi_2023_2025 (1).xlsx",
        "Sumber_Sheet": "2024",
        "Sumber_Baris": 96
      },
      "geometry": null
    },
    {
      "type": "Feature",
      "id": "other-201",
      "properties": {
        "OBJECTID": 200201,
        "rute": "surgem_A",
        "Dari": 12000,
        "Sampai": 12200,
        "Jalur": "A",
        "Lajur": "2",
        "Tanggal_Pelaksanaan": "2024-06-30",
        "Tanggal_Label": "Tahun 2024",
        "Tahun": 2024,
        "Keterangan": "Expansion joint",
        "KM_Asli_Dari": 12010,
        "KM_Asli_Sampai": 12010,
        "Kategori_Pekerjaan": "Lainnya",
        "Sumber_Data": "Rekap_Lokasi_2023_2025 (1).xlsx",
        "Sumber_Sheet": "2024",
        "Sumber_Baris": 97
      },
      "geometry": null
    },
    {
      "type": "Feature",
      "id": "other-202",
      "properties": {
        "OBJECTID": 200202,
        "rute": "surgem_B",
        "Dari": 12000,
        "Sampai": 12200,
        "Jalur": "B",
        "Lajur": "1",
        "Tanggal_Pelaksanaan": "2024-06-30",
        "Tanggal_Label": "Tahun 2024",
        "Tahun": 2024,
        "Keterangan": "Expansion joint",
        "KM_Asli_Dari": 12010,
        "KM_Asli_Sampai": 12010,
        "Kategori_Pekerjaan": "Lainnya",
        "Sumber_Data": "Rekap_Lokasi_2023_2025 (1).xlsx",
        "Sumber_Sheet": "2024",
        "Sumber_Baris": 98
      },
      "geometry": null
    },
    {
      "type": "Feature",
      "id": "other-203",
      "properties": {
        "OBJECTID": 200203,
        "rute": "surgem_B",
        "Dari": 12000,
        "Sampai": 12200,
        "Jalur": "B",
        "Lajur": "2",
        "Tanggal_Pelaksanaan": "2024-06-30",
        "Tanggal_Label": "Tahun 2024",
        "Tahun": 2024,
        "Keterangan": "Expansion joint",
        "KM_Asli_Dari": 12010,
        "KM_Asli_Sampai": 12010,
        "Kategori_Pekerjaan": "Lainnya",
        "Sumber_Data": "Rekap_Lokasi_2023_2025 (1).xlsx",
        "Sumber_Sheet": "2024",
        "Sumber_Baris": 99
      },
      "geometry": null
    },
    {
      "type": "Feature",
      "id": "other-204",
      "properties": {
        "OBJECTID": 200204,
        "rute": "surgem_B",
        "Dari": 12000,
        "Sampai": 12200,
        "Jalur": "B",
        "Lajur": "2",
        "Tanggal_Pelaksanaan": "2024-06-30",
        "Tanggal_Label": "Tahun 2024",
        "Tahun": 2024,
        "Keterangan": "Expansion joint",
        "KM_Asli_Dari": 12010,
        "KM_Asli_Sampai": 12010,
        "Kategori_Pekerjaan": "Lainnya",
        "Sumber_Data": "Rekap_Lokasi_2023_2025 (1).xlsx",
        "Sumber_Sheet": "2024",
        "Sumber_Baris": 100
      },
      "geometry": null
    },
    {
      "type": "Feature",
      "id": "other-205",
      "properties": {
        "OBJECTID": 200205,
        "rute": "surgem_B",
        "Dari": 12000,
        "Sampai": 12200,
        "Jalur": "B",
        "Lajur": "3",
        "Tanggal_Pelaksanaan": "2024-06-30",
        "Tanggal_Label": "Tahun 2024",
        "Tahun": 2024,
        "Keterangan": "Expansion joint",
        "KM_Asli_Dari": 12010,
        "KM_Asli_Sampai": 12010,
        "Kategori_Pekerjaan": "Lainnya",
        "Sumber_Data": "Rekap_Lokasi_2023_2025 (1).xlsx",
        "Sumber_Sheet": "2024",
        "Sumber_Baris": 101
      },
      "geometry": null
    },
    {
      "type": "Feature",
      "id": "other-206",
      "properties": {
        "OBJECTID": 200206,
        "rute": "surgem_A",
        "Dari": 12000,
        "Sampai": 12200,
        "Jalur": "A",
        "Lajur": "3",
        "Tanggal_Pelaksanaan": "2024-06-30",
        "Tanggal_Label": "Tahun 2024",
        "Tahun": 2024,
        "Keterangan": "Patching Type 1",
        "KM_Asli_Dari": 12030,
        "KM_Asli_Sampai": 12030,
        "Kategori_Pekerjaan": "Lainnya",
        "Sumber_Data": "Rekap_Lokasi_2023_2025 (1).xlsx",
        "Sumber_Sheet": "2024",
        "Sumber_Baris": 102
      },
      "geometry": null
    },
    {
      "type": "Feature",
      "id": "other-207",
      "properties": {
        "OBJECTID": 200207,
        "rute": "surgem_A",
        "Dari": 12000,
        "Sampai": 12200,
        "Jalur": "A",
        "Lajur": "3",
        "Tanggal_Pelaksanaan": "2024-06-30",
        "Tanggal_Label": "Tahun 2024",
        "Tahun": 2024,
        "Keterangan": "Patching Type 1",
        "KM_Asli_Dari": 12030,
        "KM_Asli_Sampai": 12030,
        "Kategori_Pekerjaan": "Lainnya",
        "Sumber_Data": "Rekap_Lokasi_2023_2025 (1).xlsx",
        "Sumber_Sheet": "2024",
        "Sumber_Baris": 103
      },
      "geometry": null
    },
    {
      "type": "Feature",
      "id": "other-208",
      "properties": {
        "OBJECTID": 200208,
        "rute": "surgem_A",
        "Dari": 12000,
        "Sampai": 12200,
        "Jalur": "A",
        "Lajur": "1",
        "Tanggal_Pelaksanaan": "2024-06-30",
        "Tanggal_Label": "Tahun 2024",
        "Tahun": 2024,
        "Keterangan": "Expansion joint",
        "KM_Asli_Dari": 12060,
        "KM_Asli_Sampai": 12060,
        "Kategori_Pekerjaan": "Lainnya",
        "Sumber_Data": "Rekap_Lokasi_2023_2025 (1).xlsx",
        "Sumber_Sheet": "2024",
        "Sumber_Baris": 104
      },
      "geometry": null
    },
    {
      "type": "Feature",
      "id": "other-209",
      "properties": {
        "OBJECTID": 200209,
        "rute": "surgem_A",
        "Dari": 12000,
        "Sampai": 12200,
        "Jalur": "A",
        "Lajur": "2",
        "Tanggal_Pelaksanaan": "2024-06-30",
        "Tanggal_Label": "Tahun 2024",
        "Tahun": 2024,
        "Keterangan": "Expansion joint",
        "KM_Asli_Dari": 12060,
        "KM_Asli_Sampai": 12060,
        "Kategori_Pekerjaan": "Lainnya",
        "Sumber_Data": "Rekap_Lokasi_2023_2025 (1).xlsx",
        "Sumber_Sheet": "2024",
        "Sumber_Baris": 105
      },
      "geometry": null
    },
    {
      "type": "Feature",
      "id": "other-210",
      "properties": {
        "OBJECTID": 200210,
        "rute": "surgem_B",
        "Dari": 12000,
        "Sampai": 12200,
        "Jalur": "B",
        "Lajur": "1",
        "Tanggal_Pelaksanaan": "2024-06-30",
        "Tanggal_Label": "Tahun 2024",
        "Tahun": 2024,
        "Keterangan": "Expansion joint",
        "KM_Asli_Dari": 12060,
        "KM_Asli_Sampai": 12060,
        "Kategori_Pekerjaan": "Lainnya",
        "Sumber_Data": "Rekap_Lokasi_2023_2025 (1).xlsx",
        "Sumber_Sheet": "2024",
        "Sumber_Baris": 106
      },
      "geometry": null
    },
    {
      "type": "Feature",
      "id": "other-211",
      "properties": {
        "OBJECTID": 200211,
        "rute": "surgem_B",
        "Dari": 12000,
        "Sampai": 12200,
        "Jalur": "B",
        "Lajur": "2",
        "Tanggal_Pelaksanaan": "2024-06-30",
        "Tanggal_Label": "Tahun 2024",
        "Tahun": 2024,
        "Keterangan": "Expansion joint",
        "KM_Asli_Dari": 12060,
        "KM_Asli_Sampai": 12060,
        "Kategori_Pekerjaan": "Lainnya",
        "Sumber_Data": "Rekap_Lokasi_2023_2025 (1).xlsx",
        "Sumber_Sheet": "2024",
        "Sumber_Baris": 107
      },
      "geometry": null
    },
    {
      "type": "Feature",
      "id": "other-212",
      "properties": {
        "OBJECTID": 200212,
        "rute": "surgem_B",
        "Dari": 12000,
        "Sampai": 12200,
        "Jalur": "B",
        "Lajur": "2",
        "Tanggal_Pelaksanaan": "2024-06-30",
        "Tanggal_Label": "Tahun 2024",
        "Tahun": 2024,
        "Keterangan": "Expansion joint",
        "KM_Asli_Dari": 12060,
        "KM_Asli_Sampai": 12060,
        "Kategori_Pekerjaan": "Lainnya",
        "Sumber_Data": "Rekap_Lokasi_2023_2025 (1).xlsx",
        "Sumber_Sheet": "2024",
        "Sumber_Baris": 108
      },
      "geometry": null
    },
    {
      "type": "Feature",
      "id": "other-213",
      "properties": {
        "OBJECTID": 200213,
        "rute": "surgem_B",
        "Dari": 12000,
        "Sampai": 12200,
        "Jalur": "B",
        "Lajur": "3",
        "Tanggal_Pelaksanaan": "2024-06-30",
        "Tanggal_Label": "Tahun 2024",
        "Tahun": 2024,
        "Keterangan": "Expansion joint",
        "KM_Asli_Dari": 12060,
        "KM_Asli_Sampai": 12060,
        "Kategori_Pekerjaan": "Lainnya",
        "Sumber_Data": "Rekap_Lokasi_2023_2025 (1).xlsx",
        "Sumber_Sheet": "2024",
        "Sumber_Baris": 109
      },
      "geometry": null
    },
    {
      "type": "Feature",
      "id": "other-214",
      "properties": {
        "OBJECTID": 200214,
        "rute": "surgem_A",
        "Dari": 12000,
        "Sampai": 12200,
        "Jalur": "A",
        "Lajur": "1",
        "Tanggal_Pelaksanaan": "2024-06-30",
        "Tanggal_Label": "Tahun 2024",
        "Tahun": 2024,
        "Keterangan": "Patching Type 1",
        "KM_Asli_Dari": 12120,
        "KM_Asli_Sampai": 12120,
        "Kategori_Pekerjaan": "Lainnya",
        "Sumber_Data": "Rekap_Lokasi_2023_2025 (1).xlsx",
        "Sumber_Sheet": "2024",
        "Sumber_Baris": 111
      },
      "geometry": null
    },
    {
      "type": "Feature",
      "id": "other-215",
      "properties": {
        "OBJECTID": 200215,
        "rute": "surgem_A",
        "Dari": 12000,
        "Sampai": 12200,
        "Jalur": "A",
        "Lajur": "1",
        "Tanggal_Pelaksanaan": "2024-06-30",
        "Tanggal_Label": "Tahun 2024",
        "Tahun": 2024,
        "Keterangan": "Patching Type 1",
        "KM_Asli_Dari": 12150,
        "KM_Asli_Sampai": 12150,
        "Kategori_Pekerjaan": "Lainnya",
        "Sumber_Data": "Rekap_Lokasi_2023_2025 (1).xlsx",
        "Sumber_Sheet": "2024",
        "Sumber_Baris": 112
      },
      "geometry": null
    },
    {
      "type": "Feature",
      "id": "other-216",
      "properties": {
        "OBJECTID": 200216,
        "rute": "surgem_A",
        "Dari": 12200,
        "Sampai": 12400,
        "Jalur": "A",
        "Lajur": "3",
        "Tanggal_Pelaksanaan": "2024-06-30",
        "Tanggal_Label": "Tahun 2024",
        "Tahun": 2024,
        "Keterangan": "Patching Type 1",
        "KM_Asli_Dari": 12240,
        "KM_Asli_Sampai": 12240,
        "Kategori_Pekerjaan": "Lainnya",
        "Sumber_Data": "Rekap_Lokasi_2023_2025 (1).xlsx",
        "Sumber_Sheet": "2024",
        "Sumber_Baris": 113
      },
      "geometry": null
    },
    {
      "type": "Feature",
      "id": "other-217",
      "properties": {
        "OBJECTID": 200217,
        "rute": "surgem_A",
        "Dari": 12200,
        "Sampai": 12400,
        "Jalur": "A",
        "Lajur": "3",
        "Tanggal_Pelaksanaan": "2024-06-30",
        "Tanggal_Label": "Tahun 2024",
        "Tahun": 2024,
        "Keterangan": "Patching Type 1",
        "KM_Asli_Dari": 12240,
        "KM_Asli_Sampai": 12240,
        "Kategori_Pekerjaan": "Lainnya",
        "Sumber_Data": "Rekap_Lokasi_2023_2025 (1).xlsx",
        "Sumber_Sheet": "2024",
        "Sumber_Baris": 114
      },
      "geometry": null
    },
    {
      "type": "Feature",
      "id": "other-218",
      "properties": {
        "OBJECTID": 200218,
        "rute": "surgem_A",
        "Dari": 12200,
        "Sampai": 12400,
        "Jalur": "A",
        "Lajur": "3",
        "Tanggal_Pelaksanaan": "2024-06-30",
        "Tanggal_Label": "Tahun 2024",
        "Tahun": 2024,
        "Keterangan": "Patching Type 1",
        "KM_Asli_Dari": 12280,
        "KM_Asli_Sampai": 12280,
        "Kategori_Pekerjaan": "Lainnya",
        "Sumber_Data": "Rekap_Lokasi_2023_2025 (1).xlsx",
        "Sumber_Sheet": "2024",
        "Sumber_Baris": 115
      },
      "geometry": null
    },
    {
      "type": "Feature",
      "id": "other-219",
      "properties": {
        "OBJECTID": 200219,
        "rute": "surgem_B",
        "Dari": 12200,
        "Sampai": 12400,
        "Jalur": "B",
        "Lajur": "1",
        "Tanggal_Pelaksanaan": "2024-06-30",
        "Tanggal_Label": "Tahun 2024",
        "Tahun": 2024,
        "Keterangan": "Expansion joint",
        "KM_Asli_Dari": 12300,
        "KM_Asli_Sampai": 12300,
        "Kategori_Pekerjaan": "Lainnya",
        "Sumber_Data": "Rekap_Lokasi_2023_2025 (1).xlsx",
        "Sumber_Sheet": "2024",
        "Sumber_Baris": 116
      },
      "geometry": null
    },
    {
      "type": "Feature",
      "id": "other-220",
      "properties": {
        "OBJECTID": 200220,
        "rute": "surgem_B",
        "Dari": 12200,
        "Sampai": 12400,
        "Jalur": "B",
        "Lajur": "2",
        "Tanggal_Pelaksanaan": "2024-06-30",
        "Tanggal_Label": "Tahun 2024",
        "Tahun": 2024,
        "Keterangan": "Expansion joint",
        "KM_Asli_Dari": 12300,
        "KM_Asli_Sampai": 12300,
        "Kategori_Pekerjaan": "Lainnya",
        "Sumber_Data": "Rekap_Lokasi_2023_2025 (1).xlsx",
        "Sumber_Sheet": "2024",
        "Sumber_Baris": 117
      },
      "geometry": null
    },
    {
      "type": "Feature",
      "id": "other-221",
      "properties": {
        "OBJECTID": 200221,
        "rute": "surgem_B",
        "Dari": 12200,
        "Sampai": 12400,
        "Jalur": "B",
        "Lajur": "2",
        "Tanggal_Pelaksanaan": "2024-06-30",
        "Tanggal_Label": "Tahun 2024",
        "Tahun": 2024,
        "Keterangan": "Expansion joint",
        "KM_Asli_Dari": 12300,
        "KM_Asli_Sampai": 12300,
        "Kategori_Pekerjaan": "Lainnya",
        "Sumber_Data": "Rekap_Lokasi_2023_2025 (1).xlsx",
        "Sumber_Sheet": "2024",
        "Sumber_Baris": 118
      },
      "geometry": null
    },
    {
      "type": "Feature",
      "id": "other-222",
      "properties": {
        "OBJECTID": 200222,
        "rute": "surgem_B",
        "Dari": 12200,
        "Sampai": 12400,
        "Jalur": "B",
        "Lajur": "3",
        "Tanggal_Pelaksanaan": "2024-06-30",
        "Tanggal_Label": "Tahun 2024",
        "Tahun": 2024,
        "Keterangan": "Expansion joint",
        "KM_Asli_Dari": 12300,
        "KM_Asli_Sampai": 12300,
        "Kategori_Pekerjaan": "Lainnya",
        "Sumber_Data": "Rekap_Lokasi_2023_2025 (1).xlsx",
        "Sumber_Sheet": "2024",
        "Sumber_Baris": 119
      },
      "geometry": null
    },
    {
      "type": "Feature",
      "id": "other-223",
      "properties": {
        "OBJECTID": 200223,
        "rute": "surgem_B",
        "Dari": 12400,
        "Sampai": 12600,
        "Jalur": "B",
        "Lajur": "2",
        "Tanggal_Pelaksanaan": "2024-06-30",
        "Tanggal_Label": "Tahun 2024",
        "Tahun": 2024,
        "Keterangan": "Expansion joint",
        "KM_Asli_Dari": 12425,
        "KM_Asli_Sampai": 12425,
        "Kategori_Pekerjaan": "Lainnya",
        "Sumber_Data": "Rekap_Lokasi_2023_2025 (1).xlsx",
        "Sumber_Sheet": "2024",
        "Sumber_Baris": 120
      },
      "geometry": null
    },
    {
      "type": "Feature",
      "id": "other-224",
      "properties": {
        "OBJECTID": 200224,
        "rute": "surgem_B",
        "Dari": 12400,
        "Sampai": 12600,
        "Jalur": "B",
        "Lajur": "3",
        "Tanggal_Pelaksanaan": "2024-06-30",
        "Tanggal_Label": "Tahun 2024",
        "Tahun": 2024,
        "Keterangan": "Expansion joint",
        "KM_Asli_Dari": 12425,
        "KM_Asli_Sampai": 12425,
        "Kategori_Pekerjaan": "Lainnya",
        "Sumber_Data": "Rekap_Lokasi_2023_2025 (1).xlsx",
        "Sumber_Sheet": "2024",
        "Sumber_Baris": 121
      },
      "geometry": null
    },
    {
      "type": "Feature",
      "id": "other-225",
      "properties": {
        "OBJECTID": 200225,
        "rute": "surgem_A",
        "Dari": 12600,
        "Sampai": 12800,
        "Jalur": "A",
        "Lajur": "1",
        "Tanggal_Pelaksanaan": "2024-06-30",
        "Tanggal_Label": "Tahun 2024",
        "Tahun": 2024,
        "Keterangan": "Patching Type 1",
        "KM_Asli_Dari": 12600,
        "KM_Asli_Sampai": 12600,
        "Kategori_Pekerjaan": "Lainnya",
        "Sumber_Data": "Rekap_Lokasi_2023_2025 (1).xlsx",
        "Sumber_Sheet": "2024",
        "Sumber_Baris": 122
      },
      "geometry": null
    },
    {
      "type": "Feature",
      "id": "other-226",
      "properties": {
        "OBJECTID": 200226,
        "rute": "surgem_A",
        "Dari": 13200,
        "Sampai": 13400,
        "Jalur": "A",
        "Lajur": "1",
        "Tanggal_Pelaksanaan": "2024-06-30",
        "Tanggal_Label": "Tahun 2024",
        "Tahun": 2024,
        "Keterangan": "Patching Type 1",
        "KM_Asli_Dari": 13344,
        "KM_Asli_Sampai": 13344,
        "Kategori_Pekerjaan": "Lainnya",
        "Sumber_Data": "Rekap_Lokasi_2023_2025 (1).xlsx",
        "Sumber_Sheet": "2024",
        "Sumber_Baris": 123
      },
      "geometry": null
    },
    {
      "type": "Feature",
      "id": "other-227",
      "properties": {
        "OBJECTID": 200227,
        "rute": "surgem_B",
        "Dari": 13600,
        "Sampai": 13800,
        "Jalur": "B",
        "Lajur": "3",
        "Tanggal_Pelaksanaan": "2024-06-30",
        "Tanggal_Label": "Tahun 2024",
        "Tahun": 2024,
        "Keterangan": "Patching Type 1",
        "KM_Asli_Dari": 13680,
        "KM_Asli_Sampai": 13680,
        "Kategori_Pekerjaan": "Lainnya",
        "Sumber_Data": "Rekap_Lokasi_2023_2025 (1).xlsx",
        "Sumber_Sheet": "2024",
        "Sumber_Baris": 124
      },
      "geometry": null
    },
    {
      "type": "Feature",
      "id": "other-228",
      "properties": {
        "OBJECTID": 200228,
        "rute": "surgem_A",
        "Dari": 14200,
        "Sampai": 14400,
        "Jalur": "A",
        "Lajur": "2",
        "Tanggal_Pelaksanaan": "2024-06-30",
        "Tanggal_Label": "Tahun 2024",
        "Tahun": 2024,
        "Keterangan": "Patching Type 1",
        "KM_Asli_Dari": 14230,
        "KM_Asli_Sampai": 14230,
        "Kategori_Pekerjaan": "Lainnya",
        "Sumber_Data": "Rekap_Lokasi_2023_2025 (1).xlsx",
        "Sumber_Sheet": "2024",
        "Sumber_Baris": 125
      },
      "geometry": null
    },
    {
      "type": "Feature",
      "id": "other-229",
      "properties": {
        "OBJECTID": 200229,
        "rute": "surgem_A",
        "Dari": 14200,
        "Sampai": 14400,
        "Jalur": "A",
        "Lajur": "2",
        "Tanggal_Pelaksanaan": "2024-06-30",
        "Tanggal_Label": "Tahun 2024",
        "Tahun": 2024,
        "Keterangan": "Patching Type 1",
        "KM_Asli_Dari": 14230,
        "KM_Asli_Sampai": 14230,
        "Kategori_Pekerjaan": "Lainnya",
        "Sumber_Data": "Rekap_Lokasi_2023_2025 (1).xlsx",
        "Sumber_Sheet": "2024",
        "Sumber_Baris": 126
      },
      "geometry": null
    },
    {
      "type": "Feature",
      "id": "other-230",
      "properties": {
        "OBJECTID": 200230,
        "rute": "surgem_A",
        "Dari": 14200,
        "Sampai": 14400,
        "Jalur": "A",
        "Lajur": "2",
        "Tanggal_Pelaksanaan": "2024-06-30",
        "Tanggal_Label": "Tahun 2024",
        "Tahun": 2024,
        "Keterangan": "Patching Type 1",
        "KM_Asli_Dari": 14230,
        "KM_Asli_Sampai": 14230,
        "Kategori_Pekerjaan": "Lainnya",
        "Sumber_Data": "Rekap_Lokasi_2023_2025 (1).xlsx",
        "Sumber_Sheet": "2024",
        "Sumber_Baris": 127
      },
      "geometry": null
    },
    {
      "type": "Feature",
      "id": "other-231",
      "properties": {
        "OBJECTID": 200231,
        "rute": "surgem_A",
        "Dari": 14200,
        "Sampai": 14400,
        "Jalur": "A",
        "Lajur": "1",
        "Tanggal_Pelaksanaan": "2024-06-30",
        "Tanggal_Label": "Tahun 2024",
        "Tahun": 2024,
        "Keterangan": "Expansion joint",
        "KM_Asli_Dari": 14250,
        "KM_Asli_Sampai": 14250,
        "Kategori_Pekerjaan": "Lainnya",
        "Sumber_Data": "Rekap_Lokasi_2023_2025 (1).xlsx",
        "Sumber_Sheet": "2024",
        "Sumber_Baris": 128
      },
      "geometry": null
    },
    {
      "type": "Feature",
      "id": "other-232",
      "properties": {
        "OBJECTID": 200232,
        "rute": "surgem_A",
        "Dari": 14200,
        "Sampai": 14400,
        "Jalur": "A",
        "Lajur": "2",
        "Tanggal_Pelaksanaan": "2024-06-30",
        "Tanggal_Label": "Tahun 2024",
        "Tahun": 2024,
        "Keterangan": "Expansion joint",
        "KM_Asli_Dari": 14250,
        "KM_Asli_Sampai": 14250,
        "Kategori_Pekerjaan": "Lainnya",
        "Sumber_Data": "Rekap_Lokasi_2023_2025 (1).xlsx",
        "Sumber_Sheet": "2024",
        "Sumber_Baris": 129
      },
      "geometry": null
    },
    {
      "type": "Feature",
      "id": "other-233",
      "properties": {
        "OBJECTID": 200233,
        "rute": "surgem_A",
        "Dari": 14200,
        "Sampai": 14400,
        "Jalur": "A",
        "Lajur": "3",
        "Tanggal_Pelaksanaan": "2024-06-30",
        "Tanggal_Label": "Tahun 2024",
        "Tahun": 2024,
        "Keterangan": "Expansion joint",
        "KM_Asli_Dari": 14250,
        "KM_Asli_Sampai": 14250,
        "Kategori_Pekerjaan": "Lainnya",
        "Sumber_Data": "Rekap_Lokasi_2023_2025 (1).xlsx",
        "Sumber_Sheet": "2024",
        "Sumber_Baris": 130
      },
      "geometry": null
    },
    {
      "type": "Feature",
      "id": "other-234",
      "properties": {
        "OBJECTID": 200234,
        "rute": "surgem_B",
        "Dari": 14200,
        "Sampai": 14400,
        "Jalur": "B",
        "Lajur": "1",
        "Tanggal_Pelaksanaan": "2024-06-30",
        "Tanggal_Label": "Tahun 2024",
        "Tahun": 2024,
        "Keterangan": "Expansion joint",
        "KM_Asli_Dari": 14250,
        "KM_Asli_Sampai": 14250,
        "Kategori_Pekerjaan": "Lainnya",
        "Sumber_Data": "Rekap_Lokasi_2023_2025 (1).xlsx",
        "Sumber_Sheet": "2024",
        "Sumber_Baris": 131
      },
      "geometry": null
    },
    {
      "type": "Feature",
      "id": "other-235",
      "properties": {
        "OBJECTID": 200235,
        "rute": "surgem_B",
        "Dari": 14200,
        "Sampai": 14400,
        "Jalur": "B",
        "Lajur": "1",
        "Tanggal_Pelaksanaan": "2024-06-30",
        "Tanggal_Label": "Tahun 2024",
        "Tahun": 2024,
        "Keterangan": "Expansion joint",
        "KM_Asli_Dari": 14250,
        "KM_Asli_Sampai": 14250,
        "Kategori_Pekerjaan": "Lainnya",
        "Sumber_Data": "Rekap_Lokasi_2023_2025 (1).xlsx",
        "Sumber_Sheet": "2024",
        "Sumber_Baris": 132
      },
      "geometry": null
    },
    {
      "type": "Feature",
      "id": "other-236",
      "properties": {
        "OBJECTID": 200236,
        "rute": "surgem_B",
        "Dari": 14200,
        "Sampai": 14400,
        "Jalur": "B",
        "Lajur": "2",
        "Tanggal_Pelaksanaan": "2024-06-30",
        "Tanggal_Label": "Tahun 2024",
        "Tahun": 2024,
        "Keterangan": "Expansion joint",
        "KM_Asli_Dari": 14250,
        "KM_Asli_Sampai": 14250,
        "Kategori_Pekerjaan": "Lainnya",
        "Sumber_Data": "Rekap_Lokasi_2023_2025 (1).xlsx",
        "Sumber_Sheet": "2024",
        "Sumber_Baris": 133
      },
      "geometry": null
    },
    {
      "type": "Feature",
      "id": "other-237",
      "properties": {
        "OBJECTID": 200237,
        "rute": "surgem_B",
        "Dari": 14200,
        "Sampai": 14400,
        "Jalur": "B",
        "Lajur": "2",
        "Tanggal_Pelaksanaan": "2024-06-30",
        "Tanggal_Label": "Tahun 2024",
        "Tahun": 2024,
        "Keterangan": "Expansion joint",
        "KM_Asli_Dari": 14250,
        "KM_Asli_Sampai": 14250,
        "Kategori_Pekerjaan": "Lainnya",
        "Sumber_Data": "Rekap_Lokasi_2023_2025 (1).xlsx",
        "Sumber_Sheet": "2024",
        "Sumber_Baris": 134
      },
      "geometry": null
    },
    {
      "type": "Feature",
      "id": "other-238",
      "properties": {
        "OBJECTID": 200238,
        "rute": "surgem_B",
        "Dari": 14200,
        "Sampai": 14400,
        "Jalur": "B",
        "Lajur": "3",
        "Tanggal_Pelaksanaan": "2024-06-30",
        "Tanggal_Label": "Tahun 2024",
        "Tahun": 2024,
        "Keterangan": "Expansion joint",
        "KM_Asli_Dari": 14250,
        "KM_Asli_Sampai": 14250,
        "Kategori_Pekerjaan": "Lainnya",
        "Sumber_Data": "Rekap_Lokasi_2023_2025 (1).xlsx",
        "Sumber_Sheet": "2024",
        "Sumber_Baris": 135
      },
      "geometry": null
    },
    {
      "type": "Feature",
      "id": "other-239",
      "properties": {
        "OBJECTID": 200239,
        "rute": "surgem_B",
        "Dari": 14200,
        "Sampai": 14400,
        "Jalur": "B",
        "Lajur": "3",
        "Tanggal_Pelaksanaan": "2024-06-30",
        "Tanggal_Label": "Tahun 2024",
        "Tahun": 2024,
        "Keterangan": "Expansion joint",
        "KM_Asli_Dari": 14250,
        "KM_Asli_Sampai": 14250,
        "Kategori_Pekerjaan": "Lainnya",
        "Sumber_Data": "Rekap_Lokasi_2023_2025 (1).xlsx",
        "Sumber_Sheet": "2024",
        "Sumber_Baris": 136
      },
      "geometry": null
    },
    {
      "type": "Feature",
      "id": "other-240",
      "properties": {
        "OBJECTID": 200240,
        "rute": "surgem_A",
        "Dari": 14200,
        "Sampai": 14400,
        "Jalur": "A",
        "Lajur": "1",
        "Tanggal_Pelaksanaan": "2024-06-30",
        "Tanggal_Label": "Tahun 2024",
        "Tahun": 2024,
        "Keterangan": "Expansion joint",
        "KM_Asli_Dari": 14256,
        "KM_Asli_Sampai": 14256,
        "Kategori_Pekerjaan": "Lainnya",
        "Sumber_Data": "Rekap_Lokasi_2023_2025 (1).xlsx",
        "Sumber_Sheet": "2024",
        "Sumber_Baris": 137
      },
      "geometry": null
    },
    {
      "type": "Feature",
      "id": "other-241",
      "properties": {
        "OBJECTID": 200241,
        "rute": "surgem_B",
        "Dari": 14400,
        "Sampai": 14600,
        "Jalur": "B",
        "Lajur": "2",
        "Tanggal_Pelaksanaan": "2024-06-30",
        "Tanggal_Label": "Tahun 2024",
        "Tahun": 2024,
        "Keterangan": "Patching Type 1",
        "KM_Asli_Dari": 14500,
        "KM_Asli_Sampai": 14500,
        "Kategori_Pekerjaan": "Lainnya",
        "Sumber_Data": "Rekap_Lokasi_2023_2025 (1).xlsx",
        "Sumber_Sheet": "2024",
        "Sumber_Baris": 138
      },
      "geometry": null
    },
    {
      "type": "Feature",
      "id": "other-242",
      "properties": {
        "OBJECTID": 200242,
        "rute": "surgem_A",
        "Dari": 14600,
        "Sampai": 14800,
        "Jalur": "A",
        "Lajur": "2",
        "Tanggal_Pelaksanaan": "2024-06-30",
        "Tanggal_Label": "Tahun 2024",
        "Tahun": 2024,
        "Keterangan": "Patching Type 1",
        "KM_Asli_Dari": 14700,
        "KM_Asli_Sampai": 14700,
        "Kategori_Pekerjaan": "Lainnya",
        "Sumber_Data": "Rekap_Lokasi_2023_2025 (1).xlsx",
        "Sumber_Sheet": "2024",
        "Sumber_Baris": 139
      },
      "geometry": null
    },
    {
      "type": "Feature",
      "id": "other-243",
      "properties": {
        "OBJECTID": 200243,
        "rute": "surgem_B",
        "Dari": 14600,
        "Sampai": 14800,
        "Jalur": "B",
        "Lajur": "1",
        "Tanggal_Pelaksanaan": "2024-06-30",
        "Tanggal_Label": "Tahun 2024",
        "Tahun": 2024,
        "Keterangan": "Patching Type 1",
        "KM_Asli_Dari": 14700,
        "KM_Asli_Sampai": 14700,
        "Kategori_Pekerjaan": "Lainnya",
        "Sumber_Data": "Rekap_Lokasi_2023_2025 (1).xlsx",
        "Sumber_Sheet": "2024",
        "Sumber_Baris": 140
      },
      "geometry": null
    },
    {
      "type": "Feature",
      "id": "other-244",
      "properties": {
        "OBJECTID": 200244,
        "rute": "surgem_B",
        "Dari": 14600,
        "Sampai": 14800,
        "Jalur": "B",
        "Lajur": "2",
        "Tanggal_Pelaksanaan": "2024-06-30",
        "Tanggal_Label": "Tahun 2024",
        "Tahun": 2024,
        "Keterangan": "Patching Type 1",
        "KM_Asli_Dari": 14700,
        "KM_Asli_Sampai": 14700,
        "Kategori_Pekerjaan": "Lainnya",
        "Sumber_Data": "Rekap_Lokasi_2023_2025 (1).xlsx",
        "Sumber_Sheet": "2024",
        "Sumber_Baris": 141
      },
      "geometry": null
    },
    {
      "type": "Feature",
      "id": "other-245",
      "properties": {
        "OBJECTID": 200245,
        "rute": "surgem_B",
        "Dari": 15200,
        "Sampai": 15400,
        "Jalur": "B",
        "Lajur": "1",
        "Tanggal_Pelaksanaan": "2024-06-30",
        "Tanggal_Label": "Tahun 2024",
        "Tahun": 2024,
        "Keterangan": "Patching Type 1",
        "KM_Asli_Dari": 15200,
        "KM_Asli_Sampai": 15200,
        "Kategori_Pekerjaan": "Lainnya",
        "Sumber_Data": "Rekap_Lokasi_2023_2025 (1).xlsx",
        "Sumber_Sheet": "2024",
        "Sumber_Baris": 142
      },
      "geometry": null
    },
    {
      "type": "Feature",
      "id": "other-246",
      "properties": {
        "OBJECTID": 200246,
        "rute": "surgem_B",
        "Dari": 15200,
        "Sampai": 15400,
        "Jalur": "B",
        "Lajur": "2",
        "Tanggal_Pelaksanaan": "2024-06-30",
        "Tanggal_Label": "Tahun 2024",
        "Tahun": 2024,
        "Keterangan": "Patching Type 1",
        "KM_Asli_Dari": 15200,
        "KM_Asli_Sampai": 15200,
        "Kategori_Pekerjaan": "Lainnya",
        "Sumber_Data": "Rekap_Lokasi_2023_2025 (1).xlsx",
        "Sumber_Sheet": "2024",
        "Sumber_Baris": 143
      },
      "geometry": null
    },
    {
      "type": "Feature",
      "id": "other-247",
      "properties": {
        "OBJECTID": 200247,
        "rute": "surgem_B",
        "Dari": 15600,
        "Sampai": 15800,
        "Jalur": "B",
        "Lajur": "1",
        "Tanggal_Pelaksanaan": "2024-06-30",
        "Tanggal_Label": "Tahun 2024",
        "Tahun": 2024,
        "Keterangan": "Patching Type 1",
        "KM_Asli_Dari": 15650,
        "KM_Asli_Sampai": 15650,
        "Kategori_Pekerjaan": "Lainnya",
        "Sumber_Data": "Rekap_Lokasi_2023_2025 (1).xlsx",
        "Sumber_Sheet": "2024",
        "Sumber_Baris": 144
      },
      "geometry": null
    },
    {
      "type": "Feature",
      "id": "other-248",
      "properties": {
        "OBJECTID": 200248,
        "rute": "surgem_B",
        "Dari": 745000,
        "Sampai": 745200,
        "Jalur": "B",
        "Lajur": "1",
        "Tanggal_Pelaksanaan": "2024-06-30",
        "Tanggal_Label": "Tahun 2024",
        "Tahun": 2024,
        "Keterangan": "Patching Type 1",
        "KM_Asli_Dari": 745150,
        "KM_Asli_Sampai": 745150,
        "Kategori_Pekerjaan": "Lainnya",
        "Sumber_Data": "Rekap_Lokasi_2023_2025 (1).xlsx",
        "Sumber_Sheet": "2024",
        "Sumber_Baris": 148
      },
      "geometry": null
    },
    {
      "type": "Feature",
      "id": "other-249",
      "properties": {
        "OBJECTID": 200249,
        "rute": "surgem_A",
        "Dari": 745200,
        "Sampai": 745400,
        "Jalur": "A",
        "Lajur": "2",
        "Tanggal_Pelaksanaan": "2024-06-30",
        "Tanggal_Label": "Tahun 2024",
        "Tahun": 2024,
        "Keterangan": "Patching Type 1",
        "KM_Asli_Dari": 745200,
        "KM_Asli_Sampai": 745200,
        "Kategori_Pekerjaan": "Lainnya",
        "Sumber_Data": "Rekap_Lokasi_2023_2025 (1).xlsx",
        "Sumber_Sheet": "2024",
        "Sumber_Baris": 149
      },
      "geometry": null
    },
    {
      "type": "Feature",
      "id": "other-250",
      "properties": {
        "OBJECTID": 200250,
        "rute": "surgem_A",
        "Dari": 745200,
        "Sampai": 745400,
        "Jalur": "A",
        "Lajur": "1",
        "Tanggal_Pelaksanaan": "2024-06-30",
        "Tanggal_Label": "Tahun 2024",
        "Tahun": 2024,
        "Keterangan": "Patching Type 1",
        "KM_Asli_Dari": 745250,
        "KM_Asli_Sampai": 745250,
        "Kategori_Pekerjaan": "Lainnya",
        "Sumber_Data": "Rekap_Lokasi_2023_2025 (1).xlsx",
        "Sumber_Sheet": "2024",
        "Sumber_Baris": 151
      },
      "geometry": null
    },
    {
      "type": "Feature",
      "id": "other-251",
      "properties": {
        "OBJECTID": 200251,
        "rute": "surgem_A",
        "Dari": 745400,
        "Sampai": 745600,
        "Jalur": "A",
        "Lajur": "2",
        "Tanggal_Pelaksanaan": "2024-06-30",
        "Tanggal_Label": "Tahun 2024",
        "Tahun": 2024,
        "Keterangan": "Patching Type 1",
        "KM_Asli_Dari": 745500,
        "KM_Asli_Sampai": 745500,
        "Kategori_Pekerjaan": "Lainnya",
        "Sumber_Data": "Rekap_Lokasi_2023_2025 (1).xlsx",
        "Sumber_Sheet": "2024",
        "Sumber_Baris": 152
      },
      "geometry": null
    },
    {
      "type": "Feature",
      "id": "other-252",
      "properties": {
        "OBJECTID": 200252,
        "rute": "surgem_A",
        "Dari": 746800,
        "Sampai": 747000,
        "Jalur": "A",
        "Lajur": "2",
        "Tanggal_Pelaksanaan": "2024-06-30",
        "Tanggal_Label": "Tahun 2024",
        "Tahun": 2024,
        "Keterangan": "Patching Type 1",
        "KM_Asli_Dari": 746850,
        "KM_Asli_Sampai": 746850,
        "Kategori_Pekerjaan": "Lainnya",
        "Sumber_Data": "Rekap_Lokasi_2023_2025 (1).xlsx",
        "Sumber_Sheet": "2024",
        "Sumber_Baris": 154
      },
      "geometry": null
    },
    {
      "type": "Feature",
      "id": "other-253",
      "properties": {
        "OBJECTID": 200253,
        "rute": "surgem_A",
        "Dari": 747000,
        "Sampai": 747200,
        "Jalur": "A",
        "Lajur": "2",
        "Tanggal_Pelaksanaan": "2024-06-30",
        "Tanggal_Label": "Tahun 2024",
        "Tahun": 2024,
        "Keterangan": "Patching Type 1",
        "KM_Asli_Dari": 747000,
        "KM_Asli_Sampai": 747000,
        "Kategori_Pekerjaan": "Lainnya",
        "Sumber_Data": "Rekap_Lokasi_2023_2025 (1).xlsx",
        "Sumber_Sheet": "2024",
        "Sumber_Baris": 155
      },
      "geometry": null
    },
    {
      "type": "Feature",
      "id": "other-254",
      "properties": {
        "OBJECTID": 200254,
        "rute": "surgem_A",
        "Dari": 747000,
        "Sampai": 747200,
        "Jalur": "A",
        "Lajur": "2",
        "Tanggal_Pelaksanaan": "2024-06-30",
        "Tanggal_Label": "Tahun 2024",
        "Tahun": 2024,
        "Keterangan": "Patching Type 1",
        "KM_Asli_Dari": 747000,
        "KM_Asli_Sampai": 747000,
        "Kategori_Pekerjaan": "Lainnya",
        "Sumber_Data": "Rekap_Lokasi_2023_2025 (1).xlsx",
        "Sumber_Sheet": "2024",
        "Sumber_Baris": 156
      },
      "geometry": null
    },
    {
      "type": "Feature",
      "id": "other-255",
      "properties": {
        "OBJECTID": 200255,
        "rute": "surgem_A",
        "Dari": 747000,
        "Sampai": 747200,
        "Jalur": "A",
        "Lajur": "2",
        "Tanggal_Pelaksanaan": "2024-06-30",
        "Tanggal_Label": "Tahun 2024",
        "Tahun": 2024,
        "Keterangan": "Patching Type 1",
        "KM_Asli_Dari": 747100,
        "KM_Asli_Sampai": 747100,
        "Kategori_Pekerjaan": "Lainnya",
        "Sumber_Data": "Rekap_Lokasi_2023_2025 (1).xlsx",
        "Sumber_Sheet": "2024",
        "Sumber_Baris": 157
      },
      "geometry": null
    },
    {
      "type": "Feature",
      "id": "other-256",
      "properties": {
        "OBJECTID": 200256,
        "rute": "surgem_A",
        "Dari": 747000,
        "Sampai": 747200,
        "Jalur": "A",
        "Lajur": "2",
        "Tanggal_Pelaksanaan": "2024-06-30",
        "Tanggal_Label": "Tahun 2024",
        "Tahun": 2024,
        "Keterangan": "Patching Type 1",
        "KM_Asli_Dari": 747150,
        "KM_Asli_Sampai": 747150,
        "Kategori_Pekerjaan": "Lainnya",
        "Sumber_Data": "Rekap_Lokasi_2023_2025 (1).xlsx",
        "Sumber_Sheet": "2024",
        "Sumber_Baris": 158
      },
      "geometry": null
    },
    {
      "type": "Feature",
      "id": "other-257",
      "properties": {
        "OBJECTID": 200257,
        "rute": "surgem_A",
        "Dari": 748800,
        "Sampai": 749000,
        "Jalur": "A",
        "Lajur": "2",
        "Tanggal_Pelaksanaan": "2024-06-30",
        "Tanggal_Label": "Tahun 2024",
        "Tahun": 2024,
        "Keterangan": "Expansion joint",
        "KM_Asli_Dari": 748900,
        "KM_Asli_Sampai": 748900,
        "Kategori_Pekerjaan": "Lainnya",
        "Sumber_Data": "Rekap_Lokasi_2023_2025 (1).xlsx",
        "Sumber_Sheet": "2024",
        "Sumber_Baris": 160
      },
      "geometry": null
    },
    {
      "type": "Feature",
      "id": "other-258",
      "properties": {
        "OBJECTID": 200258,
        "rute": "surgem_B",
        "Dari": 748800,
        "Sampai": 749000,
        "Jalur": "B",
        "Lajur": "1",
        "Tanggal_Pelaksanaan": "2024-06-30",
        "Tanggal_Label": "Tahun 2024",
        "Tahun": 2024,
        "Keterangan": "Expansion joint",
        "KM_Asli_Dari": 748900,
        "KM_Asli_Sampai": 748900,
        "Kategori_Pekerjaan": "Lainnya",
        "Sumber_Data": "Rekap_Lokasi_2023_2025 (1).xlsx",
        "Sumber_Sheet": "2024",
        "Sumber_Baris": 161
      },
      "geometry": null
    },
    {
      "type": "Feature",
      "id": "other-259",
      "properties": {
        "OBJECTID": 200259,
        "rute": "surgem_B",
        "Dari": 748800,
        "Sampai": 749000,
        "Jalur": "B",
        "Lajur": "1",
        "Tanggal_Pelaksanaan": "2024-06-30",
        "Tanggal_Label": "Tahun 2024",
        "Tahun": 2024,
        "Keterangan": "Expansion joint",
        "KM_Asli_Dari": 748900,
        "KM_Asli_Sampai": 748900,
        "Kategori_Pekerjaan": "Lainnya",
        "Sumber_Data": "Rekap_Lokasi_2023_2025 (1).xlsx",
        "Sumber_Sheet": "2024",
        "Sumber_Baris": 162
      },
      "geometry": null
    },
    {
      "type": "Feature",
      "id": "other-260",
      "properties": {
        "OBJECTID": 200260,
        "rute": "surgem_B",
        "Dari": 748800,
        "Sampai": 749000,
        "Jalur": "B",
        "Lajur": "2",
        "Tanggal_Pelaksanaan": "2024-06-30",
        "Tanggal_Label": "Tahun 2024",
        "Tahun": 2024,
        "Keterangan": "Expansion joint",
        "KM_Asli_Dari": 748900,
        "KM_Asli_Sampai": 748900,
        "Kategori_Pekerjaan": "Lainnya",
        "Sumber_Data": "Rekap_Lokasi_2023_2025 (1).xlsx",
        "Sumber_Sheet": "2024",
        "Sumber_Baris": 163
      },
      "geometry": null
    },
    {
      "type": "Feature",
      "id": "other-261",
      "properties": {
        "OBJECTID": 200261,
        "rute": "surgem_B",
        "Dari": 748800,
        "Sampai": 749000,
        "Jalur": "B",
        "Lajur": "2",
        "Tanggal_Pelaksanaan": "2024-06-30",
        "Tanggal_Label": "Tahun 2024",
        "Tahun": 2024,
        "Keterangan": "Expansion joint",
        "KM_Asli_Dari": 748900,
        "KM_Asli_Sampai": 748900,
        "Kategori_Pekerjaan": "Lainnya",
        "Sumber_Data": "Rekap_Lokasi_2023_2025 (1).xlsx",
        "Sumber_Sheet": "2024",
        "Sumber_Baris": 164
      },
      "geometry": null
    },
    {
      "type": "Feature",
      "id": "other-262",
      "properties": {
        "OBJECTID": 200262,
        "rute": "surgem_B",
        "Dari": 748800,
        "Sampai": 749000,
        "Jalur": "B",
        "Lajur": "2",
        "Tanggal_Pelaksanaan": "2024-06-30",
        "Tanggal_Label": "Tahun 2024",
        "Tahun": 2024,
        "Keterangan": "Expansion joint",
        "KM_Asli_Dari": 748900,
        "KM_Asli_Sampai": 748900,
        "Kategori_Pekerjaan": "Lainnya",
        "Sumber_Data": "Rekap_Lokasi_2023_2025 (1).xlsx",
        "Sumber_Sheet": "2024",
        "Sumber_Baris": 165
      },
      "geometry": null
    },
    {
      "type": "Feature",
      "id": "other-263",
      "properties": {
        "OBJECTID": 200263,
        "rute": "surgem_B",
        "Dari": 748800,
        "Sampai": 749000,
        "Jalur": "B",
        "Lajur": "3",
        "Tanggal_Pelaksanaan": "2024-06-30",
        "Tanggal_Label": "Tahun 2024",
        "Tahun": 2024,
        "Keterangan": "Expansion joint",
        "KM_Asli_Dari": 748900,
        "KM_Asli_Sampai": 748900,
        "Kategori_Pekerjaan": "Lainnya",
        "Sumber_Data": "Rekap_Lokasi_2023_2025 (1).xlsx",
        "Sumber_Sheet": "2024",
        "Sumber_Baris": 166
      },
      "geometry": null
    },
    {
      "type": "Feature",
      "id": "other-264",
      "properties": {
        "OBJECTID": 200264,
        "rute": "surgem_B",
        "Dari": 748800,
        "Sampai": 749000,
        "Jalur": "B",
        "Lajur": "3",
        "Tanggal_Pelaksanaan": "2024-06-30",
        "Tanggal_Label": "Tahun 2024",
        "Tahun": 2024,
        "Keterangan": "Expansion joint",
        "KM_Asli_Dari": 748900,
        "KM_Asli_Sampai": 748900,
        "Kategori_Pekerjaan": "Lainnya",
        "Sumber_Data": "Rekap_Lokasi_2023_2025 (1).xlsx",
        "Sumber_Sheet": "2024",
        "Sumber_Baris": 167
      },
      "geometry": null
    },
    {
      "type": "Feature",
      "id": "other-265",
      "properties": {
        "OBJECTID": 200265,
        "rute": "surgem_A",
        "Dari": 750200,
        "Sampai": 750400,
        "Jalur": "A",
        "Lajur": "2",
        "Tanggal_Pelaksanaan": "2024-06-30",
        "Tanggal_Label": "Tahun 2024",
        "Tahun": 2024,
        "Keterangan": "Patching Type 1",
        "KM_Asli_Dari": 750350,
        "KM_Asli_Sampai": 750350,
        "Kategori_Pekerjaan": "Lainnya",
        "Sumber_Data": "Rekap_Lokasi_2023_2025 (1).xlsx",
        "Sumber_Sheet": "2024",
        "Sumber_Baris": 168
      },
      "geometry": null
    },
    {
      "type": "Feature",
      "id": "other-266",
      "properties": {
        "OBJECTID": 200266,
        "rute": "surgem_B",
        "Dari": 751400,
        "Sampai": 751600,
        "Jalur": "B",
        "Lajur": "1",
        "Tanggal_Pelaksanaan": "2024-06-30",
        "Tanggal_Label": "Tahun 2024",
        "Tahun": 2024,
        "Keterangan": "Patching Type 1",
        "KM_Asli_Dari": 751450,
        "KM_Asli_Sampai": 751450,
        "Kategori_Pekerjaan": "Lainnya",
        "Sumber_Data": "Rekap_Lokasi_2023_2025 (1).xlsx",
        "Sumber_Sheet": "2024",
        "Sumber_Baris": 169
      },
      "geometry": null
    },
    {
      "type": "Feature",
      "id": "other-267",
      "properties": {
        "OBJECTID": 200267,
        "rute": "surgem_B",
        "Dari": 751400,
        "Sampai": 751600,
        "Jalur": "B",
        "Lajur": "1",
        "Tanggal_Pelaksanaan": "2024-06-30",
        "Tanggal_Label": "Tahun 2024",
        "Tahun": 2024,
        "Keterangan": "Patching Type 1",
        "KM_Asli_Dari": 751450,
        "KM_Asli_Sampai": 751450,
        "Kategori_Pekerjaan": "Lainnya",
        "Sumber_Data": "Rekap_Lokasi_2023_2025 (1).xlsx",
        "Sumber_Sheet": "2024",
        "Sumber_Baris": 170
      },
      "geometry": null
    },
    {
      "type": "Feature",
      "id": "other-268",
      "properties": {
        "OBJECTID": 200268,
        "rute": "surgem_A",
        "Dari": 752400,
        "Sampai": 752600,
        "Jalur": "A",
        "Lajur": "2",
        "Tanggal_Pelaksanaan": "2024-06-30",
        "Tanggal_Label": "Tahun 2024",
        "Tahun": 2024,
        "Keterangan": "Patching Type 1",
        "KM_Asli_Dari": 752400,
        "KM_Asli_Sampai": 752400,
        "Kategori_Pekerjaan": "Lainnya",
        "Sumber_Data": "Rekap_Lokasi_2023_2025 (1).xlsx",
        "Sumber_Sheet": "2024",
        "Sumber_Baris": 171
      },
      "geometry": null
    },
    {
      "type": "Feature",
      "id": "other-269",
      "properties": {
        "OBJECTID": 200269,
        "rute": "surgem_B",
        "Dari": 752400,
        "Sampai": 752600,
        "Jalur": "B",
        "Lajur": "3",
        "Tanggal_Pelaksanaan": "2024-06-30",
        "Tanggal_Label": "Tahun 2024",
        "Tahun": 2024,
        "Keterangan": "Patching Type 1",
        "KM_Asli_Dari": 752430,
        "KM_Asli_Sampai": 752430,
        "Kategori_Pekerjaan": "Lainnya",
        "Sumber_Data": "Rekap_Lokasi_2023_2025 (1).xlsx",
        "Sumber_Sheet": "2024",
        "Sumber_Baris": 172
      },
      "geometry": null
    },
    {
      "type": "Feature",
      "id": "other-270",
      "properties": {
        "OBJECTID": 200270,
        "rute": "surgem_B",
        "Dari": 752400,
        "Sampai": 752600,
        "Jalur": "B",
        "Lajur": "3",
        "Tanggal_Pelaksanaan": "2024-06-30",
        "Tanggal_Label": "Tahun 2024",
        "Tahun": 2024,
        "Keterangan": "Patching Type 1",
        "KM_Asli_Dari": 752450,
        "KM_Asli_Sampai": 752450,
        "Kategori_Pekerjaan": "Lainnya",
        "Sumber_Data": "Rekap_Lokasi_2023_2025 (1).xlsx",
        "Sumber_Sheet": "2024",
        "Sumber_Baris": 173
      },
      "geometry": null
    },
    {
      "type": "Feature",
      "id": "other-271",
      "properties": {
        "OBJECTID": 200271,
        "rute": "surgem_B",
        "Dari": 753400,
        "Sampai": 753600,
        "Jalur": "B",
        "Lajur": "3",
        "Tanggal_Pelaksanaan": "2024-06-30",
        "Tanggal_Label": "Tahun 2024",
        "Tahun": 2024,
        "Keterangan": "Patching Type 1",
        "KM_Asli_Dari": 753580,
        "KM_Asli_Sampai": 753580,
        "Kategori_Pekerjaan": "Lainnya",
        "Sumber_Data": "Rekap_Lokasi_2023_2025 (1).xlsx",
        "Sumber_Sheet": "2024",
        "Sumber_Baris": 174
      },
      "geometry": null
    },
    {
      "type": "Feature",
      "id": "other-272",
      "properties": {
        "OBJECTID": 200272,
        "rute": "surgem_A",
        "Dari": 753600,
        "Sampai": 753800,
        "Jalur": "A",
        "Lajur": "2",
        "Tanggal_Pelaksanaan": "2024-06-30",
        "Tanggal_Label": "Tahun 2024",
        "Tahun": 2024,
        "Keterangan": "Patching Type 1",
        "KM_Asli_Dari": 753650,
        "KM_Asli_Sampai": 753650,
        "Kategori_Pekerjaan": "Lainnya",
        "Sumber_Data": "Rekap_Lokasi_2023_2025 (1).xlsx",
        "Sumber_Sheet": "2024",
        "Sumber_Baris": 175
      },
      "geometry": null
    },
    {
      "type": "Feature",
      "id": "other-273",
      "properties": {
        "OBJECTID": 200273,
        "rute": "surgem_A",
        "Dari": 753600,
        "Sampai": 753800,
        "Jalur": "A",
        "Lajur": "3",
        "Tanggal_Pelaksanaan": "2024-06-30",
        "Tanggal_Label": "Tahun 2024",
        "Tahun": 2024,
        "Keterangan": "Patching Type 1",
        "KM_Asli_Dari": 753650,
        "KM_Asli_Sampai": 753650,
        "Kategori_Pekerjaan": "Lainnya",
        "Sumber_Data": "Rekap_Lokasi_2023_2025 (1).xlsx",
        "Sumber_Sheet": "2024",
        "Sumber_Baris": 176
      },
      "geometry": null
    },
    {
      "type": "Feature",
      "id": "other-274",
      "properties": {
        "OBJECTID": 200274,
        "rute": "surgem_B",
        "Dari": 756000,
        "Sampai": 756200,
        "Jalur": "B",
        "Lajur": "3",
        "Tanggal_Pelaksanaan": "2024-06-30",
        "Tanggal_Label": "Tahun 2024",
        "Tahun": 2024,
        "Keterangan": "Patching Type 1",
        "KM_Asli_Dari": 756130,
        "KM_Asli_Sampai": 756130,
        "Kategori_Pekerjaan": "Lainnya",
        "Sumber_Data": "Rekap_Lokasi_2023_2025 (1).xlsx",
        "Sumber_Sheet": "2024",
        "Sumber_Baris": 177
      },
      "geometry": null
    },
    {
      "type": "Feature",
      "id": "other-275",
      "properties": {
        "OBJECTID": 200275,
        "rute": "surgem_B",
        "Dari": 756000,
        "Sampai": 756200,
        "Jalur": "B",
        "Lajur": "2",
        "Tanggal_Pelaksanaan": "2024-06-30",
        "Tanggal_Label": "Tahun 2024",
        "Tahun": 2024,
        "Keterangan": "Patching Type 1",
        "KM_Asli_Dari": 756150,
        "KM_Asli_Sampai": 756150,
        "Kategori_Pekerjaan": "Lainnya",
        "Sumber_Data": "Rekap_Lokasi_2023_2025 (1).xlsx",
        "Sumber_Sheet": "2024",
        "Sumber_Baris": 178
      },
      "geometry": null
    },
    {
      "type": "Feature",
      "id": "other-276",
      "properties": {
        "OBJECTID": 200276,
        "rute": "surgem_B",
        "Dari": 756000,
        "Sampai": 756200,
        "Jalur": "B",
        "Lajur": "2",
        "Tanggal_Pelaksanaan": "2024-06-30",
        "Tanggal_Label": "Tahun 2024",
        "Tahun": 2024,
        "Keterangan": "Patching Type 1",
        "KM_Asli_Dari": 756150,
        "KM_Asli_Sampai": 756150,
        "Kategori_Pekerjaan": "Lainnya",
        "Sumber_Data": "Rekap_Lokasi_2023_2025 (1).xlsx",
        "Sumber_Sheet": "2024",
        "Sumber_Baris": 179
      },
      "geometry": null
    },
    {
      "type": "Feature",
      "id": "other-277",
      "properties": {
        "OBJECTID": 200277,
        "rute": "surgem_B",
        "Dari": 756200,
        "Sampai": 756400,
        "Jalur": "B",
        "Lajur": "2",
        "Tanggal_Pelaksanaan": "2024-06-30",
        "Tanggal_Label": "Tahun 2024",
        "Tahun": 2024,
        "Keterangan": "Patching Type 1",
        "KM_Asli_Dari": 756250,
        "KM_Asli_Sampai": 756250,
        "Kategori_Pekerjaan": "Lainnya",
        "Sumber_Data": "Rekap_Lokasi_2023_2025 (1).xlsx",
        "Sumber_Sheet": "2024",
        "Sumber_Baris": 180
      },
      "geometry": null
    },
    {
      "type": "Feature",
      "id": "other-278",
      "properties": {
        "OBJECTID": 200278,
        "rute": "surgem_A",
        "Dari": 756200,
        "Sampai": 756400,
        "Jalur": "A",
        "Lajur": "2",
        "Tanggal_Pelaksanaan": "2024-06-30",
        "Tanggal_Label": "Tahun 2024",
        "Tahun": 2024,
        "Keterangan": "Patching Type 1",
        "KM_Asli_Dari": 756315,
        "KM_Asli_Sampai": 756315,
        "Kategori_Pekerjaan": "Lainnya",
        "Sumber_Data": "Rekap_Lokasi_2023_2025 (1).xlsx",
        "Sumber_Sheet": "2024",
        "Sumber_Baris": 181
      },
      "geometry": null
    },
    {
      "type": "Feature",
      "id": "other-279",
      "properties": {
        "OBJECTID": 200279,
        "rute": "surgem_A",
        "Dari": 757400,
        "Sampai": 757600,
        "Jalur": "A",
        "Lajur": "2",
        "Tanggal_Pelaksanaan": "2024-06-30",
        "Tanggal_Label": "Tahun 2024",
        "Tahun": 2024,
        "Keterangan": "Patching Type 1",
        "KM_Asli_Dari": 757430,
        "KM_Asli_Sampai": 757430,
        "Kategori_Pekerjaan": "Lainnya",
        "Sumber_Data": "Rekap_Lokasi_2023_2025 (1).xlsx",
        "Sumber_Sheet": "2024",
        "Sumber_Baris": 182
      },
      "geometry": null
    },
    {
      "type": "Feature",
      "id": "other-280",
      "properties": {
        "OBJECTID": 200280,
        "rute": "surgem_A",
        "Dari": 757400,
        "Sampai": 757600,
        "Jalur": "A",
        "Lajur": "3",
        "Tanggal_Pelaksanaan": "2024-06-30",
        "Tanggal_Label": "Tahun 2024",
        "Tahun": 2024,
        "Keterangan": "Patching Type 1",
        "KM_Asli_Dari": 757430,
        "KM_Asli_Sampai": 757430,
        "Kategori_Pekerjaan": "Lainnya",
        "Sumber_Data": "Rekap_Lokasi_2023_2025 (1).xlsx",
        "Sumber_Sheet": "2024",
        "Sumber_Baris": 183
      },
      "geometry": null
    },
    {
      "type": "Feature",
      "id": "other-281",
      "properties": {
        "OBJECTID": 200281,
        "rute": "surgem_B",
        "Dari": 758000,
        "Sampai": 758200,
        "Jalur": "B",
        "Lajur": "2",
        "Tanggal_Pelaksanaan": "2024-06-30",
        "Tanggal_Label": "Tahun 2024",
        "Tahun": 2024,
        "Keterangan": "Patching Type 1",
        "KM_Asli_Dari": 758150,
        "KM_Asli_Sampai": 758150,
        "Kategori_Pekerjaan": "Lainnya",
        "Sumber_Data": "Rekap_Lokasi_2023_2025 (1).xlsx",
        "Sumber_Sheet": "2024",
        "Sumber_Baris": 184
      },
      "geometry": null
    },
    {
      "type": "Feature",
      "id": "other-282",
      "properties": {
        "OBJECTID": 200282,
        "rute": "surgem_B",
        "Dari": 758200,
        "Sampai": 758400,
        "Jalur": "B",
        "Lajur": "2",
        "Tanggal_Pelaksanaan": "2024-06-30",
        "Tanggal_Label": "Tahun 2024",
        "Tahun": 2024,
        "Keterangan": "Patching Type 1",
        "KM_Asli_Dari": 758300,
        "KM_Asli_Sampai": 758300,
        "Kategori_Pekerjaan": "Lainnya",
        "Sumber_Data": "Rekap_Lokasi_2023_2025 (1).xlsx",
        "Sumber_Sheet": "2024",
        "Sumber_Baris": 185
      },
      "geometry": null
    },
    {
      "type": "Feature",
      "id": "other-283",
      "properties": {
        "OBJECTID": 200283,
        "rute": "surgem_B",
        "Dari": 758200,
        "Sampai": 758400,
        "Jalur": "B",
        "Lajur": "2",
        "Tanggal_Pelaksanaan": "2024-06-30",
        "Tanggal_Label": "Tahun 2024",
        "Tahun": 2024,
        "Keterangan": "Patching Type 1",
        "KM_Asli_Dari": 758300,
        "KM_Asli_Sampai": 758300,
        "Kategori_Pekerjaan": "Lainnya",
        "Sumber_Data": "Rekap_Lokasi_2023_2025 (1).xlsx",
        "Sumber_Sheet": "2024",
        "Sumber_Baris": 186
      },
      "geometry": null
    },
    {
      "type": "Feature",
      "id": "other-284",
      "properties": {
        "OBJECTID": 200284,
        "rute": "surgem_B",
        "Dari": 758200,
        "Sampai": 758400,
        "Jalur": "B",
        "Lajur": "2",
        "Tanggal_Pelaksanaan": "2024-06-30",
        "Tanggal_Label": "Tahun 2024",
        "Tahun": 2024,
        "Keterangan": "Patching Type 1",
        "KM_Asli_Dari": 758300,
        "KM_Asli_Sampai": 758300,
        "Kategori_Pekerjaan": "Lainnya",
        "Sumber_Data": "Rekap_Lokasi_2023_2025 (1).xlsx",
        "Sumber_Sheet": "2024",
        "Sumber_Baris": 187
      },
      "geometry": null
    },
    {
      "type": "Feature",
      "id": "other-285",
      "properties": {
        "OBJECTID": 200285,
        "rute": "surgem_B",
        "Dari": 758200,
        "Sampai": 758400,
        "Jalur": "B",
        "Lajur": "2",
        "Tanggal_Pelaksanaan": "2024-06-30",
        "Tanggal_Label": "Tahun 2024",
        "Tahun": 2024,
        "Keterangan": "Patching Type 1",
        "KM_Asli_Dari": 758300,
        "KM_Asli_Sampai": 758300,
        "Kategori_Pekerjaan": "Lainnya",
        "Sumber_Data": "Rekap_Lokasi_2023_2025 (1).xlsx",
        "Sumber_Sheet": "2024",
        "Sumber_Baris": 188
      },
      "geometry": null
    },
    {
      "type": "Feature",
      "id": "other-286",
      "properties": {
        "OBJECTID": 200286,
        "rute": "surgem_A",
        "Dari": 759400,
        "Sampai": 759600,
        "Jalur": "A",
        "Lajur": "2",
        "Tanggal_Pelaksanaan": "2024-06-30",
        "Tanggal_Label": "Tahun 2024",
        "Tahun": 2024,
        "Keterangan": "Patching Type 1",
        "KM_Asli_Dari": 759400,
        "KM_Asli_Sampai": 759400,
        "Kategori_Pekerjaan": "Lainnya",
        "Sumber_Data": "Rekap_Lokasi_2023_2025 (1).xlsx",
        "Sumber_Sheet": "2024",
        "Sumber_Baris": 189
      },
      "geometry": null
    },
    {
      "type": "Feature",
      "id": "other-287",
      "properties": {
        "OBJECTID": 200287,
        "rute": "surgem_A",
        "Dari": 760600,
        "Sampai": 760800,
        "Jalur": "A",
        "Lajur": "3",
        "Tanggal_Pelaksanaan": "2024-06-30",
        "Tanggal_Label": "Tahun 2024",
        "Tahun": 2024,
        "Keterangan": "Patching Type 1",
        "KM_Asli_Dari": 760750,
        "KM_Asli_Sampai": 760750,
        "Kategori_Pekerjaan": "Lainnya",
        "Sumber_Data": "Rekap_Lokasi_2023_2025 (1).xlsx",
        "Sumber_Sheet": "2024",
        "Sumber_Baris": 190
      },
      "geometry": null
    },
    {
      "type": "Feature",
      "id": "other-288",
      "properties": {
        "OBJECTID": 200288,
        "rute": "surgem_A",
        "Dari": 761800,
        "Sampai": 762000,
        "Jalur": "A",
        "Lajur": "2",
        "Tanggal_Pelaksanaan": "2024-06-30",
        "Tanggal_Label": "Tahun 2024",
        "Tahun": 2024,
        "Keterangan": "Patching Type 1",
        "KM_Asli_Dari": 761850,
        "KM_Asli_Sampai": 761850,
        "Kategori_Pekerjaan": "Lainnya",
        "Sumber_Data": "Rekap_Lokasi_2023_2025 (1).xlsx",
        "Sumber_Sheet": "2024",
        "Sumber_Baris": 191
      },
      "geometry": null
    },
    {
      "type": "Feature",
      "id": "other-289",
      "properties": {
        "OBJECTID": 200289,
        "rute": "surgem_B",
        "Dari": 765600,
        "Sampai": 765800,
        "Jalur": "B",
        "Lajur": "1",
        "Tanggal_Pelaksanaan": "2024-06-30",
        "Tanggal_Label": "Tahun 2024",
        "Tahun": 2024,
        "Keterangan": "Patching Type 1",
        "KM_Asli_Dari": 765650,
        "KM_Asli_Sampai": 765650,
        "Kategori_Pekerjaan": "Lainnya",
        "Sumber_Data": "Rekap_Lokasi_2023_2025 (1).xlsx",
        "Sumber_Sheet": "2024",
        "Sumber_Baris": 193
      },
      "geometry": null
    },
    {
      "type": "Feature",
      "id": "other-290",
      "properties": {
        "OBJECTID": 200290,
        "rute": "surgem_B",
        "Dari": 765600,
        "Sampai": 765800,
        "Jalur": "B",
        "Lajur": "1",
        "Tanggal_Pelaksanaan": "2024-06-30",
        "Tanggal_Label": "Tahun 2024",
        "Tahun": 2024,
        "Keterangan": "Patching Type 1",
        "KM_Asli_Dari": 765650,
        "KM_Asli_Sampai": 765650,
        "Kategori_Pekerjaan": "Lainnya",
        "Sumber_Data": "Rekap_Lokasi_2023_2025 (1).xlsx",
        "Sumber_Sheet": "2024",
        "Sumber_Baris": 194
      },
      "geometry": null
    },
    {
      "type": "Feature",
      "id": "other-291",
      "properties": {
        "OBJECTID": 200291,
        "rute": "surgem_B",
        "Dari": 765600,
        "Sampai": 765800,
        "Jalur": "B",
        "Lajur": "1",
        "Tanggal_Pelaksanaan": "2024-06-30",
        "Tanggal_Label": "Tahun 2024",
        "Tahun": 2024,
        "Keterangan": "Patching Type 1",
        "KM_Asli_Dari": 765651,
        "KM_Asli_Sampai": 765651,
        "Kategori_Pekerjaan": "Lainnya",
        "Sumber_Data": "Rekap_Lokasi_2023_2025 (1).xlsx",
        "Sumber_Sheet": "2024",
        "Sumber_Baris": 195
      },
      "geometry": null
    },
    {
      "type": "Feature",
      "id": "other-292",
      "properties": {
        "OBJECTID": 200292,
        "rute": "surgem_A",
        "Dari": 766000,
        "Sampai": 766200,
        "Jalur": "A",
        "Lajur": "1",
        "Tanggal_Pelaksanaan": "2024-06-30",
        "Tanggal_Label": "Tahun 2024",
        "Tahun": 2024,
        "Keterangan": "Patching Type 1",
        "KM_Asli_Dari": 766000,
        "KM_Asli_Sampai": 766000,
        "Kategori_Pekerjaan": "Lainnya",
        "Sumber_Data": "Rekap_Lokasi_2023_2025 (1).xlsx",
        "Sumber_Sheet": "2024",
        "Sumber_Baris": 196
      },
      "geometry": null
    },
    {
      "type": "Feature",
      "id": "other-293",
      "properties": {
        "OBJECTID": 200293,
        "rute": "surgem_A",
        "Dari": 766000,
        "Sampai": 766200,
        "Jalur": "A",
        "Lajur": "1",
        "Tanggal_Pelaksanaan": "2024-06-30",
        "Tanggal_Label": "Tahun 2024",
        "Tahun": 2024,
        "Keterangan": "Patching Type 1",
        "KM_Asli_Dari": 766100,
        "KM_Asli_Sampai": 766100,
        "Kategori_Pekerjaan": "Lainnya",
        "Sumber_Data": "Rekap_Lokasi_2023_2025 (1).xlsx",
        "Sumber_Sheet": "2024",
        "Sumber_Baris": 197
      },
      "geometry": null
    },
    {
      "type": "Feature",
      "id": "other-294",
      "properties": {
        "OBJECTID": 200294,
        "rute": "surgem_B",
        "Dari": 768000,
        "Sampai": 768200,
        "Jalur": "B",
        "Lajur": "3",
        "Tanggal_Pelaksanaan": "2024-06-30",
        "Tanggal_Label": "Tahun 2024",
        "Tahun": 2024,
        "Keterangan": "Patching Type 1",
        "KM_Asli_Dari": 768040,
        "KM_Asli_Sampai": 768040,
        "Kategori_Pekerjaan": "Lainnya",
        "Sumber_Data": "Rekap_Lokasi_2023_2025 (1).xlsx",
        "Sumber_Sheet": "2024",
        "Sumber_Baris": 198
      },
      "geometry": null
    },
    {
      "type": "Feature",
      "id": "other-295",
      "properties": {
        "OBJECTID": 200295,
        "rute": "surgem_B",
        "Dari": 768200,
        "Sampai": 768400,
        "Jalur": "B",
        "Lajur": "2",
        "Tanggal_Pelaksanaan": "2024-06-30",
        "Tanggal_Label": "Tahun 2024",
        "Tahun": 2024,
        "Keterangan": "Patching Type 1",
        "KM_Asli_Dari": 768380,
        "KM_Asli_Sampai": 768380,
        "Kategori_Pekerjaan": "Lainnya",
        "Sumber_Data": "Rekap_Lokasi_2023_2025 (1).xlsx",
        "Sumber_Sheet": "2024",
        "Sumber_Baris": 200
      },
      "geometry": null
    },
    {
      "type": "Feature",
      "id": "other-296",
      "properties": {
        "OBJECTID": 200296,
        "rute": "surgem_B",
        "Dari": 768200,
        "Sampai": 768400,
        "Jalur": "B",
        "Lajur": "3",
        "Tanggal_Pelaksanaan": "2024-06-30",
        "Tanggal_Label": "Tahun 2024",
        "Tahun": 2024,
        "Keterangan": "Patching Type 1",
        "KM_Asli_Dari": 768380,
        "KM_Asli_Sampai": 768380,
        "Kategori_Pekerjaan": "Lainnya",
        "Sumber_Data": "Rekap_Lokasi_2023_2025 (1).xlsx",
        "Sumber_Sheet": "2024",
        "Sumber_Baris": 201
      },
      "geometry": null
    },
    {
      "type": "Feature",
      "id": "other-297",
      "properties": {
        "OBJECTID": 200297,
        "rute": "surgem_B",
        "Dari": 768400,
        "Sampai": 768600,
        "Jalur": "B",
        "Lajur": "2",
        "Tanggal_Pelaksanaan": "2024-06-30",
        "Tanggal_Label": "Tahun 2024",
        "Tahun": 2024,
        "Keterangan": "Patching Type 1",
        "KM_Asli_Dari": 768405,
        "KM_Asli_Sampai": 768405,
        "Kategori_Pekerjaan": "Lainnya",
        "Sumber_Data": "Rekap_Lokasi_2023_2025 (1).xlsx",
        "Sumber_Sheet": "2024",
        "Sumber_Baris": 203
      },
      "geometry": null
    },
    {
      "type": "Feature",
      "id": "other-298",
      "properties": {
        "OBJECTID": 200298,
        "rute": "surgem_B",
        "Dari": 768400,
        "Sampai": 768600,
        "Jalur": "B",
        "Lajur": "3",
        "Tanggal_Pelaksanaan": "2024-06-30",
        "Tanggal_Label": "Tahun 2024",
        "Tahun": 2024,
        "Keterangan": "Patching Type 1",
        "KM_Asli_Dari": 768405,
        "KM_Asli_Sampai": 768405,
        "Kategori_Pekerjaan": "Lainnya",
        "Sumber_Data": "Rekap_Lokasi_2023_2025 (1).xlsx",
        "Sumber_Sheet": "2024",
        "Sumber_Baris": 204
      },
      "geometry": null
    },
    {
      "type": "Feature",
      "id": "other-299",
      "properties": {
        "OBJECTID": 200299,
        "rute": "surgem_A",
        "Dari": 769400,
        "Sampai": 769600,
        "Jalur": "A",
        "Lajur": "1",
        "Tanggal_Pelaksanaan": "2024-06-30",
        "Tanggal_Label": "Tahun 2024",
        "Tahun": 2024,
        "Keterangan": "Patching Type 1",
        "KM_Asli_Dari": 769585,
        "KM_Asli_Sampai": 769585,
        "Kategori_Pekerjaan": "Lainnya",
        "Sumber_Data": "Rekap_Lokasi_2023_2025 (1).xlsx",
        "Sumber_Sheet": "2024",
        "Sumber_Baris": 205
      },
      "geometry": null
    },
    {
      "type": "Feature",
      "id": "other-300",
      "properties": {
        "OBJECTID": 200300,
        "rute": "surgem_B",
        "Dari": 769600,
        "Sampai": 769800,
        "Jalur": "B",
        "Lajur": "2",
        "Tanggal_Pelaksanaan": "2024-06-30",
        "Tanggal_Label": "Tahun 2024",
        "Tahun": 2024,
        "Keterangan": "Patching Type 1",
        "KM_Asli_Dari": 769600,
        "KM_Asli_Sampai": 769600,
        "Kategori_Pekerjaan": "Lainnya",
        "Sumber_Data": "Rekap_Lokasi_2023_2025 (1).xlsx",
        "Sumber_Sheet": "2024",
        "Sumber_Baris": 206
      },
      "geometry": null
    },
    {
      "type": "Feature",
      "id": "other-301",
      "properties": {
        "OBJECTID": 200301,
        "rute": "surgem_A",
        "Dari": 771600,
        "Sampai": 771800,
        "Jalur": "A",
        "Lajur": "1",
        "Tanggal_Pelaksanaan": "2024-06-30",
        "Tanggal_Label": "Tahun 2024",
        "Tahun": 2024,
        "Keterangan": "Patching Type 1",
        "KM_Asli_Dari": 771600,
        "KM_Asli_Sampai": 771600,
        "Kategori_Pekerjaan": "Lainnya",
        "Sumber_Data": "Rekap_Lokasi_2023_2025 (1).xlsx",
        "Sumber_Sheet": "2024",
        "Sumber_Baris": 207
      },
      "geometry": null
    },
    {
      "type": "Feature",
      "id": "other-302",
      "properties": {
        "OBJECTID": 200302,
        "rute": "surgem_A",
        "Dari": 771600,
        "Sampai": 771800,
        "Jalur": "A",
        "Lajur": "2",
        "Tanggal_Pelaksanaan": "2024-06-30",
        "Tanggal_Label": "Tahun 2024",
        "Tahun": 2024,
        "Keterangan": "Patching Type 1",
        "KM_Asli_Dari": 771600,
        "KM_Asli_Sampai": 771600,
        "Kategori_Pekerjaan": "Lainnya",
        "Sumber_Data": "Rekap_Lokasi_2023_2025 (1).xlsx",
        "Sumber_Sheet": "2024",
        "Sumber_Baris": 208
      },
      "geometry": null
    },
    {
      "type": "Feature",
      "id": "other-303",
      "properties": {
        "OBJECTID": 200303,
        "rute": "surgem_A",
        "Dari": 762800,
        "Sampai": 763000,
        "Jalur": "A",
        "Lajur": "2",
        "Tanggal_Pelaksanaan": "2025-06-30",
        "Tanggal_Label": "Tahun 2025",
        "Tahun": 2025,
        "Keterangan": "Overlay",
        "KM_Asli_Dari": 762900,
        "KM_Asli_Sampai": 762930,
        "Kategori_Pekerjaan": "Lainnya",
        "Sumber_Data": "Rekap_Lokasi_2023_2025 (1).xlsx",
        "Sumber_Sheet": "2025",
        "Sumber_Baris": 8
      },
      "geometry": null
    },
    {
      "type": "Feature",
      "id": "other-304",
      "properties": {
        "OBJECTID": 200304,
        "rute": "surgem_A",
        "Dari": 762800,
        "Sampai": 763000,
        "Jalur": "A",
        "Lajur": "3",
        "Tanggal_Pelaksanaan": "2025-06-30",
        "Tanggal_Label": "Tahun 2025",
        "Tahun": 2025,
        "Keterangan": "Overlay",
        "KM_Asli_Dari": 762900,
        "KM_Asli_Sampai": 763000,
        "Kategori_Pekerjaan": "Lainnya",
        "Sumber_Data": "Rekap_Lokasi_2023_2025 (1).xlsx",
        "Sumber_Sheet": "2025",
        "Sumber_Baris": 9
      },
      "geometry": null
    },
    {
      "type": "Feature",
      "id": "other-305",
      "properties": {
        "OBJECTID": 200305,
        "rute": "surgem_A",
        "Dari": 762800,
        "Sampai": 763000,
        "Jalur": "A",
        "Lajur": "2",
        "Tanggal_Pelaksanaan": "2025-06-30",
        "Tanggal_Label": "Tahun 2025",
        "Tahun": 2025,
        "Keterangan": "Overlay",
        "KM_Asli_Dari": 762930,
        "KM_Asli_Sampai": 763000,
        "Kategori_Pekerjaan": "Lainnya",
        "Sumber_Data": "Rekap_Lokasi_2023_2025 (1).xlsx",
        "Sumber_Sheet": "2025",
        "Sumber_Baris": 10
      },
      "geometry": null
    },
    {
      "type": "Feature",
      "id": "other-306",
      "properties": {
        "OBJECTID": 200306,
        "rute": "surgem_A",
        "Dari": 763000,
        "Sampai": 763200,
        "Jalur": "A",
        "Lajur": "2",
        "Tanggal_Pelaksanaan": "2025-06-30",
        "Tanggal_Label": "Tahun 2025",
        "Tahun": 2025,
        "Keterangan": "Overlay",
        "KM_Asli_Dari": 763000,
        "KM_Asli_Sampai": 763055,
        "Kategori_Pekerjaan": "Lainnya",
        "Sumber_Data": "Rekap_Lokasi_2023_2025 (1).xlsx",
        "Sumber_Sheet": "2025",
        "Sumber_Baris": 11
      },
      "geometry": null
    },
    {
      "type": "Feature",
      "id": "other-307",
      "properties": {
        "OBJECTID": 200307,
        "rute": "surgem_A",
        "Dari": 763000,
        "Sampai": 763200,
        "Jalur": "A",
        "Lajur": "3",
        "Tanggal_Pelaksanaan": "2025-06-30",
        "Tanggal_Label": "Tahun 2025",
        "Tahun": 2025,
        "Keterangan": "Overlay",
        "KM_Asli_Dari": 763000,
        "KM_Asli_Sampai": 763110,
        "Kategori_Pekerjaan": "Lainnya",
        "Sumber_Data": "Rekap_Lokasi_2023_2025 (1).xlsx",
        "Sumber_Sheet": "2025",
        "Sumber_Baris": 12
      },
      "geometry": null
    },
    {
      "type": "Feature",
      "id": "other-308",
      "properties": {
        "OBJECTID": 200308,
        "rute": "surgem_A",
        "Dari": 763000,
        "Sampai": 763200,
        "Jalur": "A",
        "Lajur": "2",
        "Tanggal_Pelaksanaan": "2025-06-30",
        "Tanggal_Label": "Tahun 2025",
        "Tahun": 2025,
        "Keterangan": "Overlay",
        "KM_Asli_Dari": 763055,
        "KM_Asli_Sampai": 763110,
        "Kategori_Pekerjaan": "Lainnya",
        "Sumber_Data": "Rekap_Lokasi_2023_2025 (1).xlsx",
        "Sumber_Sheet": "2025",
        "Sumber_Baris": 13
      },
      "geometry": null
    },
    {
      "type": "Feature",
      "id": "other-309",
      "properties": {
        "OBJECTID": 200309,
        "rute": "surgem_B",
        "Dari": 769400,
        "Sampai": 769600,
        "Jalur": "B",
        "Lajur": "1",
        "Tanggal_Pelaksanaan": "2025-06-30",
        "Tanggal_Label": "Tahun 2025",
        "Tahun": 2025,
        "Keterangan": "Overlay",
        "KM_Asli_Dari": 769470,
        "KM_Asli_Sampai": 769550,
        "Kategori_Pekerjaan": "Lainnya",
        "Sumber_Data": "Rekap_Lokasi_2023_2025 (1).xlsx",
        "Sumber_Sheet": "2025",
        "Sumber_Baris": 14
      },
      "geometry": null
    },
    {
      "type": "Feature",
      "id": "other-310",
      "properties": {
        "OBJECTID": 200310,
        "rute": "surgem_B",
        "Dari": 769400,
        "Sampai": 769600,
        "Jalur": "B",
        "Lajur": "2",
        "Tanggal_Pelaksanaan": "2025-06-30",
        "Tanggal_Label": "Tahun 2025",
        "Tahun": 2025,
        "Keterangan": "Overlay",
        "KM_Asli_Dari": 769470,
        "KM_Asli_Sampai": 769550,
        "Kategori_Pekerjaan": "Lainnya",
        "Sumber_Data": "Rekap_Lokasi_2023_2025 (1).xlsx",
        "Sumber_Sheet": "2025",
        "Sumber_Baris": 15
      },
      "geometry": null
    },
    {
      "type": "Feature",
      "id": "other-311",
      "properties": {
        "OBJECTID": 200311,
        "rute": "surgem_A",
        "Dari": 1600,
        "Sampai": 1800,
        "Jalur": "A",
        "Lajur": "1",
        "Tanggal_Pelaksanaan": "2025-06-30",
        "Tanggal_Label": "Tahun 2025",
        "Tahun": 2025,
        "Keterangan": "Expansion joint",
        "KM_Asli_Dari": 1600,
        "KM_Asli_Sampai": 1600,
        "Kategori_Pekerjaan": "Lainnya",
        "Sumber_Data": "Rekap_Lokasi_2023_2025 (1).xlsx",
        "Sumber_Sheet": "Lokasi 25",
        "Sumber_Baris": 4
      },
      "geometry": null
    },
    {
      "type": "Feature",
      "id": "other-312",
      "properties": {
        "OBJECTID": 200312,
        "rute": "surgem_A",
        "Dari": 1600,
        "Sampai": 1800,
        "Jalur": "A",
        "Lajur": "1",
        "Tanggal_Pelaksanaan": "2025-06-30",
        "Tanggal_Label": "Tahun 2025",
        "Tahun": 2025,
        "Keterangan": "Expansion joint",
        "KM_Asli_Dari": 1600,
        "KM_Asli_Sampai": 1600,
        "Kategori_Pekerjaan": "Lainnya",
        "Sumber_Data": "Rekap_Lokasi_2023_2025 (1).xlsx",
        "Sumber_Sheet": "Lokasi 25",
        "Sumber_Baris": 5
      },
      "geometry": null
    },
    {
      "type": "Feature",
      "id": "other-313",
      "properties": {
        "OBJECTID": 200313,
        "rute": "surgem_A",
        "Dari": 1600,
        "Sampai": 1800,
        "Jalur": "A",
        "Lajur": "2",
        "Tanggal_Pelaksanaan": "2025-06-30",
        "Tanggal_Label": "Tahun 2025",
        "Tahun": 2025,
        "Keterangan": "Expansion joint",
        "KM_Asli_Dari": 1600,
        "KM_Asli_Sampai": 1600,
        "Kategori_Pekerjaan": "Lainnya",
        "Sumber_Data": "Rekap_Lokasi_2023_2025 (1).xlsx",
        "Sumber_Sheet": "Lokasi 25",
        "Sumber_Baris": 6
      },
      "geometry": null
    },
    {
      "type": "Feature",
      "id": "other-314",
      "properties": {
        "OBJECTID": 200314,
        "rute": "surgem_A",
        "Dari": 1600,
        "Sampai": 1800,
        "Jalur": "A",
        "Lajur": "1",
        "Tanggal_Pelaksanaan": "2025-06-30",
        "Tanggal_Label": "Tahun 2025",
        "Tahun": 2025,
        "Keterangan": "Expansion joint",
        "KM_Asli_Dari": 1650,
        "KM_Asli_Sampai": 1650,
        "Kategori_Pekerjaan": "Lainnya",
        "Sumber_Data": "Rekap_Lokasi_2023_2025 (1).xlsx",
        "Sumber_Sheet": "Lokasi 25",
        "Sumber_Baris": 7
      },
      "geometry": null
    },
    {
      "type": "Feature",
      "id": "other-315",
      "properties": {
        "OBJECTID": 200315,
        "rute": "surgem_A",
        "Dari": 1600,
        "Sampai": 1800,
        "Jalur": "A",
        "Lajur": "2",
        "Tanggal_Pelaksanaan": "2025-06-30",
        "Tanggal_Label": "Tahun 2025",
        "Tahun": 2025,
        "Keterangan": "Expansion joint",
        "KM_Asli_Dari": 1650,
        "KM_Asli_Sampai": 1650,
        "Kategori_Pekerjaan": "Lainnya",
        "Sumber_Data": "Rekap_Lokasi_2023_2025 (1).xlsx",
        "Sumber_Sheet": "Lokasi 25",
        "Sumber_Baris": 8
      },
      "geometry": null
    },
    {
      "type": "Feature",
      "id": "other-316",
      "properties": {
        "OBJECTID": 200316,
        "rute": "surgem_A",
        "Dari": 1800,
        "Sampai": 2000,
        "Jalur": "A",
        "Lajur": "1",
        "Tanggal_Pelaksanaan": "2025-06-30",
        "Tanggal_Label": "Tahun 2025",
        "Tahun": 2025,
        "Keterangan": "Expansion joint",
        "KM_Asli_Dari": 1900,
        "KM_Asli_Sampai": 1900,
        "Kategori_Pekerjaan": "Lainnya",
        "Sumber_Data": "Rekap_Lokasi_2023_2025 (1).xlsx",
        "Sumber_Sheet": "Lokasi 25",
        "Sumber_Baris": 9
      },
      "geometry": null
    },
    {
      "type": "Feature",
      "id": "other-317",
      "properties": {
        "OBJECTID": 200317,
        "rute": "surgem_A",
        "Dari": 1800,
        "Sampai": 2000,
        "Jalur": "A",
        "Lajur": "2",
        "Tanggal_Pelaksanaan": "2025-06-30",
        "Tanggal_Label": "Tahun 2025",
        "Tahun": 2025,
        "Keterangan": "Expansion joint",
        "KM_Asli_Dari": 1900,
        "KM_Asli_Sampai": 1900,
        "Kategori_Pekerjaan": "Lainnya",
        "Sumber_Data": "Rekap_Lokasi_2023_2025 (1).xlsx",
        "Sumber_Sheet": "Lokasi 25",
        "Sumber_Baris": 10
      },
      "geometry": null
    },
    {
      "type": "Feature",
      "id": "other-318",
      "properties": {
        "OBJECTID": 200318,
        "rute": "surgem_A",
        "Dari": 2000,
        "Sampai": 2200,
        "Jalur": "A",
        "Lajur": "1",
        "Tanggal_Pelaksanaan": "2025-06-30",
        "Tanggal_Label": "Tahun 2025",
        "Tahun": 2025,
        "Keterangan": "Expansion joint",
        "KM_Asli_Dari": 2005,
        "KM_Asli_Sampai": 2005,
        "Kategori_Pekerjaan": "Lainnya",
        "Sumber_Data": "Rekap_Lokasi_2023_2025 (1).xlsx",
        "Sumber_Sheet": "Lokasi 25",
        "Sumber_Baris": 12
      },
      "geometry": null
    },
    {
      "type": "Feature",
      "id": "other-319",
      "properties": {
        "OBJECTID": 200319,
        "rute": "surgem_A",
        "Dari": 2000,
        "Sampai": 2200,
        "Jalur": "A",
        "Lajur": "2",
        "Tanggal_Pelaksanaan": "2025-06-30",
        "Tanggal_Label": "Tahun 2025",
        "Tahun": 2025,
        "Keterangan": "Expansion joint",
        "KM_Asli_Dari": 2005,
        "KM_Asli_Sampai": 2005,
        "Kategori_Pekerjaan": "Lainnya",
        "Sumber_Data": "Rekap_Lokasi_2023_2025 (1).xlsx",
        "Sumber_Sheet": "Lokasi 25",
        "Sumber_Baris": 13
      },
      "geometry": null
    },
    {
      "type": "Feature",
      "id": "other-320",
      "properties": {
        "OBJECTID": 200320,
        "rute": "surgem_A",
        "Dari": 2000,
        "Sampai": 2200,
        "Jalur": "A",
        "Lajur": "1",
        "Tanggal_Pelaksanaan": "2025-06-30",
        "Tanggal_Label": "Tahun 2025",
        "Tahun": 2025,
        "Keterangan": "Expansion joint",
        "KM_Asli_Dari": 2050,
        "KM_Asli_Sampai": 2050,
        "Kategori_Pekerjaan": "Lainnya",
        "Sumber_Data": "Rekap_Lokasi_2023_2025 (1).xlsx",
        "Sumber_Sheet": "Lokasi 25",
        "Sumber_Baris": 14
      },
      "geometry": null
    },
    {
      "type": "Feature",
      "id": "other-321",
      "properties": {
        "OBJECTID": 200321,
        "rute": "surgem_A",
        "Dari": 2000,
        "Sampai": 2200,
        "Jalur": "A",
        "Lajur": "2",
        "Tanggal_Pelaksanaan": "2025-06-30",
        "Tanggal_Label": "Tahun 2025",
        "Tahun": 2025,
        "Keterangan": "Expansion joint",
        "KM_Asli_Dari": 2050,
        "KM_Asli_Sampai": 2050,
        "Kategori_Pekerjaan": "Lainnya",
        "Sumber_Data": "Rekap_Lokasi_2023_2025 (1).xlsx",
        "Sumber_Sheet": "Lokasi 25",
        "Sumber_Baris": 15
      },
      "geometry": null
    },
    {
      "type": "Feature",
      "id": "other-322",
      "properties": {
        "OBJECTID": 200322,
        "rute": "surgem_A",
        "Dari": 2000,
        "Sampai": 2200,
        "Jalur": "A",
        "Lajur": "1",
        "Tanggal_Pelaksanaan": "2025-06-30",
        "Tanggal_Label": "Tahun 2025",
        "Tahun": 2025,
        "Keterangan": "Expansion joint",
        "KM_Asli_Dari": 2170,
        "KM_Asli_Sampai": 2170,
        "Kategori_Pekerjaan": "Lainnya",
        "Sumber_Data": "Rekap_Lokasi_2023_2025 (1).xlsx",
        "Sumber_Sheet": "Lokasi 25",
        "Sumber_Baris": 16
      },
      "geometry": null
    },
    {
      "type": "Feature",
      "id": "other-323",
      "properties": {
        "OBJECTID": 200323,
        "rute": "surgem_A",
        "Dari": 2000,
        "Sampai": 2200,
        "Jalur": "A",
        "Lajur": "2",
        "Tanggal_Pelaksanaan": "2025-06-30",
        "Tanggal_Label": "Tahun 2025",
        "Tahun": 2025,
        "Keterangan": "Expansion joint",
        "KM_Asli_Dari": 2170,
        "KM_Asli_Sampai": 2170,
        "Kategori_Pekerjaan": "Lainnya",
        "Sumber_Data": "Rekap_Lokasi_2023_2025 (1).xlsx",
        "Sumber_Sheet": "Lokasi 25",
        "Sumber_Baris": 17
      },
      "geometry": null
    },
    {
      "type": "Feature",
      "id": "other-324",
      "properties": {
        "OBJECTID": 200324,
        "rute": "surgem_A",
        "Dari": 2200,
        "Sampai": 2400,
        "Jalur": "A",
        "Lajur": "1",
        "Tanggal_Pelaksanaan": "2025-06-30",
        "Tanggal_Label": "Tahun 2025",
        "Tahun": 2025,
        "Keterangan": "Expansion joint",
        "KM_Asli_Dari": 2250,
        "KM_Asli_Sampai": 2250,
        "Kategori_Pekerjaan": "Lainnya",
        "Sumber_Data": "Rekap_Lokasi_2023_2025 (1).xlsx",
        "Sumber_Sheet": "Lokasi 25",
        "Sumber_Baris": 18
      },
      "geometry": null
    },
    {
      "type": "Feature",
      "id": "other-325",
      "properties": {
        "OBJECTID": 200325,
        "rute": "surgem_A",
        "Dari": 2200,
        "Sampai": 2400,
        "Jalur": "A",
        "Lajur": "2",
        "Tanggal_Pelaksanaan": "2025-06-30",
        "Tanggal_Label": "Tahun 2025",
        "Tahun": 2025,
        "Keterangan": "Expansion joint",
        "KM_Asli_Dari": 2250,
        "KM_Asli_Sampai": 2250,
        "Kategori_Pekerjaan": "Lainnya",
        "Sumber_Data": "Rekap_Lokasi_2023_2025 (1).xlsx",
        "Sumber_Sheet": "Lokasi 25",
        "Sumber_Baris": 19
      },
      "geometry": null
    },
    {
      "type": "Feature",
      "id": "other-326",
      "properties": {
        "OBJECTID": 200326,
        "rute": "surgem_A",
        "Dari": 2800,
        "Sampai": 3000,
        "Jalur": "A",
        "Lajur": "1",
        "Tanggal_Pelaksanaan": "2025-06-30",
        "Tanggal_Label": "Tahun 2025",
        "Tahun": 2025,
        "Keterangan": "Expansion joint",
        "KM_Asli_Dari": 2800,
        "KM_Asli_Sampai": 2800,
        "Kategori_Pekerjaan": "Lainnya",
        "Sumber_Data": "Rekap_Lokasi_2023_2025 (1).xlsx",
        "Sumber_Sheet": "Lokasi 25",
        "Sumber_Baris": 20
      },
      "geometry": null
    },
    {
      "type": "Feature",
      "id": "other-327",
      "properties": {
        "OBJECTID": 200327,
        "rute": "surgem_A",
        "Dari": 2800,
        "Sampai": 3000,
        "Jalur": "A",
        "Lajur": "1",
        "Tanggal_Pelaksanaan": "2025-06-30",
        "Tanggal_Label": "Tahun 2025",
        "Tahun": 2025,
        "Keterangan": "Expansion joint",
        "KM_Asli_Dari": 2960,
        "KM_Asli_Sampai": 2960,
        "Kategori_Pekerjaan": "Lainnya",
        "Sumber_Data": "Rekap_Lokasi_2023_2025 (1).xlsx",
        "Sumber_Sheet": "Lokasi 25",
        "Sumber_Baris": 21
      },
      "geometry": null
    },
    {
      "type": "Feature",
      "id": "other-328",
      "properties": {
        "OBJECTID": 200328,
        "rute": "surgem_A",
        "Dari": 3000,
        "Sampai": 3200,
        "Jalur": "A",
        "Lajur": "1",
        "Tanggal_Pelaksanaan": "2025-06-30",
        "Tanggal_Label": "Tahun 2025",
        "Tahun": 2025,
        "Keterangan": "Expansion joint",
        "KM_Asli_Dari": 3100,
        "KM_Asli_Sampai": 3100,
        "Kategori_Pekerjaan": "Lainnya",
        "Sumber_Data": "Rekap_Lokasi_2023_2025 (1).xlsx",
        "Sumber_Sheet": "Lokasi 25",
        "Sumber_Baris": 22
      },
      "geometry": null
    },
    {
      "type": "Feature",
      "id": "other-329",
      "properties": {
        "OBJECTID": 200329,
        "rute": "surgem_A",
        "Dari": 3000,
        "Sampai": 3200,
        "Jalur": "A",
        "Lajur": "2",
        "Tanggal_Pelaksanaan": "2025-06-30",
        "Tanggal_Label": "Tahun 2025",
        "Tahun": 2025,
        "Keterangan": "Expansion joint",
        "KM_Asli_Dari": 3100,
        "KM_Asli_Sampai": 3100,
        "Kategori_Pekerjaan": "Lainnya",
        "Sumber_Data": "Rekap_Lokasi_2023_2025 (1).xlsx",
        "Sumber_Sheet": "Lokasi 25",
        "Sumber_Baris": 23
      },
      "geometry": null
    },
    {
      "type": "Feature",
      "id": "other-330",
      "properties": {
        "OBJECTID": 200330,
        "rute": "surgem_A",
        "Dari": 12000,
        "Sampai": 12200,
        "Jalur": "A",
        "Lajur": "1",
        "Tanggal_Pelaksanaan": "2025-06-30",
        "Tanggal_Label": "Tahun 2025",
        "Tahun": 2025,
        "Keterangan": "Expansion joint",
        "KM_Asli_Dari": 12030,
        "KM_Asli_Sampai": 12030,
        "Kategori_Pekerjaan": "Lainnya",
        "Sumber_Data": "Rekap_Lokasi_2023_2025 (1).xlsx",
        "Sumber_Sheet": "Lokasi 25",
        "Sumber_Baris": 25
      },
      "geometry": null
    },
    {
      "type": "Feature",
      "id": "other-331",
      "properties": {
        "OBJECTID": 200331,
        "rute": "surgem_A",
        "Dari": 12000,
        "Sampai": 12200,
        "Jalur": "A",
        "Lajur": "2",
        "Tanggal_Pelaksanaan": "2025-06-30",
        "Tanggal_Label": "Tahun 2025",
        "Tahun": 2025,
        "Keterangan": "Expansion joint",
        "KM_Asli_Dari": 12030,
        "KM_Asli_Sampai": 12030,
        "Kategori_Pekerjaan": "Lainnya",
        "Sumber_Data": "Rekap_Lokasi_2023_2025 (1).xlsx",
        "Sumber_Sheet": "Lokasi 25",
        "Sumber_Baris": 26
      },
      "geometry": null
    },
    {
      "type": "Feature",
      "id": "other-332",
      "properties": {
        "OBJECTID": 200332,
        "rute": "surgem_A",
        "Dari": 12000,
        "Sampai": 12200,
        "Jalur": "A",
        "Lajur": "3",
        "Tanggal_Pelaksanaan": "2025-06-30",
        "Tanggal_Label": "Tahun 2025",
        "Tahun": 2025,
        "Keterangan": "Expansion joint",
        "KM_Asli_Dari": 12030,
        "KM_Asli_Sampai": 12030,
        "Kategori_Pekerjaan": "Lainnya",
        "Sumber_Data": "Rekap_Lokasi_2023_2025 (1).xlsx",
        "Sumber_Sheet": "Lokasi 25",
        "Sumber_Baris": 27
      },
      "geometry": null
    },
    {
      "type": "Feature",
      "id": "other-333",
      "properties": {
        "OBJECTID": 200333,
        "rute": "surgem_B",
        "Dari": 12200,
        "Sampai": 12400,
        "Jalur": "B",
        "Lajur": "1",
        "Tanggal_Pelaksanaan": "2025-06-30",
        "Tanggal_Label": "Tahun 2025",
        "Tahun": 2025,
        "Keterangan": "Expansion joint",
        "KM_Asli_Dari": 12230,
        "KM_Asli_Sampai": 12230,
        "Kategori_Pekerjaan": "Lainnya",
        "Sumber_Data": "Rekap_Lokasi_2023_2025 (1).xlsx",
        "Sumber_Sheet": "Lokasi 25",
        "Sumber_Baris": 28
      },
      "geometry": null
    },
    {
      "type": "Feature",
      "id": "other-334",
      "properties": {
        "OBJECTID": 200334,
        "rute": "surgem_B",
        "Dari": 12200,
        "Sampai": 12400,
        "Jalur": "B",
        "Lajur": "2",
        "Tanggal_Pelaksanaan": "2025-06-30",
        "Tanggal_Label": "Tahun 2025",
        "Tahun": 2025,
        "Keterangan": "Expansion joint",
        "KM_Asli_Dari": 12230,
        "KM_Asli_Sampai": 12230,
        "Kategori_Pekerjaan": "Lainnya",
        "Sumber_Data": "Rekap_Lokasi_2023_2025 (1).xlsx",
        "Sumber_Sheet": "Lokasi 25",
        "Sumber_Baris": 29
      },
      "geometry": null
    },
    {
      "type": "Feature",
      "id": "other-335",
      "properties": {
        "OBJECTID": 200335,
        "rute": "surgem_B",
        "Dari": 12200,
        "Sampai": 12400,
        "Jalur": "B",
        "Lajur": "3",
        "Tanggal_Pelaksanaan": "2025-06-30",
        "Tanggal_Label": "Tahun 2025",
        "Tahun": 2025,
        "Keterangan": "Expansion joint",
        "KM_Asli_Dari": 12230,
        "KM_Asli_Sampai": 12230,
        "Kategori_Pekerjaan": "Lainnya",
        "Sumber_Data": "Rekap_Lokasi_2023_2025 (1).xlsx",
        "Sumber_Sheet": "Lokasi 25",
        "Sumber_Baris": 30
      },
      "geometry": null
    },
    {
      "type": "Feature",
      "id": "other-336",
      "properties": {
        "OBJECTID": 200336,
        "rute": "surgem_A",
        "Dari": 12200,
        "Sampai": 12400,
        "Jalur": "A",
        "Lajur": "1",
        "Tanggal_Pelaksanaan": "2025-06-30",
        "Tanggal_Label": "Tahun 2025",
        "Tahun": 2025,
        "Keterangan": "Expansion joint",
        "KM_Asli_Dari": 12300,
        "KM_Asli_Sampai": 12300,
        "Kategori_Pekerjaan": "Lainnya",
        "Sumber_Data": "Rekap_Lokasi_2023_2025 (1).xlsx",
        "Sumber_Sheet": "Lokasi 25",
        "Sumber_Baris": 31
      },
      "geometry": null
    },
    {
      "type": "Feature",
      "id": "other-337",
      "properties": {
        "OBJECTID": 200337,
        "rute": "surgem_A",
        "Dari": 12200,
        "Sampai": 12400,
        "Jalur": "A",
        "Lajur": "2",
        "Tanggal_Pelaksanaan": "2025-06-30",
        "Tanggal_Label": "Tahun 2025",
        "Tahun": 2025,
        "Keterangan": "Expansion joint",
        "KM_Asli_Dari": 12300,
        "KM_Asli_Sampai": 12300,
        "Kategori_Pekerjaan": "Lainnya",
        "Sumber_Data": "Rekap_Lokasi_2023_2025 (1).xlsx",
        "Sumber_Sheet": "Lokasi 25",
        "Sumber_Baris": 32
      },
      "geometry": null
    },
    {
      "type": "Feature",
      "id": "other-338",
      "properties": {
        "OBJECTID": 200338,
        "rute": "surgem_A",
        "Dari": 12200,
        "Sampai": 12400,
        "Jalur": "A",
        "Lajur": "3",
        "Tanggal_Pelaksanaan": "2025-06-30",
        "Tanggal_Label": "Tahun 2025",
        "Tahun": 2025,
        "Keterangan": "Expansion joint",
        "KM_Asli_Dari": 12300,
        "KM_Asli_Sampai": 12300,
        "Kategori_Pekerjaan": "Lainnya",
        "Sumber_Data": "Rekap_Lokasi_2023_2025 (1).xlsx",
        "Sumber_Sheet": "Lokasi 25",
        "Sumber_Baris": 33
      },
      "geometry": null
    },
    {
      "type": "Feature",
      "id": "other-339",
      "properties": {
        "OBJECTID": 200339,
        "rute": "surgem_B",
        "Dari": 12200,
        "Sampai": 12400,
        "Jalur": "B",
        "Lajur": "1",
        "Tanggal_Pelaksanaan": "2025-06-30",
        "Tanggal_Label": "Tahun 2025",
        "Tahun": 2025,
        "Keterangan": "Expansion joint",
        "KM_Asli_Dari": 12350,
        "KM_Asli_Sampai": 12350,
        "Kategori_Pekerjaan": "Lainnya",
        "Sumber_Data": "Rekap_Lokasi_2023_2025 (1).xlsx",
        "Sumber_Sheet": "Lokasi 25",
        "Sumber_Baris": 34
      },
      "geometry": null
    },
    {
      "type": "Feature",
      "id": "other-340",
      "properties": {
        "OBJECTID": 200340,
        "rute": "surgem_B",
        "Dari": 12200,
        "Sampai": 12400,
        "Jalur": "B",
        "Lajur": "2",
        "Tanggal_Pelaksanaan": "2025-06-30",
        "Tanggal_Label": "Tahun 2025",
        "Tahun": 2025,
        "Keterangan": "Expansion joint",
        "KM_Asli_Dari": 12350,
        "KM_Asli_Sampai": 12350,
        "Kategori_Pekerjaan": "Lainnya",
        "Sumber_Data": "Rekap_Lokasi_2023_2025 (1).xlsx",
        "Sumber_Sheet": "Lokasi 25",
        "Sumber_Baris": 35
      },
      "geometry": null
    },
    {
      "type": "Feature",
      "id": "other-341",
      "properties": {
        "OBJECTID": 200341,
        "rute": "surgem_B",
        "Dari": 12200,
        "Sampai": 12400,
        "Jalur": "B",
        "Lajur": "3",
        "Tanggal_Pelaksanaan": "2025-06-30",
        "Tanggal_Label": "Tahun 2025",
        "Tahun": 2025,
        "Keterangan": "Expansion joint",
        "KM_Asli_Dari": 12350,
        "KM_Asli_Sampai": 12350,
        "Kategori_Pekerjaan": "Lainnya",
        "Sumber_Data": "Rekap_Lokasi_2023_2025 (1).xlsx",
        "Sumber_Sheet": "Lokasi 25",
        "Sumber_Baris": 36
      },
      "geometry": null
    },
    {
      "type": "Feature",
      "id": "other-342",
      "properties": {
        "OBJECTID": 200342,
        "rute": "surgem_A",
        "Dari": 12400,
        "Sampai": 12600,
        "Jalur": "A",
        "Lajur": "1",
        "Tanggal_Pelaksanaan": "2025-06-30",
        "Tanggal_Label": "Tahun 2025",
        "Tahun": 2025,
        "Keterangan": "Expansion joint",
        "KM_Asli_Dari": 12500,
        "KM_Asli_Sampai": 12500,
        "Kategori_Pekerjaan": "Lainnya",
        "Sumber_Data": "Rekap_Lokasi_2023_2025 (1).xlsx",
        "Sumber_Sheet": "Lokasi 25",
        "Sumber_Baris": 37
      },
      "geometry": null
    },
    {
      "type": "Feature",
      "id": "other-343",
      "properties": {
        "OBJECTID": 200343,
        "rute": "surgem_A",
        "Dari": 12400,
        "Sampai": 12600,
        "Jalur": "A",
        "Lajur": "2",
        "Tanggal_Pelaksanaan": "2025-06-30",
        "Tanggal_Label": "Tahun 2025",
        "Tahun": 2025,
        "Keterangan": "Expansion joint",
        "KM_Asli_Dari": 12500,
        "KM_Asli_Sampai": 12500,
        "Kategori_Pekerjaan": "Lainnya",
        "Sumber_Data": "Rekap_Lokasi_2023_2025 (1).xlsx",
        "Sumber_Sheet": "Lokasi 25",
        "Sumber_Baris": 38
      },
      "geometry": null
    },
    {
      "type": "Feature",
      "id": "other-344",
      "properties": {
        "OBJECTID": 200344,
        "rute": "surgem_A",
        "Dari": 12400,
        "Sampai": 12600,
        "Jalur": "A",
        "Lajur": "3",
        "Tanggal_Pelaksanaan": "2025-06-30",
        "Tanggal_Label": "Tahun 2025",
        "Tahun": 2025,
        "Keterangan": "Expansion joint",
        "KM_Asli_Dari": 12500,
        "KM_Asli_Sampai": 12500,
        "Kategori_Pekerjaan": "Lainnya",
        "Sumber_Data": "Rekap_Lokasi_2023_2025 (1).xlsx",
        "Sumber_Sheet": "Lokasi 25",
        "Sumber_Baris": 39
      },
      "geometry": null
    },
    {
      "type": "Feature",
      "id": "other-345",
      "properties": {
        "OBJECTID": 200345,
        "rute": "surgem_A",
        "Dari": 12400,
        "Sampai": 12600,
        "Jalur": "A",
        "Lajur": "1",
        "Tanggal_Pelaksanaan": "2025-06-30",
        "Tanggal_Label": "Tahun 2025",
        "Tahun": 2025,
        "Keterangan": "Expansion joint",
        "KM_Asli_Dari": 12580,
        "KM_Asli_Sampai": 12580,
        "Kategori_Pekerjaan": "Lainnya",
        "Sumber_Data": "Rekap_Lokasi_2023_2025 (1).xlsx",
        "Sumber_Sheet": "Lokasi 25",
        "Sumber_Baris": 40
      },
      "geometry": null
    },
    {
      "type": "Feature",
      "id": "other-346",
      "properties": {
        "OBJECTID": 200346,
        "rute": "surgem_A",
        "Dari": 12400,
        "Sampai": 12600,
        "Jalur": "A",
        "Lajur": "2",
        "Tanggal_Pelaksanaan": "2025-06-30",
        "Tanggal_Label": "Tahun 2025",
        "Tahun": 2025,
        "Keterangan": "Expansion joint",
        "KM_Asli_Dari": 12580,
        "KM_Asli_Sampai": 12580,
        "Kategori_Pekerjaan": "Lainnya",
        "Sumber_Data": "Rekap_Lokasi_2023_2025 (1).xlsx",
        "Sumber_Sheet": "Lokasi 25",
        "Sumber_Baris": 41
      },
      "geometry": null
    },
    {
      "type": "Feature",
      "id": "other-347",
      "properties": {
        "OBJECTID": 200347,
        "rute": "surgem_A",
        "Dari": 12400,
        "Sampai": 12600,
        "Jalur": "A",
        "Lajur": "3",
        "Tanggal_Pelaksanaan": "2025-06-30",
        "Tanggal_Label": "Tahun 2025",
        "Tahun": 2025,
        "Keterangan": "Expansion joint",
        "KM_Asli_Dari": 12580,
        "KM_Asli_Sampai": 12580,
        "Kategori_Pekerjaan": "Lainnya",
        "Sumber_Data": "Rekap_Lokasi_2023_2025 (1).xlsx",
        "Sumber_Sheet": "Lokasi 25",
        "Sumber_Baris": 42
      },
      "geometry": null
    },
    {
      "type": "Feature",
      "id": "other-348",
      "properties": {
        "OBJECTID": 200348,
        "rute": "surgem_A",
        "Dari": 14200,
        "Sampai": 14400,
        "Jalur": "A",
        "Lajur": "1",
        "Tanggal_Pelaksanaan": "2025-06-30",
        "Tanggal_Label": "Tahun 2025",
        "Tahun": 2025,
        "Keterangan": "Expansion joint",
        "KM_Asli_Dari": 14250,
        "KM_Asli_Sampai": 14250,
        "Kategori_Pekerjaan": "Lainnya",
        "Sumber_Data": "Rekap_Lokasi_2023_2025 (1).xlsx",
        "Sumber_Sheet": "Lokasi 25",
        "Sumber_Baris": 43
      },
      "geometry": null
    },
    {
      "type": "Feature",
      "id": "other-349",
      "properties": {
        "OBJECTID": 200349,
        "rute": "surgem_A",
        "Dari": 14200,
        "Sampai": 14400,
        "Jalur": "A",
        "Lajur": "2",
        "Tanggal_Pelaksanaan": "2025-06-30",
        "Tanggal_Label": "Tahun 2025",
        "Tahun": 2025,
        "Keterangan": "Expansion joint",
        "KM_Asli_Dari": 14250,
        "KM_Asli_Sampai": 14250,
        "Kategori_Pekerjaan": "Lainnya",
        "Sumber_Data": "Rekap_Lokasi_2023_2025 (1).xlsx",
        "Sumber_Sheet": "Lokasi 25",
        "Sumber_Baris": 44
      },
      "geometry": null
    },
    {
      "type": "Feature",
      "id": "other-350",
      "properties": {
        "OBJECTID": 200350,
        "rute": "surgem_A",
        "Dari": 14200,
        "Sampai": 14400,
        "Jalur": "A",
        "Lajur": "3",
        "Tanggal_Pelaksanaan": "2025-06-30",
        "Tanggal_Label": "Tahun 2025",
        "Tahun": 2025,
        "Keterangan": "Expansion joint",
        "KM_Asli_Dari": 14250,
        "KM_Asli_Sampai": 14250,
        "Kategori_Pekerjaan": "Lainnya",
        "Sumber_Data": "Rekap_Lokasi_2023_2025 (1).xlsx",
        "Sumber_Sheet": "Lokasi 25",
        "Sumber_Baris": 45
      },
      "geometry": null
    },
    {
      "type": "Feature",
      "id": "other-351",
      "properties": {
        "OBJECTID": 200351,
        "rute": "surgem_B",
        "Dari": 14200,
        "Sampai": 14400,
        "Jalur": "B",
        "Lajur": "1",
        "Tanggal_Pelaksanaan": "2025-06-30",
        "Tanggal_Label": "Tahun 2025",
        "Tahun": 2025,
        "Keterangan": "Expansion joint",
        "KM_Asli_Dari": 14250,
        "KM_Asli_Sampai": 14250,
        "Kategori_Pekerjaan": "Lainnya",
        "Sumber_Data": "Rekap_Lokasi_2023_2025 (1).xlsx",
        "Sumber_Sheet": "Lokasi 25",
        "Sumber_Baris": 46
      },
      "geometry": null
    },
    {
      "type": "Feature",
      "id": "other-352",
      "properties": {
        "OBJECTID": 200352,
        "rute": "surgem_B",
        "Dari": 14200,
        "Sampai": 14400,
        "Jalur": "B",
        "Lajur": "2",
        "Tanggal_Pelaksanaan": "2025-06-30",
        "Tanggal_Label": "Tahun 2025",
        "Tahun": 2025,
        "Keterangan": "Expansion joint",
        "KM_Asli_Dari": 14250,
        "KM_Asli_Sampai": 14250,
        "Kategori_Pekerjaan": "Lainnya",
        "Sumber_Data": "Rekap_Lokasi_2023_2025 (1).xlsx",
        "Sumber_Sheet": "Lokasi 25",
        "Sumber_Baris": 47
      },
      "geometry": null
    },
    {
      "type": "Feature",
      "id": "other-353",
      "properties": {
        "OBJECTID": 200353,
        "rute": "surgem_B",
        "Dari": 14200,
        "Sampai": 14400,
        "Jalur": "B",
        "Lajur": "3",
        "Tanggal_Pelaksanaan": "2025-06-30",
        "Tanggal_Label": "Tahun 2025",
        "Tahun": 2025,
        "Keterangan": "Expansion joint",
        "KM_Asli_Dari": 14250,
        "KM_Asli_Sampai": 14250,
        "Kategori_Pekerjaan": "Lainnya",
        "Sumber_Data": "Rekap_Lokasi_2023_2025 (1).xlsx",
        "Sumber_Sheet": "Lokasi 25",
        "Sumber_Baris": 48
      },
      "geometry": null
    },
    {
      "type": "Feature",
      "id": "other-354",
      "properties": {
        "OBJECTID": 200354,
        "rute": "surgem_A",
        "Dari": 14200,
        "Sampai": 14400,
        "Jalur": "A",
        "Lajur": "1",
        "Tanggal_Pelaksanaan": "2025-06-30",
        "Tanggal_Label": "Tahun 2025",
        "Tahun": 2025,
        "Keterangan": "Expansion joint",
        "KM_Asli_Dari": 14265,
        "KM_Asli_Sampai": 14265,
        "Kategori_Pekerjaan": "Lainnya",
        "Sumber_Data": "Rekap_Lokasi_2023_2025 (1).xlsx",
        "Sumber_Sheet": "Lokasi 25",
        "Sumber_Baris": 49
      },
      "geometry": null
    },
    {
      "type": "Feature",
      "id": "other-355",
      "properties": {
        "OBJECTID": 200355,
        "rute": "surgem_A",
        "Dari": 14200,
        "Sampai": 14400,
        "Jalur": "A",
        "Lajur": "2",
        "Tanggal_Pelaksanaan": "2025-06-30",
        "Tanggal_Label": "Tahun 2025",
        "Tahun": 2025,
        "Keterangan": "Expansion joint",
        "KM_Asli_Dari": 14265,
        "KM_Asli_Sampai": 14265,
        "Kategori_Pekerjaan": "Lainnya",
        "Sumber_Data": "Rekap_Lokasi_2023_2025 (1).xlsx",
        "Sumber_Sheet": "Lokasi 25",
        "Sumber_Baris": 50
      },
      "geometry": null
    },
    {
      "type": "Feature",
      "id": "other-356",
      "properties": {
        "OBJECTID": 200356,
        "rute": "surgem_A",
        "Dari": 14200,
        "Sampai": 14400,
        "Jalur": "A",
        "Lajur": "3",
        "Tanggal_Pelaksanaan": "2025-06-30",
        "Tanggal_Label": "Tahun 2025",
        "Tahun": 2025,
        "Keterangan": "Expansion joint",
        "KM_Asli_Dari": 14265,
        "KM_Asli_Sampai": 14265,
        "Kategori_Pekerjaan": "Lainnya",
        "Sumber_Data": "Rekap_Lokasi_2023_2025 (1).xlsx",
        "Sumber_Sheet": "Lokasi 25",
        "Sumber_Baris": 51
      },
      "geometry": null
    },
    {
      "type": "Feature",
      "id": "other-357",
      "properties": {
        "OBJECTID": 200357,
        "rute": "surgem_B",
        "Dari": 14200,
        "Sampai": 14400,
        "Jalur": "B",
        "Lajur": "1",
        "Tanggal_Pelaksanaan": "2025-06-30",
        "Tanggal_Label": "Tahun 2025",
        "Tahun": 2025,
        "Keterangan": "Expansion joint",
        "KM_Asli_Dari": 14265,
        "KM_Asli_Sampai": 14265,
        "Kategori_Pekerjaan": "Lainnya",
        "Sumber_Data": "Rekap_Lokasi_2023_2025 (1).xlsx",
        "Sumber_Sheet": "Lokasi 25",
        "Sumber_Baris": 52
      },
      "geometry": null
    },
    {
      "type": "Feature",
      "id": "other-358",
      "properties": {
        "OBJECTID": 200358,
        "rute": "surgem_B",
        "Dari": 14200,
        "Sampai": 14400,
        "Jalur": "B",
        "Lajur": "2",
        "Tanggal_Pelaksanaan": "2025-06-30",
        "Tanggal_Label": "Tahun 2025",
        "Tahun": 2025,
        "Keterangan": "Expansion joint",
        "KM_Asli_Dari": 14265,
        "KM_Asli_Sampai": 14265,
        "Kategori_Pekerjaan": "Lainnya",
        "Sumber_Data": "Rekap_Lokasi_2023_2025 (1).xlsx",
        "Sumber_Sheet": "Lokasi 25",
        "Sumber_Baris": 53
      },
      "geometry": null
    },
    {
      "type": "Feature",
      "id": "other-359",
      "properties": {
        "OBJECTID": 200359,
        "rute": "surgem_B",
        "Dari": 14200,
        "Sampai": 14400,
        "Jalur": "B",
        "Lajur": "3",
        "Tanggal_Pelaksanaan": "2025-06-30",
        "Tanggal_Label": "Tahun 2025",
        "Tahun": 2025,
        "Keterangan": "Expansion joint",
        "KM_Asli_Dari": 14265,
        "KM_Asli_Sampai": 14265,
        "Kategori_Pekerjaan": "Lainnya",
        "Sumber_Data": "Rekap_Lokasi_2023_2025 (1).xlsx",
        "Sumber_Sheet": "Lokasi 25",
        "Sumber_Baris": 54
      },
      "geometry": null
    },
    {
      "type": "Feature",
      "id": "other-360",
      "properties": {
        "OBJECTID": 200360,
        "rute": "surgem_A",
        "Dari": 15000,
        "Sampai": 15200,
        "Jalur": "A",
        "Lajur": "1",
        "Tanggal_Pelaksanaan": "2025-06-30",
        "Tanggal_Label": "Tahun 2025",
        "Tahun": 2025,
        "Keterangan": "Expansion joint",
        "KM_Asli_Dari": 15195,
        "KM_Asli_Sampai": 15195,
        "Kategori_Pekerjaan": "Lainnya",
        "Sumber_Data": "Rekap_Lokasi_2023_2025 (1).xlsx",
        "Sumber_Sheet": "Lokasi 25",
        "Sumber_Baris": 55
      },
      "geometry": null
    },
    {
      "type": "Feature",
      "id": "other-361",
      "properties": {
        "OBJECTID": 200361,
        "rute": "surgem_A",
        "Dari": 15000,
        "Sampai": 15200,
        "Jalur": "A",
        "Lajur": "2",
        "Tanggal_Pelaksanaan": "2025-06-30",
        "Tanggal_Label": "Tahun 2025",
        "Tahun": 2025,
        "Keterangan": "Expansion joint",
        "KM_Asli_Dari": 15195,
        "KM_Asli_Sampai": 15195,
        "Kategori_Pekerjaan": "Lainnya",
        "Sumber_Data": "Rekap_Lokasi_2023_2025 (1).xlsx",
        "Sumber_Sheet": "Lokasi 25",
        "Sumber_Baris": 56
      },
      "geometry": null
    },
    {
      "type": "Feature",
      "id": "other-362",
      "properties": {
        "OBJECTID": 200362,
        "rute": "surgem_A",
        "Dari": 15000,
        "Sampai": 15200,
        "Jalur": "A",
        "Lajur": "3",
        "Tanggal_Pelaksanaan": "2025-06-30",
        "Tanggal_Label": "Tahun 2025",
        "Tahun": 2025,
        "Keterangan": "Expansion joint",
        "KM_Asli_Dari": 15195,
        "KM_Asli_Sampai": 15195,
        "Kategori_Pekerjaan": "Lainnya",
        "Sumber_Data": "Rekap_Lokasi_2023_2025 (1).xlsx",
        "Sumber_Sheet": "Lokasi 25",
        "Sumber_Baris": 57
      },
      "geometry": null
    },
    {
      "type": "Feature",
      "id": "other-363",
      "properties": {
        "OBJECTID": 200363,
        "rute": "surgem_B",
        "Dari": 15000,
        "Sampai": 15200,
        "Jalur": "B",
        "Lajur": "1",
        "Tanggal_Pelaksanaan": "2025-06-30",
        "Tanggal_Label": "Tahun 2025",
        "Tahun": 2025,
        "Keterangan": "Expansion joint",
        "KM_Asli_Dari": 15195,
        "KM_Asli_Sampai": 15195,
        "Kategori_Pekerjaan": "Lainnya",
        "Sumber_Data": "Rekap_Lokasi_2023_2025 (1).xlsx",
        "Sumber_Sheet": "Lokasi 25",
        "Sumber_Baris": 58
      },
      "geometry": null
    },
    {
      "type": "Feature",
      "id": "other-364",
      "properties": {
        "OBJECTID": 200364,
        "rute": "surgem_B",
        "Dari": 15000,
        "Sampai": 15200,
        "Jalur": "B",
        "Lajur": "2",
        "Tanggal_Pelaksanaan": "2025-06-30",
        "Tanggal_Label": "Tahun 2025",
        "Tahun": 2025,
        "Keterangan": "Expansion joint",
        "KM_Asli_Dari": 15195,
        "KM_Asli_Sampai": 15195,
        "Kategori_Pekerjaan": "Lainnya",
        "Sumber_Data": "Rekap_Lokasi_2023_2025 (1).xlsx",
        "Sumber_Sheet": "Lokasi 25",
        "Sumber_Baris": 59
      },
      "geometry": null
    },
    {
      "type": "Feature",
      "id": "other-365",
      "properties": {
        "OBJECTID": 200365,
        "rute": "surgem_B",
        "Dari": 15000,
        "Sampai": 15200,
        "Jalur": "B",
        "Lajur": "3",
        "Tanggal_Pelaksanaan": "2025-06-30",
        "Tanggal_Label": "Tahun 2025",
        "Tahun": 2025,
        "Keterangan": "Expansion joint",
        "KM_Asli_Dari": 15195,
        "KM_Asli_Sampai": 15195,
        "Kategori_Pekerjaan": "Lainnya",
        "Sumber_Data": "Rekap_Lokasi_2023_2025 (1).xlsx",
        "Sumber_Sheet": "Lokasi 25",
        "Sumber_Baris": 60
      },
      "geometry": null
    },
    {
      "type": "Feature",
      "id": "other-366",
      "properties": {
        "OBJECTID": 200366,
        "rute": "surgem_A",
        "Dari": 15200,
        "Sampai": 15400,
        "Jalur": "A",
        "Lajur": "1",
        "Tanggal_Pelaksanaan": "2025-06-30",
        "Tanggal_Label": "Tahun 2025",
        "Tahun": 2025,
        "Keterangan": "Expansion joint",
        "KM_Asli_Dari": 15300,
        "KM_Asli_Sampai": 15300,
        "Kategori_Pekerjaan": "Lainnya",
        "Sumber_Data": "Rekap_Lokasi_2023_2025 (1).xlsx",
        "Sumber_Sheet": "Lokasi 25",
        "Sumber_Baris": 61
      },
      "geometry": null
    },
    {
      "type": "Feature",
      "id": "other-367",
      "properties": {
        "OBJECTID": 200367,
        "rute": "surgem_A",
        "Dari": 15200,
        "Sampai": 15400,
        "Jalur": "A",
        "Lajur": "2",
        "Tanggal_Pelaksanaan": "2025-06-30",
        "Tanggal_Label": "Tahun 2025",
        "Tahun": 2025,
        "Keterangan": "Expansion joint",
        "KM_Asli_Dari": 15300,
        "KM_Asli_Sampai": 15300,
        "Kategori_Pekerjaan": "Lainnya",
        "Sumber_Data": "Rekap_Lokasi_2023_2025 (1).xlsx",
        "Sumber_Sheet": "Lokasi 25",
        "Sumber_Baris": 62
      },
      "geometry": null
    },
    {
      "type": "Feature",
      "id": "other-368",
      "properties": {
        "OBJECTID": 200368,
        "rute": "surgem_A",
        "Dari": 15200,
        "Sampai": 15400,
        "Jalur": "A",
        "Lajur": "3",
        "Tanggal_Pelaksanaan": "2025-06-30",
        "Tanggal_Label": "Tahun 2025",
        "Tahun": 2025,
        "Keterangan": "Expansion joint",
        "KM_Asli_Dari": 15300,
        "KM_Asli_Sampai": 15300,
        "Kategori_Pekerjaan": "Lainnya",
        "Sumber_Data": "Rekap_Lokasi_2023_2025 (1).xlsx",
        "Sumber_Sheet": "Lokasi 25",
        "Sumber_Baris": 63
      },
      "geometry": null
    },
    {
      "type": "Feature",
      "id": "other-369",
      "properties": {
        "OBJECTID": 200369,
        "rute": "surgem_B",
        "Dari": 15200,
        "Sampai": 15400,
        "Jalur": "B",
        "Lajur": "1",
        "Tanggal_Pelaksanaan": "2025-06-30",
        "Tanggal_Label": "Tahun 2025",
        "Tahun": 2025,
        "Keterangan": "Expansion joint",
        "KM_Asli_Dari": 15300,
        "KM_Asli_Sampai": 15300,
        "Kategori_Pekerjaan": "Lainnya",
        "Sumber_Data": "Rekap_Lokasi_2023_2025 (1).xlsx",
        "Sumber_Sheet": "Lokasi 25",
        "Sumber_Baris": 64
      },
      "geometry": null
    },
    {
      "type": "Feature",
      "id": "other-370",
      "properties": {
        "OBJECTID": 200370,
        "rute": "surgem_B",
        "Dari": 15200,
        "Sampai": 15400,
        "Jalur": "B",
        "Lajur": "2",
        "Tanggal_Pelaksanaan": "2025-06-30",
        "Tanggal_Label": "Tahun 2025",
        "Tahun": 2025,
        "Keterangan": "Expansion joint",
        "KM_Asli_Dari": 15300,
        "KM_Asli_Sampai": 15300,
        "Kategori_Pekerjaan": "Lainnya",
        "Sumber_Data": "Rekap_Lokasi_2023_2025 (1).xlsx",
        "Sumber_Sheet": "Lokasi 25",
        "Sumber_Baris": 65
      },
      "geometry": null
    },
    {
      "type": "Feature",
      "id": "other-371",
      "properties": {
        "OBJECTID": 200371,
        "rute": "surgem_B",
        "Dari": 15200,
        "Sampai": 15400,
        "Jalur": "B",
        "Lajur": "3",
        "Tanggal_Pelaksanaan": "2025-06-30",
        "Tanggal_Label": "Tahun 2025",
        "Tahun": 2025,
        "Keterangan": "Expansion joint",
        "KM_Asli_Dari": 15300,
        "KM_Asli_Sampai": 15300,
        "Kategori_Pekerjaan": "Lainnya",
        "Sumber_Data": "Rekap_Lokasi_2023_2025 (1).xlsx",
        "Sumber_Sheet": "Lokasi 25",
        "Sumber_Baris": 66
      },
      "geometry": null
    },
    {
      "type": "Feature",
      "id": "other-372",
      "properties": {
        "OBJECTID": 200372,
        "rute": "surgem_A",
        "Dari": 748800,
        "Sampai": 749000,
        "Jalur": "A",
        "Lajur": "1",
        "Tanggal_Pelaksanaan": "2025-06-30",
        "Tanggal_Label": "Tahun 2025",
        "Tahun": 2025,
        "Keterangan": "Expansion joint",
        "KM_Asli_Dari": 748850,
        "KM_Asli_Sampai": 748850,
        "Kategori_Pekerjaan": "Lainnya",
        "Sumber_Data": "Rekap_Lokasi_2023_2025 (1).xlsx",
        "Sumber_Sheet": "Lokasi 25",
        "Sumber_Baris": 68
      },
      "geometry": null
    },
    {
      "type": "Feature",
      "id": "other-373",
      "properties": {
        "OBJECTID": 200373,
        "rute": "surgem_A",
        "Dari": 748800,
        "Sampai": 749000,
        "Jalur": "A",
        "Lajur": "3",
        "Tanggal_Pelaksanaan": "2025-06-30",
        "Tanggal_Label": "Tahun 2025",
        "Tahun": 2025,
        "Keterangan": "Expansion joint",
        "KM_Asli_Dari": 748850,
        "KM_Asli_Sampai": 748850,
        "Kategori_Pekerjaan": "Lainnya",
        "Sumber_Data": "Rekap_Lokasi_2023_2025 (1).xlsx",
        "Sumber_Sheet": "Lokasi 25",
        "Sumber_Baris": 69
      },
      "geometry": null
    },
    {
      "type": "Feature",
      "id": "other-374",
      "properties": {
        "OBJECTID": 200374,
        "rute": "surgem_B",
        "Dari": 748800,
        "Sampai": 749000,
        "Jalur": "B",
        "Lajur": "1",
        "Tanggal_Pelaksanaan": "2025-06-30",
        "Tanggal_Label": "Tahun 2025",
        "Tahun": 2025,
        "Keterangan": "Expansion joint",
        "KM_Asli_Dari": 748850,
        "KM_Asli_Sampai": 748850,
        "Kategori_Pekerjaan": "Lainnya",
        "Sumber_Data": "Rekap_Lokasi_2023_2025 (1).xlsx",
        "Sumber_Sheet": "Lokasi 25",
        "Sumber_Baris": 71
      },
      "geometry": null
    },
    {
      "type": "Feature",
      "id": "other-375",
      "properties": {
        "OBJECTID": 200375,
        "rute": "surgem_B",
        "Dari": 748800,
        "Sampai": 749000,
        "Jalur": "B",
        "Lajur": "3",
        "Tanggal_Pelaksanaan": "2025-06-30",
        "Tanggal_Label": "Tahun 2025",
        "Tahun": 2025,
        "Keterangan": "Expansion joint",
        "KM_Asli_Dari": 748850,
        "KM_Asli_Sampai": 748850,
        "Kategori_Pekerjaan": "Lainnya",
        "Sumber_Data": "Rekap_Lokasi_2023_2025 (1).xlsx",
        "Sumber_Sheet": "Lokasi 25",
        "Sumber_Baris": 72
      },
      "geometry": null
    },
    {
      "type": "Feature",
      "id": "other-376",
      "properties": {
        "OBJECTID": 200376,
        "rute": "surgem_A",
        "Dari": 748800,
        "Sampai": 749000,
        "Jalur": "A",
        "Lajur": "1",
        "Tanggal_Pelaksanaan": "2025-06-30",
        "Tanggal_Label": "Tahun 2025",
        "Tahun": 2025,
        "Keterangan": "Expansion joint",
        "KM_Asli_Dari": 748900,
        "KM_Asli_Sampai": 748900,
        "Kategori_Pekerjaan": "Lainnya",
        "Sumber_Data": "Rekap_Lokasi_2023_2025 (1).xlsx",
        "Sumber_Sheet": "Lokasi 25",
        "Sumber_Baris": 74
      },
      "geometry": null
    },
    {
      "type": "Feature",
      "id": "other-377",
      "properties": {
        "OBJECTID": 200377,
        "rute": "surgem_A",
        "Dari": 748800,
        "Sampai": 749000,
        "Jalur": "A",
        "Lajur": "3",
        "Tanggal_Pelaksanaan": "2025-06-30",
        "Tanggal_Label": "Tahun 2025",
        "Tahun": 2025,
        "Keterangan": "Expansion joint",
        "KM_Asli_Dari": 748900,
        "KM_Asli_Sampai": 748900,
        "Kategori_Pekerjaan": "Lainnya",
        "Sumber_Data": "Rekap_Lokasi_2023_2025 (1).xlsx",
        "Sumber_Sheet": "Lokasi 25",
        "Sumber_Baris": 75
      },
      "geometry": null
    },
    {
      "type": "Feature",
      "id": "other-378",
      "properties": {
        "OBJECTID": 200378,
        "rute": "surgem_B",
        "Dari": 748800,
        "Sampai": 749000,
        "Jalur": "B",
        "Lajur": "1",
        "Tanggal_Pelaksanaan": "2025-06-30",
        "Tanggal_Label": "Tahun 2025",
        "Tahun": 2025,
        "Keterangan": "Expansion joint",
        "KM_Asli_Dari": 748900,
        "KM_Asli_Sampai": 748900,
        "Kategori_Pekerjaan": "Lainnya",
        "Sumber_Data": "Rekap_Lokasi_2023_2025 (1).xlsx",
        "Sumber_Sheet": "Lokasi 25",
        "Sumber_Baris": 77
      },
      "geometry": null
    },
    {
      "type": "Feature",
      "id": "other-379",
      "properties": {
        "OBJECTID": 200379,
        "rute": "surgem_B",
        "Dari": 748800,
        "Sampai": 749000,
        "Jalur": "B",
        "Lajur": "3",
        "Tanggal_Pelaksanaan": "2025-06-30",
        "Tanggal_Label": "Tahun 2025",
        "Tahun": 2025,
        "Keterangan": "Expansion joint",
        "KM_Asli_Dari": 748900,
        "KM_Asli_Sampai": 748900,
        "Kategori_Pekerjaan": "Lainnya",
        "Sumber_Data": "Rekap_Lokasi_2023_2025 (1).xlsx",
        "Sumber_Sheet": "Lokasi 25",
        "Sumber_Baris": 78
      },
      "geometry": null
    },
    {
      "type": "Feature",
      "id": "other-380",
      "properties": {
        "OBJECTID": 200380,
        "rute": "surgem_A",
        "Dari": 750400,
        "Sampai": 750600,
        "Jalur": "A",
        "Lajur": "1",
        "Tanggal_Pelaksanaan": "2025-06-30",
        "Tanggal_Label": "Tahun 2025",
        "Tahun": 2025,
        "Keterangan": "Expansion joint",
        "KM_Asli_Dari": 750450,
        "KM_Asli_Sampai": 750450,
        "Kategori_Pekerjaan": "Lainnya",
        "Sumber_Data": "Rekap_Lokasi_2023_2025 (1).xlsx",
        "Sumber_Sheet": "Lokasi 25",
        "Sumber_Baris": 79
      },
      "geometry": null
    },
    {
      "type": "Feature",
      "id": "other-381",
      "properties": {
        "OBJECTID": 200381,
        "rute": "surgem_A",
        "Dari": 750400,
        "Sampai": 750600,
        "Jalur": "A",
        "Lajur": "2",
        "Tanggal_Pelaksanaan": "2025-06-30",
        "Tanggal_Label": "Tahun 2025",
        "Tahun": 2025,
        "Keterangan": "Expansion joint",
        "KM_Asli_Dari": 750450,
        "KM_Asli_Sampai": 750450,
        "Kategori_Pekerjaan": "Lainnya",
        "Sumber_Data": "Rekap_Lokasi_2023_2025 (1).xlsx",
        "Sumber_Sheet": "Lokasi 25",
        "Sumber_Baris": 80
      },
      "geometry": null
    },
    {
      "type": "Feature",
      "id": "other-382",
      "properties": {
        "OBJECTID": 200382,
        "rute": "surgem_A",
        "Dari": 750400,
        "Sampai": 750600,
        "Jalur": "A",
        "Lajur": "3",
        "Tanggal_Pelaksanaan": "2025-06-30",
        "Tanggal_Label": "Tahun 2025",
        "Tahun": 2025,
        "Keterangan": "Expansion joint",
        "KM_Asli_Dari": 750450,
        "KM_Asli_Sampai": 750450,
        "Kategori_Pekerjaan": "Lainnya",
        "Sumber_Data": "Rekap_Lokasi_2023_2025 (1).xlsx",
        "Sumber_Sheet": "Lokasi 25",
        "Sumber_Baris": 81
      },
      "geometry": null
    },
    {
      "type": "Feature",
      "id": "other-383",
      "properties": {
        "OBJECTID": 200383,
        "rute": "surgem_B",
        "Dari": 750400,
        "Sampai": 750600,
        "Jalur": "B",
        "Lajur": "1",
        "Tanggal_Pelaksanaan": "2025-06-30",
        "Tanggal_Label": "Tahun 2025",
        "Tahun": 2025,
        "Keterangan": "Expansion joint",
        "KM_Asli_Dari": 750450,
        "KM_Asli_Sampai": 750450,
        "Kategori_Pekerjaan": "Lainnya",
        "Sumber_Data": "Rekap_Lokasi_2023_2025 (1).xlsx",
        "Sumber_Sheet": "Lokasi 25",
        "Sumber_Baris": 82
      },
      "geometry": null
    },
    {
      "type": "Feature",
      "id": "other-384",
      "properties": {
        "OBJECTID": 200384,
        "rute": "surgem_B",
        "Dari": 750400,
        "Sampai": 750600,
        "Jalur": "B",
        "Lajur": "2",
        "Tanggal_Pelaksanaan": "2025-06-30",
        "Tanggal_Label": "Tahun 2025",
        "Tahun": 2025,
        "Keterangan": "Expansion joint",
        "KM_Asli_Dari": 750450,
        "KM_Asli_Sampai": 750450,
        "Kategori_Pekerjaan": "Lainnya",
        "Sumber_Data": "Rekap_Lokasi_2023_2025 (1).xlsx",
        "Sumber_Sheet": "Lokasi 25",
        "Sumber_Baris": 83
      },
      "geometry": null
    },
    {
      "type": "Feature",
      "id": "other-385",
      "properties": {
        "OBJECTID": 200385,
        "rute": "surgem_B",
        "Dari": 750400,
        "Sampai": 750600,
        "Jalur": "B",
        "Lajur": "3",
        "Tanggal_Pelaksanaan": "2025-06-30",
        "Tanggal_Label": "Tahun 2025",
        "Tahun": 2025,
        "Keterangan": "Expansion joint",
        "KM_Asli_Dari": 750450,
        "KM_Asli_Sampai": 750450,
        "Kategori_Pekerjaan": "Lainnya",
        "Sumber_Data": "Rekap_Lokasi_2023_2025 (1).xlsx",
        "Sumber_Sheet": "Lokasi 25",
        "Sumber_Baris": 84
      },
      "geometry": null
    },
    {
      "type": "Feature",
      "id": "other-386",
      "properties": {
        "OBJECTID": 200386,
        "rute": "surgem_A",
        "Dari": 750400,
        "Sampai": 750600,
        "Jalur": "A",
        "Lajur": "1",
        "Tanggal_Pelaksanaan": "2025-06-30",
        "Tanggal_Label": "Tahun 2025",
        "Tahun": 2025,
        "Keterangan": "Expansion joint",
        "KM_Asli_Dari": 750500,
        "KM_Asli_Sampai": 750500,
        "Kategori_Pekerjaan": "Lainnya",
        "Sumber_Data": "Rekap_Lokasi_2023_2025 (1).xlsx",
        "Sumber_Sheet": "Lokasi 25",
        "Sumber_Baris": 85
      },
      "geometry": null
    },
    {
      "type": "Feature",
      "id": "other-387",
      "properties": {
        "OBJECTID": 200387,
        "rute": "surgem_A",
        "Dari": 750400,
        "Sampai": 750600,
        "Jalur": "A",
        "Lajur": "2",
        "Tanggal_Pelaksanaan": "2025-06-30",
        "Tanggal_Label": "Tahun 2025",
        "Tahun": 2025,
        "Keterangan": "Expansion joint",
        "KM_Asli_Dari": 750500,
        "KM_Asli_Sampai": 750500,
        "Kategori_Pekerjaan": "Lainnya",
        "Sumber_Data": "Rekap_Lokasi_2023_2025 (1).xlsx",
        "Sumber_Sheet": "Lokasi 25",
        "Sumber_Baris": 86
      },
      "geometry": null
    },
    {
      "type": "Feature",
      "id": "other-388",
      "properties": {
        "OBJECTID": 200388,
        "rute": "surgem_A",
        "Dari": 750400,
        "Sampai": 750600,
        "Jalur": "A",
        "Lajur": "3",
        "Tanggal_Pelaksanaan": "2025-06-30",
        "Tanggal_Label": "Tahun 2025",
        "Tahun": 2025,
        "Keterangan": "Expansion joint",
        "KM_Asli_Dari": 750500,
        "KM_Asli_Sampai": 750500,
        "Kategori_Pekerjaan": "Lainnya",
        "Sumber_Data": "Rekap_Lokasi_2023_2025 (1).xlsx",
        "Sumber_Sheet": "Lokasi 25",
        "Sumber_Baris": 87
      },
      "geometry": null
    },
    {
      "type": "Feature",
      "id": "other-389",
      "properties": {
        "OBJECTID": 200389,
        "rute": "surgem_B",
        "Dari": 750400,
        "Sampai": 750600,
        "Jalur": "B",
        "Lajur": "1",
        "Tanggal_Pelaksanaan": "2025-06-30",
        "Tanggal_Label": "Tahun 2025",
        "Tahun": 2025,
        "Keterangan": "Expansion joint",
        "KM_Asli_Dari": 750500,
        "KM_Asli_Sampai": 750500,
        "Kategori_Pekerjaan": "Lainnya",
        "Sumber_Data": "Rekap_Lokasi_2023_2025 (1).xlsx",
        "Sumber_Sheet": "Lokasi 25",
        "Sumber_Baris": 88
      },
      "geometry": null
    },
    {
      "type": "Feature",
      "id": "other-390",
      "properties": {
        "OBJECTID": 200390,
        "rute": "surgem_B",
        "Dari": 750400,
        "Sampai": 750600,
        "Jalur": "B",
        "Lajur": "2",
        "Tanggal_Pelaksanaan": "2025-06-30",
        "Tanggal_Label": "Tahun 2025",
        "Tahun": 2025,
        "Keterangan": "Expansion joint",
        "KM_Asli_Dari": 750500,
        "KM_Asli_Sampai": 750500,
        "Kategori_Pekerjaan": "Lainnya",
        "Sumber_Data": "Rekap_Lokasi_2023_2025 (1).xlsx",
        "Sumber_Sheet": "Lokasi 25",
        "Sumber_Baris": 89
      },
      "geometry": null
    },
    {
      "type": "Feature",
      "id": "other-391",
      "properties": {
        "OBJECTID": 200391,
        "rute": "surgem_B",
        "Dari": 750400,
        "Sampai": 750600,
        "Jalur": "B",
        "Lajur": "3",
        "Tanggal_Pelaksanaan": "2025-06-30",
        "Tanggal_Label": "Tahun 2025",
        "Tahun": 2025,
        "Keterangan": "Expansion joint",
        "KM_Asli_Dari": 750500,
        "KM_Asli_Sampai": 750500,
        "Kategori_Pekerjaan": "Lainnya",
        "Sumber_Data": "Rekap_Lokasi_2023_2025 (1).xlsx",
        "Sumber_Sheet": "Lokasi 25",
        "Sumber_Baris": 90
      },
      "geometry": null
    },
    {
      "type": "Feature",
      "id": "other-392",
      "properties": {
        "OBJECTID": 200392,
        "rute": "surgem_B",
        "Dari": 751400,
        "Sampai": 751600,
        "Jalur": "B",
        "Lajur": "1",
        "Tanggal_Pelaksanaan": "2025-06-30",
        "Tanggal_Label": "Tahun 2025",
        "Tahun": 2025,
        "Keterangan": "Expansion joint",
        "KM_Asli_Dari": 751450,
        "KM_Asli_Sampai": 751450,
        "Kategori_Pekerjaan": "Lainnya",
        "Sumber_Data": "Rekap_Lokasi_2023_2025 (1).xlsx",
        "Sumber_Sheet": "Lokasi 25",
        "Sumber_Baris": 91
      },
      "geometry": null
    },
    {
      "type": "Feature",
      "id": "other-393",
      "properties": {
        "OBJECTID": 200393,
        "rute": "surgem_B",
        "Dari": 751400,
        "Sampai": 751600,
        "Jalur": "B",
        "Lajur": "2",
        "Tanggal_Pelaksanaan": "2025-06-30",
        "Tanggal_Label": "Tahun 2025",
        "Tahun": 2025,
        "Keterangan": "Expansion joint",
        "KM_Asli_Dari": 751450,
        "KM_Asli_Sampai": 751450,
        "Kategori_Pekerjaan": "Lainnya",
        "Sumber_Data": "Rekap_Lokasi_2023_2025 (1).xlsx",
        "Sumber_Sheet": "Lokasi 25",
        "Sumber_Baris": 92
      },
      "geometry": null
    },
    {
      "type": "Feature",
      "id": "other-394",
      "properties": {
        "OBJECTID": 200394,
        "rute": "surgem_B",
        "Dari": 751400,
        "Sampai": 751600,
        "Jalur": "B",
        "Lajur": "3",
        "Tanggal_Pelaksanaan": "2025-06-30",
        "Tanggal_Label": "Tahun 2025",
        "Tahun": 2025,
        "Keterangan": "Expansion joint",
        "KM_Asli_Dari": 751450,
        "KM_Asli_Sampai": 751450,
        "Kategori_Pekerjaan": "Lainnya",
        "Sumber_Data": "Rekap_Lokasi_2023_2025 (1).xlsx",
        "Sumber_Sheet": "Lokasi 25",
        "Sumber_Baris": 93
      },
      "geometry": null
    },
    {
      "type": "Feature",
      "id": "other-395",
      "properties": {
        "OBJECTID": 200395,
        "rute": "surgem_B",
        "Dari": 751400,
        "Sampai": 751600,
        "Jalur": "B",
        "Lajur": "1",
        "Tanggal_Pelaksanaan": "2025-06-30",
        "Tanggal_Label": "Tahun 2025",
        "Tahun": 2025,
        "Keterangan": "Expansion joint",
        "KM_Asli_Dari": 751470,
        "KM_Asli_Sampai": 751470,
        "Kategori_Pekerjaan": "Lainnya",
        "Sumber_Data": "Rekap_Lokasi_2023_2025 (1).xlsx",
        "Sumber_Sheet": "Lokasi 25",
        "Sumber_Baris": 94
      },
      "geometry": null
    },
    {
      "type": "Feature",
      "id": "other-396",
      "properties": {
        "OBJECTID": 200396,
        "rute": "surgem_B",
        "Dari": 751400,
        "Sampai": 751600,
        "Jalur": "B",
        "Lajur": "2",
        "Tanggal_Pelaksanaan": "2025-06-30",
        "Tanggal_Label": "Tahun 2025",
        "Tahun": 2025,
        "Keterangan": "Expansion joint",
        "KM_Asli_Dari": 751470,
        "KM_Asli_Sampai": 751470,
        "Kategori_Pekerjaan": "Lainnya",
        "Sumber_Data": "Rekap_Lokasi_2023_2025 (1).xlsx",
        "Sumber_Sheet": "Lokasi 25",
        "Sumber_Baris": 95
      },
      "geometry": null
    },
    {
      "type": "Feature",
      "id": "other-397",
      "properties": {
        "OBJECTID": 200397,
        "rute": "surgem_B",
        "Dari": 751400,
        "Sampai": 751600,
        "Jalur": "B",
        "Lajur": "3",
        "Tanggal_Pelaksanaan": "2025-06-30",
        "Tanggal_Label": "Tahun 2025",
        "Tahun": 2025,
        "Keterangan": "Expansion joint",
        "KM_Asli_Dari": 751470,
        "KM_Asli_Sampai": 751470,
        "Kategori_Pekerjaan": "Lainnya",
        "Sumber_Data": "Rekap_Lokasi_2023_2025 (1).xlsx",
        "Sumber_Sheet": "Lokasi 25",
        "Sumber_Baris": 96
      },
      "geometry": null
    },
    {
      "type": "Feature",
      "id": "other-398",
      "properties": {
        "OBJECTID": 200398,
        "rute": "surgem_B",
        "Dari": 753600,
        "Sampai": 753800,
        "Jalur": "B",
        "Lajur": "1",
        "Tanggal_Pelaksanaan": "2025-06-30",
        "Tanggal_Label": "Tahun 2025",
        "Tahun": 2025,
        "Keterangan": "Expansion joint",
        "KM_Asli_Dari": 753630,
        "KM_Asli_Sampai": 753630,
        "Kategori_Pekerjaan": "Lainnya",
        "Sumber_Data": "Rekap_Lokasi_2023_2025 (1).xlsx",
        "Sumber_Sheet": "Lokasi 25",
        "Sumber_Baris": 97
      },
      "geometry": null
    },
    {
      "type": "Feature",
      "id": "other-399",
      "properties": {
        "OBJECTID": 200399,
        "rute": "surgem_B",
        "Dari": 753600,
        "Sampai": 753800,
        "Jalur": "B",
        "Lajur": "2",
        "Tanggal_Pelaksanaan": "2025-06-30",
        "Tanggal_Label": "Tahun 2025",
        "Tahun": 2025,
        "Keterangan": "Expansion joint",
        "KM_Asli_Dari": 753630,
        "KM_Asli_Sampai": 753630,
        "Kategori_Pekerjaan": "Lainnya",
        "Sumber_Data": "Rekap_Lokasi_2023_2025 (1).xlsx",
        "Sumber_Sheet": "Lokasi 25",
        "Sumber_Baris": 98
      },
      "geometry": null
    },
    {
      "type": "Feature",
      "id": "other-400",
      "properties": {
        "OBJECTID": 200400,
        "rute": "surgem_B",
        "Dari": 753600,
        "Sampai": 753800,
        "Jalur": "B",
        "Lajur": "3",
        "Tanggal_Pelaksanaan": "2025-06-30",
        "Tanggal_Label": "Tahun 2025",
        "Tahun": 2025,
        "Keterangan": "Expansion joint",
        "KM_Asli_Dari": 753630,
        "KM_Asli_Sampai": 753630,
        "Kategori_Pekerjaan": "Lainnya",
        "Sumber_Data": "Rekap_Lokasi_2023_2025 (1).xlsx",
        "Sumber_Sheet": "Lokasi 25",
        "Sumber_Baris": 99
      },
      "geometry": null
    },
    {
      "type": "Feature",
      "id": "other-401",
      "properties": {
        "OBJECTID": 200401,
        "rute": "surgem_A",
        "Dari": 755200,
        "Sampai": 755400,
        "Jalur": "A",
        "Lajur": "1",
        "Tanggal_Pelaksanaan": "2025-06-30",
        "Tanggal_Label": "Tahun 2025",
        "Tahun": 2025,
        "Keterangan": "Expansion joint",
        "KM_Asli_Dari": 755380,
        "KM_Asli_Sampai": 755380,
        "Kategori_Pekerjaan": "Lainnya",
        "Sumber_Data": "Rekap_Lokasi_2023_2025 (1).xlsx",
        "Sumber_Sheet": "Lokasi 25",
        "Sumber_Baris": 100
      },
      "geometry": null
    },
    {
      "type": "Feature",
      "id": "other-402",
      "properties": {
        "OBJECTID": 200402,
        "rute": "surgem_B",
        "Dari": 757400,
        "Sampai": 757600,
        "Jalur": "B",
        "Lajur": "1",
        "Tanggal_Pelaksanaan": "2025-06-30",
        "Tanggal_Label": "Tahun 2025",
        "Tahun": 2025,
        "Keterangan": "Expansion joint",
        "KM_Asli_Dari": 757430,
        "KM_Asli_Sampai": 757430,
        "Kategori_Pekerjaan": "Lainnya",
        "Sumber_Data": "Rekap_Lokasi_2023_2025 (1).xlsx",
        "Sumber_Sheet": "Lokasi 25",
        "Sumber_Baris": 101
      },
      "geometry": null
    },
    {
      "type": "Feature",
      "id": "other-403",
      "properties": {
        "OBJECTID": 200403,
        "rute": "surgem_A",
        "Dari": 757400,
        "Sampai": 757600,
        "Jalur": "A",
        "Lajur": "1",
        "Tanggal_Pelaksanaan": "2025-06-30",
        "Tanggal_Label": "Tahun 2025",
        "Tahun": 2025,
        "Keterangan": "Expansion joint",
        "KM_Asli_Dari": 757450,
        "KM_Asli_Sampai": 757450,
        "Kategori_Pekerjaan": "Lainnya",
        "Sumber_Data": "Rekap_Lokasi_2023_2025 (1).xlsx",
        "Sumber_Sheet": "Lokasi 25",
        "Sumber_Baris": 102
      },
      "geometry": null
    },
    {
      "type": "Feature",
      "id": "other-404",
      "properties": {
        "OBJECTID": 200404,
        "rute": "surgem_A",
        "Dari": 757400,
        "Sampai": 757600,
        "Jalur": "A",
        "Lajur": "2",
        "Tanggal_Pelaksanaan": "2025-06-30",
        "Tanggal_Label": "Tahun 2025",
        "Tahun": 2025,
        "Keterangan": "Expansion joint",
        "KM_Asli_Dari": 757450,
        "KM_Asli_Sampai": 757450,
        "Kategori_Pekerjaan": "Lainnya",
        "Sumber_Data": "Rekap_Lokasi_2023_2025 (1).xlsx",
        "Sumber_Sheet": "Lokasi 25",
        "Sumber_Baris": 103
      },
      "geometry": null
    },
    {
      "type": "Feature",
      "id": "other-405",
      "properties": {
        "OBJECTID": 200405,
        "rute": "surgem_A",
        "Dari": 757400,
        "Sampai": 757600,
        "Jalur": "A",
        "Lajur": "3",
        "Tanggal_Pelaksanaan": "2025-06-30",
        "Tanggal_Label": "Tahun 2025",
        "Tahun": 2025,
        "Keterangan": "Expansion joint",
        "KM_Asli_Dari": 757450,
        "KM_Asli_Sampai": 757450,
        "Kategori_Pekerjaan": "Lainnya",
        "Sumber_Data": "Rekap_Lokasi_2023_2025 (1).xlsx",
        "Sumber_Sheet": "Lokasi 25",
        "Sumber_Baris": 104
      },
      "geometry": null
    },
    {
      "type": "Feature",
      "id": "other-406",
      "properties": {
        "OBJECTID": 200406,
        "rute": "surgem_B",
        "Dari": 757400,
        "Sampai": 757600,
        "Jalur": "B",
        "Lajur": "1",
        "Tanggal_Pelaksanaan": "2025-06-30",
        "Tanggal_Label": "Tahun 2025",
        "Tahun": 2025,
        "Keterangan": "Expansion joint",
        "KM_Asli_Dari": 757450,
        "KM_Asli_Sampai": 757450,
        "Kategori_Pekerjaan": "Lainnya",
        "Sumber_Data": "Rekap_Lokasi_2023_2025 (1).xlsx",
        "Sumber_Sheet": "Lokasi 25",
        "Sumber_Baris": 105
      },
      "geometry": null
    },
    {
      "type": "Feature",
      "id": "other-407",
      "properties": {
        "OBJECTID": 200407,
        "rute": "surgem_B",
        "Dari": 757400,
        "Sampai": 757600,
        "Jalur": "B",
        "Lajur": "2",
        "Tanggal_Pelaksanaan": "2025-06-30",
        "Tanggal_Label": "Tahun 2025",
        "Tahun": 2025,
        "Keterangan": "Expansion joint",
        "KM_Asli_Dari": 757450,
        "KM_Asli_Sampai": 757450,
        "Kategori_Pekerjaan": "Lainnya",
        "Sumber_Data": "Rekap_Lokasi_2023_2025 (1).xlsx",
        "Sumber_Sheet": "Lokasi 25",
        "Sumber_Baris": 106
      },
      "geometry": null
    },
    {
      "type": "Feature",
      "id": "other-408",
      "properties": {
        "OBJECTID": 200408,
        "rute": "surgem_B",
        "Dari": 758200,
        "Sampai": 758400,
        "Jalur": "B",
        "Lajur": "2",
        "Tanggal_Pelaksanaan": "2025-06-30",
        "Tanggal_Label": "Tahun 2025",
        "Tahun": 2025,
        "Keterangan": "Expansion joint",
        "KM_Asli_Dari": 758390,
        "KM_Asli_Sampai": 758390,
        "Kategori_Pekerjaan": "Lainnya",
        "Sumber_Data": "Rekap_Lokasi_2023_2025 (1).xlsx",
        "Sumber_Sheet": "Lokasi 25",
        "Sumber_Baris": 107
      },
      "geometry": null
    },
    {
      "type": "Feature",
      "id": "other-409",
      "properties": {
        "OBJECTID": 200409,
        "rute": "surgem_B",
        "Dari": 758600,
        "Sampai": 758800,
        "Jalur": "B",
        "Lajur": "1",
        "Tanggal_Pelaksanaan": "2025-06-30",
        "Tanggal_Label": "Tahun 2025",
        "Tahun": 2025,
        "Keterangan": "Expansion joint",
        "KM_Asli_Dari": 758700,
        "KM_Asli_Sampai": 758700,
        "Kategori_Pekerjaan": "Lainnya",
        "Sumber_Data": "Rekap_Lokasi_2023_2025 (1).xlsx",
        "Sumber_Sheet": "Lokasi 25",
        "Sumber_Baris": 108
      },
      "geometry": null
    },
    {
      "type": "Feature",
      "id": "other-410",
      "properties": {
        "OBJECTID": 200410,
        "rute": "surgem_A",
        "Dari": 758600,
        "Sampai": 758800,
        "Jalur": "A",
        "Lajur": "2",
        "Tanggal_Pelaksanaan": "2025-06-30",
        "Tanggal_Label": "Tahun 2025",
        "Tahun": 2025,
        "Keterangan": "Expansion joint",
        "KM_Asli_Dari": 758750,
        "KM_Asli_Sampai": 758750,
        "Kategori_Pekerjaan": "Lainnya",
        "Sumber_Data": "Rekap_Lokasi_2023_2025 (1).xlsx",
        "Sumber_Sheet": "Lokasi 25",
        "Sumber_Baris": 109
      },
      "geometry": null
    },
    {
      "type": "Feature",
      "id": "other-411",
      "properties": {
        "OBJECTID": 200411,
        "rute": "surgem_B",
        "Dari": 758800,
        "Sampai": 759000,
        "Jalur": "B",
        "Lajur": "1",
        "Tanggal_Pelaksanaan": "2025-06-30",
        "Tanggal_Label": "Tahun 2025",
        "Tahun": 2025,
        "Keterangan": "Expansion joint",
        "KM_Asli_Dari": 758830,
        "KM_Asli_Sampai": 758830,
        "Kategori_Pekerjaan": "Lainnya",
        "Sumber_Data": "Rekap_Lokasi_2023_2025 (1).xlsx",
        "Sumber_Sheet": "Lokasi 25",
        "Sumber_Baris": 110
      },
      "geometry": null
    },
    {
      "type": "Feature",
      "id": "other-412",
      "properties": {
        "OBJECTID": 200412,
        "rute": "surgem_B",
        "Dari": 758800,
        "Sampai": 759000,
        "Jalur": "B",
        "Lajur": "2",
        "Tanggal_Pelaksanaan": "2025-06-30",
        "Tanggal_Label": "Tahun 2025",
        "Tahun": 2025,
        "Keterangan": "Expansion joint",
        "KM_Asli_Dari": 758830,
        "KM_Asli_Sampai": 758830,
        "Kategori_Pekerjaan": "Lainnya",
        "Sumber_Data": "Rekap_Lokasi_2023_2025 (1).xlsx",
        "Sumber_Sheet": "Lokasi 25",
        "Sumber_Baris": 111
      },
      "geometry": null
    },
    {
      "type": "Feature",
      "id": "other-413",
      "properties": {
        "OBJECTID": 200413,
        "rute": "surgem_A",
        "Dari": 763000,
        "Sampai": 763200,
        "Jalur": "A",
        "Lajur": "1",
        "Tanggal_Pelaksanaan": "2025-06-30",
        "Tanggal_Label": "Tahun 2025",
        "Tahun": 2025,
        "Keterangan": "Expansion joint",
        "KM_Asli_Dari": 763100,
        "KM_Asli_Sampai": 763100,
        "Kategori_Pekerjaan": "Lainnya",
        "Sumber_Data": "Rekap_Lokasi_2023_2025 (1).xlsx",
        "Sumber_Sheet": "Lokasi 25",
        "Sumber_Baris": 112
      },
      "geometry": null
    },
    {
      "type": "Feature",
      "id": "other-414",
      "properties": {
        "OBJECTID": 200414,
        "rute": "surgem_B",
        "Dari": 767800,
        "Sampai": 768000,
        "Jalur": "B",
        "Lajur": "1",
        "Tanggal_Pelaksanaan": "2025-06-30",
        "Tanggal_Label": "Tahun 2025",
        "Tahun": 2025,
        "Keterangan": "Expansion joint",
        "KM_Asli_Dari": 767850,
        "KM_Asli_Sampai": 767850,
        "Kategori_Pekerjaan": "Lainnya",
        "Sumber_Data": "Rekap_Lokasi_2023_2025 (1).xlsx",
        "Sumber_Sheet": "Lokasi 25",
        "Sumber_Baris": 113
      },
      "geometry": null
    },
    {
      "type": "Feature",
      "id": "other-415",
      "properties": {
        "OBJECTID": 200415,
        "rute": "surgem_B",
        "Dari": 768000,
        "Sampai": 768200,
        "Jalur": "B",
        "Lajur": "1",
        "Tanggal_Pelaksanaan": "2025-06-30",
        "Tanggal_Label": "Tahun 2025",
        "Tahun": 2025,
        "Keterangan": "Expansion joint",
        "KM_Asli_Dari": 768030,
        "KM_Asli_Sampai": 768030,
        "Kategori_Pekerjaan": "Lainnya",
        "Sumber_Data": "Rekap_Lokasi_2023_2025 (1).xlsx",
        "Sumber_Sheet": "Lokasi 25",
        "Sumber_Baris": 114
      },
      "geometry": null
    },
    {
      "type": "Feature",
      "id": "other-416",
      "properties": {
        "OBJECTID": 200416,
        "rute": "surgem_B",
        "Dari": 768000,
        "Sampai": 768200,
        "Jalur": "B",
        "Lajur": "2",
        "Tanggal_Pelaksanaan": "2025-06-30",
        "Tanggal_Label": "Tahun 2025",
        "Tahun": 2025,
        "Keterangan": "Expansion joint",
        "KM_Asli_Dari": 768030,
        "KM_Asli_Sampai": 768030,
        "Kategori_Pekerjaan": "Lainnya",
        "Sumber_Data": "Rekap_Lokasi_2023_2025 (1).xlsx",
        "Sumber_Sheet": "Lokasi 25",
        "Sumber_Baris": 115
      },
      "geometry": null
    },
    {
      "type": "Feature",
      "id": "other-417",
      "properties": {
        "OBJECTID": 200417,
        "rute": "surgem_A",
        "Dari": 770800,
        "Sampai": 771000,
        "Jalur": "A",
        "Lajur": "1",
        "Tanggal_Pelaksanaan": "2025-06-30",
        "Tanggal_Label": "Tahun 2025",
        "Tahun": 2025,
        "Keterangan": "Expansion joint",
        "KM_Asli_Dari": 770900,
        "KM_Asli_Sampai": 770900,
        "Kategori_Pekerjaan": "Lainnya",
        "Sumber_Data": "Rekap_Lokasi_2023_2025 (1).xlsx",
        "Sumber_Sheet": "Lokasi 25",
        "Sumber_Baris": 116
      },
      "geometry": null
    },
    {
      "type": "Feature",
      "id": "other-418",
      "properties": {
        "OBJECTID": 200418,
        "rute": "surgem_A",
        "Dari": 770800,
        "Sampai": 771000,
        "Jalur": "A",
        "Lajur": "2",
        "Tanggal_Pelaksanaan": "2025-06-30",
        "Tanggal_Label": "Tahun 2025",
        "Tahun": 2025,
        "Keterangan": "Expansion joint",
        "KM_Asli_Dari": 770900,
        "KM_Asli_Sampai": 770900,
        "Kategori_Pekerjaan": "Lainnya",
        "Sumber_Data": "Rekap_Lokasi_2023_2025 (1).xlsx",
        "Sumber_Sheet": "Lokasi 25",
        "Sumber_Baris": 117
      },
      "geometry": null
    },
    {
      "type": "Feature",
      "id": "other-419",
      "properties": {
        "OBJECTID": 200419,
        "rute": "surgem_B",
        "Dari": 770800,
        "Sampai": 771000,
        "Jalur": "B",
        "Lajur": "1",
        "Tanggal_Pelaksanaan": "2025-06-30",
        "Tanggal_Label": "Tahun 2025",
        "Tahun": 2025,
        "Keterangan": "Expansion joint",
        "KM_Asli_Dari": 770900,
        "KM_Asli_Sampai": 770900,
        "Kategori_Pekerjaan": "Lainnya",
        "Sumber_Data": "Rekap_Lokasi_2023_2025 (1).xlsx",
        "Sumber_Sheet": "Lokasi 25",
        "Sumber_Baris": 118
      },
      "geometry": null
    },
    {
      "type": "Feature",
      "id": "other-420",
      "properties": {
        "OBJECTID": 200420,
        "rute": "surgem_B",
        "Dari": 771000,
        "Sampai": 771200,
        "Jalur": "B",
        "Lajur": "2",
        "Tanggal_Pelaksanaan": "2025-06-30",
        "Tanggal_Label": "Tahun 2025",
        "Tahun": 2025,
        "Keterangan": "Expansion joint",
        "KM_Asli_Dari": 771030,
        "KM_Asli_Sampai": 771030,
        "Kategori_Pekerjaan": "Lainnya",
        "Sumber_Data": "Rekap_Lokasi_2023_2025 (1).xlsx",
        "Sumber_Sheet": "Lokasi 25",
        "Sumber_Baris": 119
      },
      "geometry": null
    },
    {
      "type": "Feature",
      "id": "other-421",
      "properties": {
        "OBJECTID": 200421,
        "rute": "surgem_B",
        "Dari": 771000,
        "Sampai": 771200,
        "Jalur": "B",
        "Lajur": "2",
        "Tanggal_Pelaksanaan": "2025-06-30",
        "Tanggal_Label": "Tahun 2025",
        "Tahun": 2025,
        "Keterangan": "Expansion joint",
        "KM_Asli_Dari": 771035,
        "KM_Asli_Sampai": 771035,
        "Kategori_Pekerjaan": "Lainnya",
        "Sumber_Data": "Rekap_Lokasi_2023_2025 (1).xlsx",
        "Sumber_Sheet": "Lokasi 25",
        "Sumber_Baris": 121
      },
      "geometry": null
    },
    {
      "type": "Feature",
      "id": "other-422",
      "properties": {
        "OBJECTID": 200422,
        "rute": "surgem_B",
        "Dari": 771000,
        "Sampai": 771200,
        "Jalur": "B",
        "Lajur": "2",
        "Tanggal_Pelaksanaan": "2025-06-30",
        "Tanggal_Label": "Tahun 2025",
        "Tahun": 2025,
        "Keterangan": "Expansion joint",
        "KM_Asli_Dari": 771100,
        "KM_Asli_Sampai": 771100,
        "Kategori_Pekerjaan": "Lainnya",
        "Sumber_Data": "Rekap_Lokasi_2023_2025 (1).xlsx",
        "Sumber_Sheet": "Lokasi 25",
        "Sumber_Baris": 123
      },
      "geometry": null
    },
    {
      "type": "Feature",
      "id": "other-423",
      "properties": {
        "OBJECTID": 200423,
        "rute": "surgem_B",
        "Dari": 771400,
        "Sampai": 771600,
        "Jalur": "B",
        "Lajur": "1",
        "Tanggal_Pelaksanaan": "2025-06-30",
        "Tanggal_Label": "Tahun 2025",
        "Tahun": 2025,
        "Keterangan": "Expansion joint",
        "KM_Asli_Dari": 771400,
        "KM_Asli_Sampai": 771400,
        "Kategori_Pekerjaan": "Lainnya",
        "Sumber_Data": "Rekap_Lokasi_2023_2025 (1).xlsx",
        "Sumber_Sheet": "Lokasi 25",
        "Sumber_Baris": 124
      },
      "geometry": null
    },
    {
      "type": "Feature",
      "id": "other-424",
      "properties": {
        "OBJECTID": 200424,
        "rute": "surgem_A",
        "Dari": 771400,
        "Sampai": 771600,
        "Jalur": "A",
        "Lajur": "1",
        "Tanggal_Pelaksanaan": "2025-06-30",
        "Tanggal_Label": "Tahun 2025",
        "Tahun": 2025,
        "Keterangan": "Expansion joint",
        "KM_Asli_Dari": 771450,
        "KM_Asli_Sampai": 771450,
        "Kategori_Pekerjaan": "Lainnya",
        "Sumber_Data": "Rekap_Lokasi_2023_2025 (1).xlsx",
        "Sumber_Sheet": "Lokasi 25",
        "Sumber_Baris": 126
      },
      "geometry": null
    },
    {
      "type": "Feature",
      "id": "other-425",
      "properties": {
        "OBJECTID": 200425,
        "rute": "surgem_A",
        "Dari": 771400,
        "Sampai": 771600,
        "Jalur": "A",
        "Lajur": "2",
        "Tanggal_Pelaksanaan": "2025-06-30",
        "Tanggal_Label": "Tahun 2025",
        "Tahun": 2025,
        "Keterangan": "Expansion joint",
        "KM_Asli_Dari": 771450,
        "KM_Asli_Sampai": 771450,
        "Kategori_Pekerjaan": "Lainnya",
        "Sumber_Data": "Rekap_Lokasi_2023_2025 (1).xlsx",
        "Sumber_Sheet": "Lokasi 25",
        "Sumber_Baris": 127
      },
      "geometry": null
    },
    {
      "type": "Feature",
      "id": "other-426",
      "properties": {
        "OBJECTID": 200426,
        "rute": "surgem_A",
        "Dari": 1600,
        "Sampai": 1800,
        "Jalur": "A",
        "Lajur": "2",
        "Tanggal_Pelaksanaan": "2026-01-01",
        "Tanggal_Label": "Tahun 2026",
        "Tahun": 2026,
        "Keterangan": "Expansion joint",
        "KM_Asli_Dari": 1600,
        "KM_Asli_Sampai": 1600,
        "Kategori_Pekerjaan": "Lainnya",
        "Sumber_Data": "Rekap_Lokasi_2023_2025 (1).xlsx",
        "Sumber_Sheet": "Lokasi 26",
        "Sumber_Baris": 7
      },
      "geometry": null
    },
    {
      "type": "Feature",
      "id": "other-427",
      "properties": {
        "OBJECTID": 200427,
        "rute": "surgem_A",
        "Dari": 1600,
        "Sampai": 1800,
        "Jalur": "A",
        "Lajur": "1",
        "Tanggal_Pelaksanaan": "2026-01-01",
        "Tanggal_Label": "Tahun 2026",
        "Tahun": 2026,
        "Keterangan": "Expansion joint",
        "KM_Asli_Dari": 1680,
        "KM_Asli_Sampai": 1680,
        "Kategori_Pekerjaan": "Lainnya",
        "Sumber_Data": "Rekap_Lokasi_2023_2025 (1).xlsx",
        "Sumber_Sheet": "Lokasi 26",
        "Sumber_Baris": 8
      },
      "geometry": null
    },
    {
      "type": "Feature",
      "id": "other-428",
      "properties": {
        "OBJECTID": 200428,
        "rute": "surgem_A",
        "Dari": 1600,
        "Sampai": 1800,
        "Jalur": "A",
        "Lajur": "1",
        "Tanggal_Pelaksanaan": "2026-01-01",
        "Tanggal_Label": "Tahun 2026",
        "Tahun": 2026,
        "Keterangan": "Expansion joint",
        "KM_Asli_Dari": 1700,
        "KM_Asli_Sampai": 1700,
        "Kategori_Pekerjaan": "Lainnya",
        "Sumber_Data": "Rekap_Lokasi_2023_2025 (1).xlsx",
        "Sumber_Sheet": "Lokasi 26",
        "Sumber_Baris": 9
      },
      "geometry": null
    },
    {
      "type": "Feature",
      "id": "other-429",
      "properties": {
        "OBJECTID": 200429,
        "rute": "surgem_A",
        "Dari": 1600,
        "Sampai": 1800,
        "Jalur": "A",
        "Lajur": "1",
        "Tanggal_Pelaksanaan": "2026-01-01",
        "Tanggal_Label": "Tahun 2026",
        "Tahun": 2026,
        "Keterangan": "Expansion joint",
        "KM_Asli_Dari": 1740,
        "KM_Asli_Sampai": 1740,
        "Kategori_Pekerjaan": "Lainnya",
        "Sumber_Data": "Rekap_Lokasi_2023_2025 (1).xlsx",
        "Sumber_Sheet": "Lokasi 26",
        "Sumber_Baris": 10
      },
      "geometry": null
    },
    {
      "type": "Feature",
      "id": "other-430",
      "properties": {
        "OBJECTID": 200430,
        "rute": "surgem_A",
        "Dari": 1600,
        "Sampai": 1800,
        "Jalur": "A",
        "Lajur": "2",
        "Tanggal_Pelaksanaan": "2026-01-01",
        "Tanggal_Label": "Tahun 2026",
        "Tahun": 2026,
        "Keterangan": "Expansion joint",
        "KM_Asli_Dari": 1740,
        "KM_Asli_Sampai": 1740,
        "Kategori_Pekerjaan": "Lainnya",
        "Sumber_Data": "Rekap_Lokasi_2023_2025 (1).xlsx",
        "Sumber_Sheet": "Lokasi 26",
        "Sumber_Baris": 11
      },
      "geometry": null
    },
    {
      "type": "Feature",
      "id": "other-431",
      "properties": {
        "OBJECTID": 200431,
        "rute": "surgem_A",
        "Dari": 1600,
        "Sampai": 1800,
        "Jalur": "A",
        "Lajur": "1",
        "Tanggal_Pelaksanaan": "2026-01-01",
        "Tanggal_Label": "Tahun 2026",
        "Tahun": 2026,
        "Keterangan": "Expansion joint",
        "KM_Asli_Dari": 1780,
        "KM_Asli_Sampai": 1780,
        "Kategori_Pekerjaan": "Lainnya",
        "Sumber_Data": "Rekap_Lokasi_2023_2025 (1).xlsx",
        "Sumber_Sheet": "Lokasi 26",
        "Sumber_Baris": 12
      },
      "geometry": null
    },
    {
      "type": "Feature",
      "id": "other-432",
      "properties": {
        "OBJECTID": 200432,
        "rute": "surgem_A",
        "Dari": 1600,
        "Sampai": 1800,
        "Jalur": "A",
        "Lajur": "2",
        "Tanggal_Pelaksanaan": "2026-01-01",
        "Tanggal_Label": "Tahun 2026",
        "Tahun": 2026,
        "Keterangan": "Expansion joint",
        "KM_Asli_Dari": 1780,
        "KM_Asli_Sampai": 1780,
        "Kategori_Pekerjaan": "Lainnya",
        "Sumber_Data": "Rekap_Lokasi_2023_2025 (1).xlsx",
        "Sumber_Sheet": "Lokasi 26",
        "Sumber_Baris": 13
      },
      "geometry": null
    },
    {
      "type": "Feature",
      "id": "other-433",
      "properties": {
        "OBJECTID": 200433,
        "rute": "surgem_A",
        "Dari": 1800,
        "Sampai": 2000,
        "Jalur": "A",
        "Lajur": "1",
        "Tanggal_Pelaksanaan": "2026-01-01",
        "Tanggal_Label": "Tahun 2026",
        "Tahun": 2026,
        "Keterangan": "Expansion joint",
        "KM_Asli_Dari": 1840,
        "KM_Asli_Sampai": 1840,
        "Kategori_Pekerjaan": "Lainnya",
        "Sumber_Data": "Rekap_Lokasi_2023_2025 (1).xlsx",
        "Sumber_Sheet": "Lokasi 26",
        "Sumber_Baris": 14
      },
      "geometry": null
    },
    {
      "type": "Feature",
      "id": "other-434",
      "properties": {
        "OBJECTID": 200434,
        "rute": "surgem_A",
        "Dari": 1800,
        "Sampai": 2000,
        "Jalur": "A",
        "Lajur": "2",
        "Tanggal_Pelaksanaan": "2026-01-01",
        "Tanggal_Label": "Tahun 2026",
        "Tahun": 2026,
        "Keterangan": "Expansion joint",
        "KM_Asli_Dari": 1840,
        "KM_Asli_Sampai": 1840,
        "Kategori_Pekerjaan": "Lainnya",
        "Sumber_Data": "Rekap_Lokasi_2023_2025 (1).xlsx",
        "Sumber_Sheet": "Lokasi 26",
        "Sumber_Baris": 15
      },
      "geometry": null
    },
    {
      "type": "Feature",
      "id": "other-435",
      "properties": {
        "OBJECTID": 200435,
        "rute": "surgem_B",
        "Dari": 1800,
        "Sampai": 2000,
        "Jalur": "B",
        "Lajur": "1",
        "Tanggal_Pelaksanaan": "2026-01-01",
        "Tanggal_Label": "Tahun 2026",
        "Tahun": 2026,
        "Keterangan": "Expansion joint",
        "KM_Asli_Dari": 1890,
        "KM_Asli_Sampai": 1890,
        "Kategori_Pekerjaan": "Lainnya",
        "Sumber_Data": "Rekap_Lokasi_2023_2025 (1).xlsx",
        "Sumber_Sheet": "Lokasi 26",
        "Sumber_Baris": 16
      },
      "geometry": null
    },
    {
      "type": "Feature",
      "id": "other-436",
      "properties": {
        "OBJECTID": 200436,
        "rute": "surgem_B",
        "Dari": 1800,
        "Sampai": 2000,
        "Jalur": "B",
        "Lajur": "2",
        "Tanggal_Pelaksanaan": "2026-01-01",
        "Tanggal_Label": "Tahun 2026",
        "Tahun": 2026,
        "Keterangan": "Expansion joint",
        "KM_Asli_Dari": 1890,
        "KM_Asli_Sampai": 1890,
        "Kategori_Pekerjaan": "Lainnya",
        "Sumber_Data": "Rekap_Lokasi_2023_2025 (1).xlsx",
        "Sumber_Sheet": "Lokasi 26",
        "Sumber_Baris": 17
      },
      "geometry": null
    },
    {
      "type": "Feature",
      "id": "other-437",
      "properties": {
        "OBJECTID": 200437,
        "rute": "surgem_A",
        "Dari": 1800,
        "Sampai": 2000,
        "Jalur": "A",
        "Lajur": "1",
        "Tanggal_Pelaksanaan": "2026-01-01",
        "Tanggal_Label": "Tahun 2026",
        "Tahun": 2026,
        "Keterangan": "Expansion joint",
        "KM_Asli_Dari": 1900,
        "KM_Asli_Sampai": 1900,
        "Kategori_Pekerjaan": "Lainnya",
        "Sumber_Data": "Rekap_Lokasi_2023_2025 (1).xlsx",
        "Sumber_Sheet": "Lokasi 26",
        "Sumber_Baris": 18
      },
      "geometry": null
    },
    {
      "type": "Feature",
      "id": "other-438",
      "properties": {
        "OBJECTID": 200438,
        "rute": "surgem_A",
        "Dari": 1800,
        "Sampai": 2000,
        "Jalur": "A",
        "Lajur": "1",
        "Tanggal_Pelaksanaan": "2026-01-01",
        "Tanggal_Label": "Tahun 2026",
        "Tahun": 2026,
        "Keterangan": "Expansion joint",
        "KM_Asli_Dari": 1900,
        "KM_Asli_Sampai": 1900,
        "Kategori_Pekerjaan": "Lainnya",
        "Sumber_Data": "Rekap_Lokasi_2023_2025 (1).xlsx",
        "Sumber_Sheet": "Lokasi 26",
        "Sumber_Baris": 19
      },
      "geometry": null
    },
    {
      "type": "Feature",
      "id": "other-439",
      "properties": {
        "OBJECTID": 200439,
        "rute": "surgem_B",
        "Dari": 1800,
        "Sampai": 2000,
        "Jalur": "B",
        "Lajur": "1",
        "Tanggal_Pelaksanaan": "2026-01-01",
        "Tanggal_Label": "Tahun 2026",
        "Tahun": 2026,
        "Keterangan": "Expansion joint",
        "KM_Asli_Dari": 1920,
        "KM_Asli_Sampai": 1920,
        "Kategori_Pekerjaan": "Lainnya",
        "Sumber_Data": "Rekap_Lokasi_2023_2025 (1).xlsx",
        "Sumber_Sheet": "Lokasi 26",
        "Sumber_Baris": 20
      },
      "geometry": null
    },
    {
      "type": "Feature",
      "id": "other-440",
      "properties": {
        "OBJECTID": 200440,
        "rute": "surgem_B",
        "Dari": 1800,
        "Sampai": 2000,
        "Jalur": "B",
        "Lajur": "2",
        "Tanggal_Pelaksanaan": "2026-01-01",
        "Tanggal_Label": "Tahun 2026",
        "Tahun": 2026,
        "Keterangan": "Expansion joint",
        "KM_Asli_Dari": 1920,
        "KM_Asli_Sampai": 1920,
        "Kategori_Pekerjaan": "Lainnya",
        "Sumber_Data": "Rekap_Lokasi_2023_2025 (1).xlsx",
        "Sumber_Sheet": "Lokasi 26",
        "Sumber_Baris": 21
      },
      "geometry": null
    },
    {
      "type": "Feature",
      "id": "other-441",
      "properties": {
        "OBJECTID": 200441,
        "rute": "surgem_A",
        "Dari": 1800,
        "Sampai": 2000,
        "Jalur": "A",
        "Lajur": "1",
        "Tanggal_Pelaksanaan": "2026-01-01",
        "Tanggal_Label": "Tahun 2026",
        "Tahun": 2026,
        "Keterangan": "Expansion joint",
        "KM_Asli_Dari": 1950,
        "KM_Asli_Sampai": 1950,
        "Kategori_Pekerjaan": "Lainnya",
        "Sumber_Data": "Rekap_Lokasi_2023_2025 (1).xlsx",
        "Sumber_Sheet": "Lokasi 26",
        "Sumber_Baris": 22
      },
      "geometry": null
    },
    {
      "type": "Feature",
      "id": "other-442",
      "properties": {
        "OBJECTID": 200442,
        "rute": "surgem_B",
        "Dari": 1800,
        "Sampai": 2000,
        "Jalur": "B",
        "Lajur": "1",
        "Tanggal_Pelaksanaan": "2026-01-01",
        "Tanggal_Label": "Tahun 2026",
        "Tahun": 2026,
        "Keterangan": "Expansion joint",
        "KM_Asli_Dari": 1960,
        "KM_Asli_Sampai": 1960,
        "Kategori_Pekerjaan": "Lainnya",
        "Sumber_Data": "Rekap_Lokasi_2023_2025 (1).xlsx",
        "Sumber_Sheet": "Lokasi 26",
        "Sumber_Baris": 23
      },
      "geometry": null
    },
    {
      "type": "Feature",
      "id": "other-443",
      "properties": {
        "OBJECTID": 200443,
        "rute": "surgem_B",
        "Dari": 1800,
        "Sampai": 2000,
        "Jalur": "B",
        "Lajur": "2",
        "Tanggal_Pelaksanaan": "2026-01-01",
        "Tanggal_Label": "Tahun 2026",
        "Tahun": 2026,
        "Keterangan": "Expansion joint",
        "KM_Asli_Dari": 1960,
        "KM_Asli_Sampai": 1960,
        "Kategori_Pekerjaan": "Lainnya",
        "Sumber_Data": "Rekap_Lokasi_2023_2025 (1).xlsx",
        "Sumber_Sheet": "Lokasi 26",
        "Sumber_Baris": 24
      },
      "geometry": null
    },
    {
      "type": "Feature",
      "id": "other-444",
      "properties": {
        "OBJECTID": 200444,
        "rute": "surgem_A",
        "Dari": 1800,
        "Sampai": 2000,
        "Jalur": "A",
        "Lajur": "1",
        "Tanggal_Pelaksanaan": "2026-01-01",
        "Tanggal_Label": "Tahun 2026",
        "Tahun": 2026,
        "Keterangan": "Expansion joint",
        "KM_Asli_Dari": 1980,
        "KM_Asli_Sampai": 1980,
        "Kategori_Pekerjaan": "Lainnya",
        "Sumber_Data": "Rekap_Lokasi_2023_2025 (1).xlsx",
        "Sumber_Sheet": "Lokasi 26",
        "Sumber_Baris": 25
      },
      "geometry": null
    },
    {
      "type": "Feature",
      "id": "other-445",
      "properties": {
        "OBJECTID": 200445,
        "rute": "surgem_A",
        "Dari": 2000,
        "Sampai": 2200,
        "Jalur": "A",
        "Lajur": "1",
        "Tanggal_Pelaksanaan": "2026-01-01",
        "Tanggal_Label": "Tahun 2026",
        "Tahun": 2026,
        "Keterangan": "Expansion joint",
        "KM_Asli_Dari": 2000,
        "KM_Asli_Sampai": 2000,
        "Kategori_Pekerjaan": "Lainnya",
        "Sumber_Data": "Rekap_Lokasi_2023_2025 (1).xlsx",
        "Sumber_Sheet": "Lokasi 26",
        "Sumber_Baris": 26
      },
      "geometry": null
    },
    {
      "type": "Feature",
      "id": "other-446",
      "properties": {
        "OBJECTID": 200446,
        "rute": "surgem_A",
        "Dari": 2000,
        "Sampai": 2200,
        "Jalur": "A",
        "Lajur": "2",
        "Tanggal_Pelaksanaan": "2026-01-01",
        "Tanggal_Label": "Tahun 2026",
        "Tahun": 2026,
        "Keterangan": "Expansion joint",
        "KM_Asli_Dari": 2000,
        "KM_Asli_Sampai": 2000,
        "Kategori_Pekerjaan": "Lainnya",
        "Sumber_Data": "Rekap_Lokasi_2023_2025 (1).xlsx",
        "Sumber_Sheet": "Lokasi 26",
        "Sumber_Baris": 27
      },
      "geometry": null
    },
    {
      "type": "Feature",
      "id": "other-447",
      "properties": {
        "OBJECTID": 200447,
        "rute": "surgem_B",
        "Dari": 2000,
        "Sampai": 2200,
        "Jalur": "B",
        "Lajur": "1",
        "Tanggal_Pelaksanaan": "2026-01-01",
        "Tanggal_Label": "Tahun 2026",
        "Tahun": 2026,
        "Keterangan": "Expansion joint",
        "KM_Asli_Dari": 2000,
        "KM_Asli_Sampai": 2000,
        "Kategori_Pekerjaan": "Lainnya",
        "Sumber_Data": "Rekap_Lokasi_2023_2025 (1).xlsx",
        "Sumber_Sheet": "Lokasi 26",
        "Sumber_Baris": 28
      },
      "geometry": null
    },
    {
      "type": "Feature",
      "id": "other-448",
      "properties": {
        "OBJECTID": 200448,
        "rute": "surgem_B",
        "Dari": 2000,
        "Sampai": 2200,
        "Jalur": "B",
        "Lajur": "2",
        "Tanggal_Pelaksanaan": "2026-01-01",
        "Tanggal_Label": "Tahun 2026",
        "Tahun": 2026,
        "Keterangan": "Expansion joint",
        "KM_Asli_Dari": 2000,
        "KM_Asli_Sampai": 2000,
        "Kategori_Pekerjaan": "Lainnya",
        "Sumber_Data": "Rekap_Lokasi_2023_2025 (1).xlsx",
        "Sumber_Sheet": "Lokasi 26",
        "Sumber_Baris": 29
      },
      "geometry": null
    },
    {
      "type": "Feature",
      "id": "other-449",
      "properties": {
        "OBJECTID": 200449,
        "rute": "surgem_A",
        "Dari": 2000,
        "Sampai": 2200,
        "Jalur": "A",
        "Lajur": "1",
        "Tanggal_Pelaksanaan": "2026-01-01",
        "Tanggal_Label": "Tahun 2026",
        "Tahun": 2026,
        "Keterangan": "Expansion joint",
        "KM_Asli_Dari": 2040,
        "KM_Asli_Sampai": 2040,
        "Kategori_Pekerjaan": "Lainnya",
        "Sumber_Data": "Rekap_Lokasi_2023_2025 (1).xlsx",
        "Sumber_Sheet": "Lokasi 26",
        "Sumber_Baris": 30
      },
      "geometry": null
    },
    {
      "type": "Feature",
      "id": "other-450",
      "properties": {
        "OBJECTID": 200450,
        "rute": "surgem_B",
        "Dari": 2000,
        "Sampai": 2200,
        "Jalur": "B",
        "Lajur": "1",
        "Tanggal_Pelaksanaan": "2026-01-01",
        "Tanggal_Label": "Tahun 2026",
        "Tahun": 2026,
        "Keterangan": "Expansion joint",
        "KM_Asli_Dari": 2040,
        "KM_Asli_Sampai": 2040,
        "Kategori_Pekerjaan": "Lainnya",
        "Sumber_Data": "Rekap_Lokasi_2023_2025 (1).xlsx",
        "Sumber_Sheet": "Lokasi 26",
        "Sumber_Baris": 31
      },
      "geometry": null
    },
    {
      "type": "Feature",
      "id": "other-451",
      "properties": {
        "OBJECTID": 200451,
        "rute": "surgem_B",
        "Dari": 2000,
        "Sampai": 2200,
        "Jalur": "B",
        "Lajur": "2",
        "Tanggal_Pelaksanaan": "2026-01-01",
        "Tanggal_Label": "Tahun 2026",
        "Tahun": 2026,
        "Keterangan": "Expansion joint",
        "KM_Asli_Dari": 2040,
        "KM_Asli_Sampai": 2040,
        "Kategori_Pekerjaan": "Lainnya",
        "Sumber_Data": "Rekap_Lokasi_2023_2025 (1).xlsx",
        "Sumber_Sheet": "Lokasi 26",
        "Sumber_Baris": 32
      },
      "geometry": null
    },
    {
      "type": "Feature",
      "id": "other-452",
      "properties": {
        "OBJECTID": 200452,
        "rute": "surgem_A",
        "Dari": 2000,
        "Sampai": 2200,
        "Jalur": "A",
        "Lajur": "1",
        "Tanggal_Pelaksanaan": "2026-01-01",
        "Tanggal_Label": "Tahun 2026",
        "Tahun": 2026,
        "Keterangan": "Expansion joint",
        "KM_Asli_Dari": 2080,
        "KM_Asli_Sampai": 2080,
        "Kategori_Pekerjaan": "Lainnya",
        "Sumber_Data": "Rekap_Lokasi_2023_2025 (1).xlsx",
        "Sumber_Sheet": "Lokasi 26",
        "Sumber_Baris": 33
      },
      "geometry": null
    },
    {
      "type": "Feature",
      "id": "other-453",
      "properties": {
        "OBJECTID": 200453,
        "rute": "surgem_A",
        "Dari": 2000,
        "Sampai": 2200,
        "Jalur": "A",
        "Lajur": "1",
        "Tanggal_Pelaksanaan": "2026-01-01",
        "Tanggal_Label": "Tahun 2026",
        "Tahun": 2026,
        "Keterangan": "Expansion joint",
        "KM_Asli_Dari": 2120,
        "KM_Asli_Sampai": 2120,
        "Kategori_Pekerjaan": "Lainnya",
        "Sumber_Data": "Rekap_Lokasi_2023_2025 (1).xlsx",
        "Sumber_Sheet": "Lokasi 26",
        "Sumber_Baris": 34
      },
      "geometry": null
    },
    {
      "type": "Feature",
      "id": "other-454",
      "properties": {
        "OBJECTID": 200454,
        "rute": "surgem_A",
        "Dari": 2000,
        "Sampai": 2200,
        "Jalur": "A",
        "Lajur": "2",
        "Tanggal_Pelaksanaan": "2026-01-01",
        "Tanggal_Label": "Tahun 2026",
        "Tahun": 2026,
        "Keterangan": "Expansion joint",
        "KM_Asli_Dari": 2120,
        "KM_Asli_Sampai": 2120,
        "Kategori_Pekerjaan": "Lainnya",
        "Sumber_Data": "Rekap_Lokasi_2023_2025 (1).xlsx",
        "Sumber_Sheet": "Lokasi 26",
        "Sumber_Baris": 35
      },
      "geometry": null
    },
    {
      "type": "Feature",
      "id": "other-455",
      "properties": {
        "OBJECTID": 200455,
        "rute": "surgem_A",
        "Dari": 2000,
        "Sampai": 2200,
        "Jalur": "A",
        "Lajur": "1",
        "Tanggal_Pelaksanaan": "2026-01-01",
        "Tanggal_Label": "Tahun 2026",
        "Tahun": 2026,
        "Keterangan": "Expansion joint",
        "KM_Asli_Dari": 2160,
        "KM_Asli_Sampai": 2160,
        "Kategori_Pekerjaan": "Lainnya",
        "Sumber_Data": "Rekap_Lokasi_2023_2025 (1).xlsx",
        "Sumber_Sheet": "Lokasi 26",
        "Sumber_Baris": 36
      },
      "geometry": null
    },
    {
      "type": "Feature",
      "id": "other-456",
      "properties": {
        "OBJECTID": 200456,
        "rute": "surgem_A",
        "Dari": 2000,
        "Sampai": 2200,
        "Jalur": "A",
        "Lajur": "1",
        "Tanggal_Pelaksanaan": "2026-01-01",
        "Tanggal_Label": "Tahun 2026",
        "Tahun": 2026,
        "Keterangan": "Expansion joint",
        "KM_Asli_Dari": 2190,
        "KM_Asli_Sampai": 2190,
        "Kategori_Pekerjaan": "Lainnya",
        "Sumber_Data": "Rekap_Lokasi_2023_2025 (1).xlsx",
        "Sumber_Sheet": "Lokasi 26",
        "Sumber_Baris": 37
      },
      "geometry": null
    },
    {
      "type": "Feature",
      "id": "other-457",
      "properties": {
        "OBJECTID": 200457,
        "rute": "surgem_A",
        "Dari": 2200,
        "Sampai": 2400,
        "Jalur": "A",
        "Lajur": "1",
        "Tanggal_Pelaksanaan": "2026-01-01",
        "Tanggal_Label": "Tahun 2026",
        "Tahun": 2026,
        "Keterangan": "Expansion joint",
        "KM_Asli_Dari": 2240,
        "KM_Asli_Sampai": 2240,
        "Kategori_Pekerjaan": "Lainnya",
        "Sumber_Data": "Rekap_Lokasi_2023_2025 (1).xlsx",
        "Sumber_Sheet": "Lokasi 26",
        "Sumber_Baris": 38
      },
      "geometry": null
    },
    {
      "type": "Feature",
      "id": "other-458",
      "properties": {
        "OBJECTID": 200458,
        "rute": "surgem_A",
        "Dari": 2200,
        "Sampai": 2400,
        "Jalur": "A",
        "Lajur": "2",
        "Tanggal_Pelaksanaan": "2026-01-01",
        "Tanggal_Label": "Tahun 2026",
        "Tahun": 2026,
        "Keterangan": "Expansion joint",
        "KM_Asli_Dari": 2240,
        "KM_Asli_Sampai": 2240,
        "Kategori_Pekerjaan": "Lainnya",
        "Sumber_Data": "Rekap_Lokasi_2023_2025 (1).xlsx",
        "Sumber_Sheet": "Lokasi 26",
        "Sumber_Baris": 39
      },
      "geometry": null
    },
    {
      "type": "Feature",
      "id": "other-459",
      "properties": {
        "OBJECTID": 200459,
        "rute": "surgem_A",
        "Dari": 2400,
        "Sampai": 2600,
        "Jalur": "A",
        "Lajur": "1",
        "Tanggal_Pelaksanaan": "2026-01-01",
        "Tanggal_Label": "Tahun 2026",
        "Tahun": 2026,
        "Keterangan": "Expansion joint",
        "KM_Asli_Dari": 2550,
        "KM_Asli_Sampai": 2550,
        "Kategori_Pekerjaan": "Lainnya",
        "Sumber_Data": "Rekap_Lokasi_2023_2025 (1).xlsx",
        "Sumber_Sheet": "Lokasi 26",
        "Sumber_Baris": 40
      },
      "geometry": null
    },
    {
      "type": "Feature",
      "id": "other-460",
      "properties": {
        "OBJECTID": 200460,
        "rute": "surgem_A",
        "Dari": 2400,
        "Sampai": 2600,
        "Jalur": "A",
        "Lajur": "2",
        "Tanggal_Pelaksanaan": "2026-01-01",
        "Tanggal_Label": "Tahun 2026",
        "Tahun": 2026,
        "Keterangan": "Expansion joint",
        "KM_Asli_Dari": 2550,
        "KM_Asli_Sampai": 2550,
        "Kategori_Pekerjaan": "Lainnya",
        "Sumber_Data": "Rekap_Lokasi_2023_2025 (1).xlsx",
        "Sumber_Sheet": "Lokasi 26",
        "Sumber_Baris": 41
      },
      "geometry": null
    },
    {
      "type": "Feature",
      "id": "other-461",
      "properties": {
        "OBJECTID": 200461,
        "rute": "surgem_A",
        "Dari": 2600,
        "Sampai": 2800,
        "Jalur": "A",
        "Lajur": "1",
        "Tanggal_Pelaksanaan": "2026-01-01",
        "Tanggal_Label": "Tahun 2026",
        "Tahun": 2026,
        "Keterangan": "Expansion joint",
        "KM_Asli_Dari": 2600,
        "KM_Asli_Sampai": 2600,
        "Kategori_Pekerjaan": "Lainnya",
        "Sumber_Data": "Rekap_Lokasi_2023_2025 (1).xlsx",
        "Sumber_Sheet": "Lokasi 26",
        "Sumber_Baris": 42
      },
      "geometry": null
    },
    {
      "type": "Feature",
      "id": "other-462",
      "properties": {
        "OBJECTID": 200462,
        "rute": "surgem_B",
        "Dari": 2800,
        "Sampai": 3000,
        "Jalur": "B",
        "Lajur": "1",
        "Tanggal_Pelaksanaan": "2026-01-01",
        "Tanggal_Label": "Tahun 2026",
        "Tahun": 2026,
        "Keterangan": "Expansion joint",
        "KM_Asli_Dari": 2800,
        "KM_Asli_Sampai": 2800,
        "Kategori_Pekerjaan": "Lainnya",
        "Sumber_Data": "Rekap_Lokasi_2023_2025 (1).xlsx",
        "Sumber_Sheet": "Lokasi 26",
        "Sumber_Baris": 43
      },
      "geometry": null
    },
    {
      "type": "Feature",
      "id": "other-463",
      "properties": {
        "OBJECTID": 200463,
        "rute": "surgem_B",
        "Dari": 2800,
        "Sampai": 3000,
        "Jalur": "B",
        "Lajur": "2",
        "Tanggal_Pelaksanaan": "2026-01-01",
        "Tanggal_Label": "Tahun 2026",
        "Tahun": 2026,
        "Keterangan": "Expansion joint",
        "KM_Asli_Dari": 2800,
        "KM_Asli_Sampai": 2800,
        "Kategori_Pekerjaan": "Lainnya",
        "Sumber_Data": "Rekap_Lokasi_2023_2025 (1).xlsx",
        "Sumber_Sheet": "Lokasi 26",
        "Sumber_Baris": 44
      },
      "geometry": null
    },
    {
      "type": "Feature",
      "id": "other-464",
      "properties": {
        "OBJECTID": 200464,
        "rute": "surgem_A",
        "Dari": 2800,
        "Sampai": 3000,
        "Jalur": "A",
        "Lajur": "1",
        "Tanggal_Pelaksanaan": "2026-01-01",
        "Tanggal_Label": "Tahun 2026",
        "Tahun": 2026,
        "Keterangan": "Expansion joint",
        "KM_Asli_Dari": 2830,
        "KM_Asli_Sampai": 2830,
        "Kategori_Pekerjaan": "Lainnya",
        "Sumber_Data": "Rekap_Lokasi_2023_2025 (1).xlsx",
        "Sumber_Sheet": "Lokasi 26",
        "Sumber_Baris": 45
      },
      "geometry": null
    },
    {
      "type": "Feature",
      "id": "other-465",
      "properties": {
        "OBJECTID": 200465,
        "rute": "surgem_B",
        "Dari": 2800,
        "Sampai": 3000,
        "Jalur": "B",
        "Lajur": "1",
        "Tanggal_Pelaksanaan": "2026-01-01",
        "Tanggal_Label": "Tahun 2026",
        "Tahun": 2026,
        "Keterangan": "Expansion joint",
        "KM_Asli_Dari": 2850,
        "KM_Asli_Sampai": 2850,
        "Kategori_Pekerjaan": "Lainnya",
        "Sumber_Data": "Rekap_Lokasi_2023_2025 (1).xlsx",
        "Sumber_Sheet": "Lokasi 26",
        "Sumber_Baris": 46
      },
      "geometry": null
    },
    {
      "type": "Feature",
      "id": "other-466",
      "properties": {
        "OBJECTID": 200466,
        "rute": "surgem_B",
        "Dari": 2800,
        "Sampai": 3000,
        "Jalur": "B",
        "Lajur": "2",
        "Tanggal_Pelaksanaan": "2026-01-01",
        "Tanggal_Label": "Tahun 2026",
        "Tahun": 2026,
        "Keterangan": "Expansion joint",
        "KM_Asli_Dari": 2850,
        "KM_Asli_Sampai": 2850,
        "Kategori_Pekerjaan": "Lainnya",
        "Sumber_Data": "Rekap_Lokasi_2023_2025 (1).xlsx",
        "Sumber_Sheet": "Lokasi 26",
        "Sumber_Baris": 47
      },
      "geometry": null
    },
    {
      "type": "Feature",
      "id": "other-467",
      "properties": {
        "OBJECTID": 200467,
        "rute": "surgem_A",
        "Dari": 2800,
        "Sampai": 3000,
        "Jalur": "A",
        "Lajur": "1",
        "Tanggal_Pelaksanaan": "2026-01-01",
        "Tanggal_Label": "Tahun 2026",
        "Tahun": 2026,
        "Keterangan": "Expansion joint",
        "KM_Asli_Dari": 2900,
        "KM_Asli_Sampai": 2900,
        "Kategori_Pekerjaan": "Lainnya",
        "Sumber_Data": "Rekap_Lokasi_2023_2025 (1).xlsx",
        "Sumber_Sheet": "Lokasi 26",
        "Sumber_Baris": 48
      },
      "geometry": null
    },
    {
      "type": "Feature",
      "id": "other-468",
      "properties": {
        "OBJECTID": 200468,
        "rute": "surgem_B",
        "Dari": 2800,
        "Sampai": 3000,
        "Jalur": "B",
        "Lajur": "1",
        "Tanggal_Pelaksanaan": "2026-01-01",
        "Tanggal_Label": "Tahun 2026",
        "Tahun": 2026,
        "Keterangan": "Expansion joint",
        "KM_Asli_Dari": 2940,
        "KM_Asli_Sampai": 2940,
        "Kategori_Pekerjaan": "Lainnya",
        "Sumber_Data": "Rekap_Lokasi_2023_2025 (1).xlsx",
        "Sumber_Sheet": "Lokasi 26",
        "Sumber_Baris": 49
      },
      "geometry": null
    },
    {
      "type": "Feature",
      "id": "other-469",
      "properties": {
        "OBJECTID": 200469,
        "rute": "surgem_B",
        "Dari": 2800,
        "Sampai": 3000,
        "Jalur": "B",
        "Lajur": "2",
        "Tanggal_Pelaksanaan": "2026-01-01",
        "Tanggal_Label": "Tahun 2026",
        "Tahun": 2026,
        "Keterangan": "Expansion joint",
        "KM_Asli_Dari": 2940,
        "KM_Asli_Sampai": 2940,
        "Kategori_Pekerjaan": "Lainnya",
        "Sumber_Data": "Rekap_Lokasi_2023_2025 (1).xlsx",
        "Sumber_Sheet": "Lokasi 26",
        "Sumber_Baris": 50
      },
      "geometry": null
    },
    {
      "type": "Feature",
      "id": "other-470",
      "properties": {
        "OBJECTID": 200470,
        "rute": "surgem_A",
        "Dari": 2800,
        "Sampai": 3000,
        "Jalur": "A",
        "Lajur": "1",
        "Tanggal_Pelaksanaan": "2026-01-01",
        "Tanggal_Label": "Tahun 2026",
        "Tahun": 2026,
        "Keterangan": "Expansion joint",
        "KM_Asli_Dari": 2970,
        "KM_Asli_Sampai": 2970,
        "Kategori_Pekerjaan": "Lainnya",
        "Sumber_Data": "Rekap_Lokasi_2023_2025 (1).xlsx",
        "Sumber_Sheet": "Lokasi 26",
        "Sumber_Baris": 51
      },
      "geometry": null
    },
    {
      "type": "Feature",
      "id": "other-471",
      "properties": {
        "OBJECTID": 200471,
        "rute": "surgem_B",
        "Dari": 2800,
        "Sampai": 3000,
        "Jalur": "B",
        "Lajur": "1",
        "Tanggal_Pelaksanaan": "2026-01-01",
        "Tanggal_Label": "Tahun 2026",
        "Tahun": 2026,
        "Keterangan": "Expansion joint",
        "KM_Asli_Dari": 2970,
        "KM_Asli_Sampai": 2970,
        "Kategori_Pekerjaan": "Lainnya",
        "Sumber_Data": "Rekap_Lokasi_2023_2025 (1).xlsx",
        "Sumber_Sheet": "Lokasi 26",
        "Sumber_Baris": 52
      },
      "geometry": null
    },
    {
      "type": "Feature",
      "id": "other-472",
      "properties": {
        "OBJECTID": 200472,
        "rute": "surgem_B",
        "Dari": 2800,
        "Sampai": 3000,
        "Jalur": "B",
        "Lajur": "2",
        "Tanggal_Pelaksanaan": "2026-01-01",
        "Tanggal_Label": "Tahun 2026",
        "Tahun": 2026,
        "Keterangan": "Expansion joint",
        "KM_Asli_Dari": 2970,
        "KM_Asli_Sampai": 2970,
        "Kategori_Pekerjaan": "Lainnya",
        "Sumber_Data": "Rekap_Lokasi_2023_2025 (1).xlsx",
        "Sumber_Sheet": "Lokasi 26",
        "Sumber_Baris": 53
      },
      "geometry": null
    },
    {
      "type": "Feature",
      "id": "other-473",
      "properties": {
        "OBJECTID": 200473,
        "rute": "surgem_A",
        "Dari": 3000,
        "Sampai": 3200,
        "Jalur": "A",
        "Lajur": "1",
        "Tanggal_Pelaksanaan": "2026-01-01",
        "Tanggal_Label": "Tahun 2026",
        "Tahun": 2026,
        "Keterangan": "Expansion joint",
        "KM_Asli_Dari": 3040,
        "KM_Asli_Sampai": 3040,
        "Kategori_Pekerjaan": "Lainnya",
        "Sumber_Data": "Rekap_Lokasi_2023_2025 (1).xlsx",
        "Sumber_Sheet": "Lokasi 26",
        "Sumber_Baris": 54
      },
      "geometry": null
    },
    {
      "type": "Feature",
      "id": "other-474",
      "properties": {
        "OBJECTID": 200474,
        "rute": "surgem_A",
        "Dari": 3000,
        "Sampai": 3200,
        "Jalur": "A",
        "Lajur": "2",
        "Tanggal_Pelaksanaan": "2026-01-01",
        "Tanggal_Label": "Tahun 2026",
        "Tahun": 2026,
        "Keterangan": "Expansion joint",
        "KM_Asli_Dari": 3040,
        "KM_Asli_Sampai": 3040,
        "Kategori_Pekerjaan": "Lainnya",
        "Sumber_Data": "Rekap_Lokasi_2023_2025 (1).xlsx",
        "Sumber_Sheet": "Lokasi 26",
        "Sumber_Baris": 55
      },
      "geometry": null
    },
    {
      "type": "Feature",
      "id": "other-475",
      "properties": {
        "OBJECTID": 200475,
        "rute": "surgem_B",
        "Dari": 3000,
        "Sampai": 3200,
        "Jalur": "B",
        "Lajur": "1",
        "Tanggal_Pelaksanaan": "2026-01-01",
        "Tanggal_Label": "Tahun 2026",
        "Tahun": 2026,
        "Keterangan": "Expansion joint",
        "KM_Asli_Dari": 3060,
        "KM_Asli_Sampai": 3060,
        "Kategori_Pekerjaan": "Lainnya",
        "Sumber_Data": "Rekap_Lokasi_2023_2025 (1).xlsx",
        "Sumber_Sheet": "Lokasi 26",
        "Sumber_Baris": 56
      },
      "geometry": null
    },
    {
      "type": "Feature",
      "id": "other-476",
      "properties": {
        "OBJECTID": 200476,
        "rute": "surgem_B",
        "Dari": 3000,
        "Sampai": 3200,
        "Jalur": "B",
        "Lajur": "2",
        "Tanggal_Pelaksanaan": "2026-01-01",
        "Tanggal_Label": "Tahun 2026",
        "Tahun": 2026,
        "Keterangan": "Expansion joint",
        "KM_Asli_Dari": 3060,
        "KM_Asli_Sampai": 3060,
        "Kategori_Pekerjaan": "Lainnya",
        "Sumber_Data": "Rekap_Lokasi_2023_2025 (1).xlsx",
        "Sumber_Sheet": "Lokasi 26",
        "Sumber_Baris": 57
      },
      "geometry": null
    },
    {
      "type": "Feature",
      "id": "other-477",
      "properties": {
        "OBJECTID": 200477,
        "rute": "surgem_A",
        "Dari": 3000,
        "Sampai": 3200,
        "Jalur": "A",
        "Lajur": "1",
        "Tanggal_Pelaksanaan": "2026-01-01",
        "Tanggal_Label": "Tahun 2026",
        "Tahun": 2026,
        "Keterangan": "Expansion joint",
        "KM_Asli_Dari": 3080,
        "KM_Asli_Sampai": 3080,
        "Kategori_Pekerjaan": "Lainnya",
        "Sumber_Data": "Rekap_Lokasi_2023_2025 (1).xlsx",
        "Sumber_Sheet": "Lokasi 26",
        "Sumber_Baris": 58
      },
      "geometry": null
    },
    {
      "type": "Feature",
      "id": "other-478",
      "properties": {
        "OBJECTID": 200478,
        "rute": "surgem_A",
        "Dari": 3000,
        "Sampai": 3200,
        "Jalur": "A",
        "Lajur": "2",
        "Tanggal_Pelaksanaan": "2026-01-01",
        "Tanggal_Label": "Tahun 2026",
        "Tahun": 2026,
        "Keterangan": "Expansion joint",
        "KM_Asli_Dari": 3080,
        "KM_Asli_Sampai": 3080,
        "Kategori_Pekerjaan": "Lainnya",
        "Sumber_Data": "Rekap_Lokasi_2023_2025 (1).xlsx",
        "Sumber_Sheet": "Lokasi 26",
        "Sumber_Baris": 59
      },
      "geometry": null
    },
    {
      "type": "Feature",
      "id": "other-479",
      "properties": {
        "OBJECTID": 200479,
        "rute": "surgem_B",
        "Dari": 3000,
        "Sampai": 3200,
        "Jalur": "B",
        "Lajur": "1",
        "Tanggal_Pelaksanaan": "2026-01-01",
        "Tanggal_Label": "Tahun 2026",
        "Tahun": 2026,
        "Keterangan": "Expansion joint",
        "KM_Asli_Dari": 3100,
        "KM_Asli_Sampai": 3100,
        "Kategori_Pekerjaan": "Lainnya",
        "Sumber_Data": "Rekap_Lokasi_2023_2025 (1).xlsx",
        "Sumber_Sheet": "Lokasi 26",
        "Sumber_Baris": 60
      },
      "geometry": null
    },
    {
      "type": "Feature",
      "id": "other-480",
      "properties": {
        "OBJECTID": 200480,
        "rute": "surgem_B",
        "Dari": 3000,
        "Sampai": 3200,
        "Jalur": "B",
        "Lajur": "2",
        "Tanggal_Pelaksanaan": "2026-01-01",
        "Tanggal_Label": "Tahun 2026",
        "Tahun": 2026,
        "Keterangan": "Expansion joint",
        "KM_Asli_Dari": 3100,
        "KM_Asli_Sampai": 3100,
        "Kategori_Pekerjaan": "Lainnya",
        "Sumber_Data": "Rekap_Lokasi_2023_2025 (1).xlsx",
        "Sumber_Sheet": "Lokasi 26",
        "Sumber_Baris": 61
      },
      "geometry": null
    },
    {
      "type": "Feature",
      "id": "other-481",
      "properties": {
        "OBJECTID": 200481,
        "rute": "surgem_A",
        "Dari": 3000,
        "Sampai": 3200,
        "Jalur": "A",
        "Lajur": "1",
        "Tanggal_Pelaksanaan": "2026-01-01",
        "Tanggal_Label": "Tahun 2026",
        "Tahun": 2026,
        "Keterangan": "Expansion joint",
        "KM_Asli_Dari": 3120,
        "KM_Asli_Sampai": 3120,
        "Kategori_Pekerjaan": "Lainnya",
        "Sumber_Data": "Rekap_Lokasi_2023_2025 (1).xlsx",
        "Sumber_Sheet": "Lokasi 26",
        "Sumber_Baris": 62
      },
      "geometry": null
    },
    {
      "type": "Feature",
      "id": "other-482",
      "properties": {
        "OBJECTID": 200482,
        "rute": "surgem_A",
        "Dari": 3000,
        "Sampai": 3200,
        "Jalur": "A",
        "Lajur": "2",
        "Tanggal_Pelaksanaan": "2026-01-01",
        "Tanggal_Label": "Tahun 2026",
        "Tahun": 2026,
        "Keterangan": "Expansion joint",
        "KM_Asli_Dari": 3120,
        "KM_Asli_Sampai": 3120,
        "Kategori_Pekerjaan": "Lainnya",
        "Sumber_Data": "Rekap_Lokasi_2023_2025 (1).xlsx",
        "Sumber_Sheet": "Lokasi 26",
        "Sumber_Baris": 63
      },
      "geometry": null
    },
    {
      "type": "Feature",
      "id": "other-483",
      "properties": {
        "OBJECTID": 200483,
        "rute": "surgem_B",
        "Dari": 3200,
        "Sampai": 3400,
        "Jalur": "B",
        "Lajur": "1",
        "Tanggal_Pelaksanaan": "2026-01-01",
        "Tanggal_Label": "Tahun 2026",
        "Tahun": 2026,
        "Keterangan": "Expansion joint",
        "KM_Asli_Dari": 3230,
        "KM_Asli_Sampai": 3230,
        "Kategori_Pekerjaan": "Lainnya",
        "Sumber_Data": "Rekap_Lokasi_2023_2025 (1).xlsx",
        "Sumber_Sheet": "Lokasi 26",
        "Sumber_Baris": 64
      },
      "geometry": null
    },
    {
      "type": "Feature",
      "id": "other-484",
      "properties": {
        "OBJECTID": 200484,
        "rute": "surgem_B",
        "Dari": 3200,
        "Sampai": 3400,
        "Jalur": "B",
        "Lajur": "2",
        "Tanggal_Pelaksanaan": "2026-01-01",
        "Tanggal_Label": "Tahun 2026",
        "Tahun": 2026,
        "Keterangan": "Expansion joint",
        "KM_Asli_Dari": 3230,
        "KM_Asli_Sampai": 3230,
        "Kategori_Pekerjaan": "Lainnya",
        "Sumber_Data": "Rekap_Lokasi_2023_2025 (1).xlsx",
        "Sumber_Sheet": "Lokasi 26",
        "Sumber_Baris": 65
      },
      "geometry": null
    },
    {
      "type": "Feature",
      "id": "other-485",
      "properties": {
        "OBJECTID": 200485,
        "rute": "surgem_A",
        "Dari": 12000,
        "Sampai": 12200,
        "Jalur": "A",
        "Lajur": "1",
        "Tanggal_Pelaksanaan": "2026-01-01",
        "Tanggal_Label": "Tahun 2026",
        "Tahun": 2026,
        "Keterangan": "Expansion joint",
        "KM_Asli_Dari": 12030,
        "KM_Asli_Sampai": 12030,
        "Kategori_Pekerjaan": "Lainnya",
        "Sumber_Data": "Rekap_Lokasi_2023_2025 (1).xlsx",
        "Sumber_Sheet": "Lokasi 26",
        "Sumber_Baris": 66
      },
      "geometry": null
    },
    {
      "type": "Feature",
      "id": "other-486",
      "properties": {
        "OBJECTID": 200486,
        "rute": "surgem_A",
        "Dari": 12000,
        "Sampai": 12200,
        "Jalur": "A",
        "Lajur": "2",
        "Tanggal_Pelaksanaan": "2026-01-01",
        "Tanggal_Label": "Tahun 2026",
        "Tahun": 2026,
        "Keterangan": "Expansion joint",
        "KM_Asli_Dari": 12030,
        "KM_Asli_Sampai": 12030,
        "Kategori_Pekerjaan": "Lainnya",
        "Sumber_Data": "Rekap_Lokasi_2023_2025 (1).xlsx",
        "Sumber_Sheet": "Lokasi 26",
        "Sumber_Baris": 67
      },
      "geometry": null
    },
    {
      "type": "Feature",
      "id": "other-487",
      "properties": {
        "OBJECTID": 200487,
        "rute": "surgem_A",
        "Dari": 12000,
        "Sampai": 12200,
        "Jalur": "A",
        "Lajur": "3",
        "Tanggal_Pelaksanaan": "2026-01-01",
        "Tanggal_Label": "Tahun 2026",
        "Tahun": 2026,
        "Keterangan": "Expansion joint",
        "KM_Asli_Dari": 12030,
        "KM_Asli_Sampai": 12030,
        "Kategori_Pekerjaan": "Lainnya",
        "Sumber_Data": "Rekap_Lokasi_2023_2025 (1).xlsx",
        "Sumber_Sheet": "Lokasi 26",
        "Sumber_Baris": 68
      },
      "geometry": null
    },
    {
      "type": "Feature",
      "id": "other-488",
      "properties": {
        "OBJECTID": 200488,
        "rute": "surgem_B",
        "Dari": 12200,
        "Sampai": 12400,
        "Jalur": "B",
        "Lajur": "1",
        "Tanggal_Pelaksanaan": "2026-01-01",
        "Tanggal_Label": "Tahun 2026",
        "Tahun": 2026,
        "Keterangan": "Expansion joint",
        "KM_Asli_Dari": 12230,
        "KM_Asli_Sampai": 12230,
        "Kategori_Pekerjaan": "Lainnya",
        "Sumber_Data": "Rekap_Lokasi_2023_2025 (1).xlsx",
        "Sumber_Sheet": "Lokasi 26",
        "Sumber_Baris": 69
      },
      "geometry": null
    },
    {
      "type": "Feature",
      "id": "other-489",
      "properties": {
        "OBJECTID": 200489,
        "rute": "surgem_B",
        "Dari": 12200,
        "Sampai": 12400,
        "Jalur": "B",
        "Lajur": "2",
        "Tanggal_Pelaksanaan": "2026-01-01",
        "Tanggal_Label": "Tahun 2026",
        "Tahun": 2026,
        "Keterangan": "Expansion joint",
        "KM_Asli_Dari": 12230,
        "KM_Asli_Sampai": 12230,
        "Kategori_Pekerjaan": "Lainnya",
        "Sumber_Data": "Rekap_Lokasi_2023_2025 (1).xlsx",
        "Sumber_Sheet": "Lokasi 26",
        "Sumber_Baris": 70
      },
      "geometry": null
    },
    {
      "type": "Feature",
      "id": "other-490",
      "properties": {
        "OBJECTID": 200490,
        "rute": "surgem_B",
        "Dari": 12200,
        "Sampai": 12400,
        "Jalur": "B",
        "Lajur": "3",
        "Tanggal_Pelaksanaan": "2026-01-01",
        "Tanggal_Label": "Tahun 2026",
        "Tahun": 2026,
        "Keterangan": "Expansion joint",
        "KM_Asli_Dari": 12230,
        "KM_Asli_Sampai": 12230,
        "Kategori_Pekerjaan": "Lainnya",
        "Sumber_Data": "Rekap_Lokasi_2023_2025 (1).xlsx",
        "Sumber_Sheet": "Lokasi 26",
        "Sumber_Baris": 71
      },
      "geometry": null
    },
    {
      "type": "Feature",
      "id": "other-491",
      "properties": {
        "OBJECTID": 200491,
        "rute": "surgem_B",
        "Dari": 12200,
        "Sampai": 12400,
        "Jalur": "B",
        "Lajur": "1",
        "Tanggal_Pelaksanaan": "2026-01-01",
        "Tanggal_Label": "Tahun 2026",
        "Tahun": 2026,
        "Keterangan": "Expansion joint",
        "KM_Asli_Dari": 12350,
        "KM_Asli_Sampai": 12350,
        "Kategori_Pekerjaan": "Lainnya",
        "Sumber_Data": "Rekap_Lokasi_2023_2025 (1).xlsx",
        "Sumber_Sheet": "Lokasi 26",
        "Sumber_Baris": 72
      },
      "geometry": null
    },
    {
      "type": "Feature",
      "id": "other-492",
      "properties": {
        "OBJECTID": 200492,
        "rute": "surgem_B",
        "Dari": 12200,
        "Sampai": 12400,
        "Jalur": "B",
        "Lajur": "2",
        "Tanggal_Pelaksanaan": "2026-01-01",
        "Tanggal_Label": "Tahun 2026",
        "Tahun": 2026,
        "Keterangan": "Expansion joint",
        "KM_Asli_Dari": 12350,
        "KM_Asli_Sampai": 12350,
        "Kategori_Pekerjaan": "Lainnya",
        "Sumber_Data": "Rekap_Lokasi_2023_2025 (1).xlsx",
        "Sumber_Sheet": "Lokasi 26",
        "Sumber_Baris": 73
      },
      "geometry": null
    },
    {
      "type": "Feature",
      "id": "other-493",
      "properties": {
        "OBJECTID": 200493,
        "rute": "surgem_B",
        "Dari": 12200,
        "Sampai": 12400,
        "Jalur": "B",
        "Lajur": "3",
        "Tanggal_Pelaksanaan": "2026-01-01",
        "Tanggal_Label": "Tahun 2026",
        "Tahun": 2026,
        "Keterangan": "Expansion joint",
        "KM_Asli_Dari": 12350,
        "KM_Asli_Sampai": 12350,
        "Kategori_Pekerjaan": "Lainnya",
        "Sumber_Data": "Rekap_Lokasi_2023_2025 (1).xlsx",
        "Sumber_Sheet": "Lokasi 26",
        "Sumber_Baris": 74
      },
      "geometry": null
    },
    {
      "type": "Feature",
      "id": "other-494",
      "properties": {
        "OBJECTID": 200494,
        "rute": "surgem_A",
        "Dari": 14200,
        "Sampai": 14400,
        "Jalur": "A",
        "Lajur": "1",
        "Tanggal_Pelaksanaan": "2026-01-01",
        "Tanggal_Label": "Tahun 2026",
        "Tahun": 2026,
        "Keterangan": "Expansion joint",
        "KM_Asli_Dari": 14250,
        "KM_Asli_Sampai": 14250,
        "Kategori_Pekerjaan": "Lainnya",
        "Sumber_Data": "Rekap_Lokasi_2023_2025 (1).xlsx",
        "Sumber_Sheet": "Lokasi 26",
        "Sumber_Baris": 75
      },
      "geometry": null
    },
    {
      "type": "Feature",
      "id": "other-495",
      "properties": {
        "OBJECTID": 200495,
        "rute": "surgem_A",
        "Dari": 14200,
        "Sampai": 14400,
        "Jalur": "A",
        "Lajur": "2",
        "Tanggal_Pelaksanaan": "2026-01-01",
        "Tanggal_Label": "Tahun 2026",
        "Tahun": 2026,
        "Keterangan": "Expansion joint",
        "KM_Asli_Dari": 14250,
        "KM_Asli_Sampai": 14250,
        "Kategori_Pekerjaan": "Lainnya",
        "Sumber_Data": "Rekap_Lokasi_2023_2025 (1).xlsx",
        "Sumber_Sheet": "Lokasi 26",
        "Sumber_Baris": 76
      },
      "geometry": null
    },
    {
      "type": "Feature",
      "id": "other-496",
      "properties": {
        "OBJECTID": 200496,
        "rute": "surgem_A",
        "Dari": 14200,
        "Sampai": 14400,
        "Jalur": "A",
        "Lajur": "3",
        "Tanggal_Pelaksanaan": "2026-01-01",
        "Tanggal_Label": "Tahun 2026",
        "Tahun": 2026,
        "Keterangan": "Expansion joint",
        "KM_Asli_Dari": 14250,
        "KM_Asli_Sampai": 14250,
        "Kategori_Pekerjaan": "Lainnya",
        "Sumber_Data": "Rekap_Lokasi_2023_2025 (1).xlsx",
        "Sumber_Sheet": "Lokasi 26",
        "Sumber_Baris": 77
      },
      "geometry": null
    },
    {
      "type": "Feature",
      "id": "other-497",
      "properties": {
        "OBJECTID": 200497,
        "rute": "surgem_A",
        "Dari": 748800,
        "Sampai": 749000,
        "Jalur": "A",
        "Lajur": "1",
        "Tanggal_Pelaksanaan": "2026-01-01",
        "Tanggal_Label": "Tahun 2026",
        "Tahun": 2026,
        "Keterangan": "Expansion joint",
        "KM_Asli_Dari": 748900,
        "KM_Asli_Sampai": 748900,
        "Kategori_Pekerjaan": "Lainnya",
        "Sumber_Data": "Rekap_Lokasi_2023_2025 (1).xlsx",
        "Sumber_Sheet": "Lokasi 26",
        "Sumber_Baris": 79
      },
      "geometry": null
    },
    {
      "type": "Feature",
      "id": "other-498",
      "properties": {
        "OBJECTID": 200498,
        "rute": "surgem_A",
        "Dari": 748800,
        "Sampai": 749000,
        "Jalur": "A",
        "Lajur": "3",
        "Tanggal_Pelaksanaan": "2026-01-01",
        "Tanggal_Label": "Tahun 2026",
        "Tahun": 2026,
        "Keterangan": "Expansion joint",
        "KM_Asli_Dari": 748900,
        "KM_Asli_Sampai": 748900,
        "Kategori_Pekerjaan": "Lainnya",
        "Sumber_Data": "Rekap_Lokasi_2023_2025 (1).xlsx",
        "Sumber_Sheet": "Lokasi 26",
        "Sumber_Baris": 80
      },
      "geometry": null
    },
    {
      "type": "Feature",
      "id": "other-499",
      "properties": {
        "OBJECTID": 200499,
        "rute": "surgem_A",
        "Dari": 750600,
        "Sampai": 750800,
        "Jalur": "A",
        "Lajur": "1",
        "Tanggal_Pelaksanaan": "2026-01-01",
        "Tanggal_Label": "Tahun 2026",
        "Tahun": 2026,
        "Keterangan": "Expansion joint",
        "KM_Asli_Dari": 750650,
        "KM_Asli_Sampai": 750650,
        "Kategori_Pekerjaan": "Lainnya",
        "Sumber_Data": "Rekap_Lokasi_2023_2025 (1).xlsx",
        "Sumber_Sheet": "Lokasi 26",
        "Sumber_Baris": 81
      },
      "geometry": null
    },
    {
      "type": "Feature",
      "id": "other-500",
      "properties": {
        "OBJECTID": 200500,
        "rute": "surgem_A",
        "Dari": 750600,
        "Sampai": 750800,
        "Jalur": "A",
        "Lajur": "2",
        "Tanggal_Pelaksanaan": "2026-01-01",
        "Tanggal_Label": "Tahun 2026",
        "Tahun": 2026,
        "Keterangan": "Expansion joint",
        "KM_Asli_Dari": 750650,
        "KM_Asli_Sampai": 750650,
        "Kategori_Pekerjaan": "Lainnya",
        "Sumber_Data": "Rekap_Lokasi_2023_2025 (1).xlsx",
        "Sumber_Sheet": "Lokasi 26",
        "Sumber_Baris": 82
      },
      "geometry": null
    },
    {
      "type": "Feature",
      "id": "other-501",
      "properties": {
        "OBJECTID": 200501,
        "rute": "surgem_A",
        "Dari": 750600,
        "Sampai": 750800,
        "Jalur": "A",
        "Lajur": "3",
        "Tanggal_Pelaksanaan": "2026-01-01",
        "Tanggal_Label": "Tahun 2026",
        "Tahun": 2026,
        "Keterangan": "Expansion joint",
        "KM_Asli_Dari": 750650,
        "KM_Asli_Sampai": 750650,
        "Kategori_Pekerjaan": "Lainnya",
        "Sumber_Data": "Rekap_Lokasi_2023_2025 (1).xlsx",
        "Sumber_Sheet": "Lokasi 26",
        "Sumber_Baris": 83
      },
      "geometry": null
    },
    {
      "type": "Feature",
      "id": "other-502",
      "properties": {
        "OBJECTID": 200502,
        "rute": "surgem_A",
        "Dari": 750600,
        "Sampai": 750800,
        "Jalur": "A",
        "Lajur": "1",
        "Tanggal_Pelaksanaan": "2026-01-01",
        "Tanggal_Label": "Tahun 2026",
        "Tahun": 2026,
        "Keterangan": "Expansion joint",
        "KM_Asli_Dari": 750665,
        "KM_Asli_Sampai": 750665,
        "Kategori_Pekerjaan": "Lainnya",
        "Sumber_Data": "Rekap_Lokasi_2023_2025 (1).xlsx",
        "Sumber_Sheet": "Lokasi 26",
        "Sumber_Baris": 84
      },
      "geometry": null
    },
    {
      "type": "Feature",
      "id": "other-503",
      "properties": {
        "OBJECTID": 200503,
        "rute": "surgem_A",
        "Dari": 750600,
        "Sampai": 750800,
        "Jalur": "A",
        "Lajur": "2",
        "Tanggal_Pelaksanaan": "2026-01-01",
        "Tanggal_Label": "Tahun 2026",
        "Tahun": 2026,
        "Keterangan": "Expansion joint",
        "KM_Asli_Dari": 750665,
        "KM_Asli_Sampai": 750665,
        "Kategori_Pekerjaan": "Lainnya",
        "Sumber_Data": "Rekap_Lokasi_2023_2025 (1).xlsx",
        "Sumber_Sheet": "Lokasi 26",
        "Sumber_Baris": 85
      },
      "geometry": null
    },
    {
      "type": "Feature",
      "id": "other-504",
      "properties": {
        "OBJECTID": 200504,
        "rute": "surgem_A",
        "Dari": 750600,
        "Sampai": 750800,
        "Jalur": "A",
        "Lajur": "3",
        "Tanggal_Pelaksanaan": "2026-01-01",
        "Tanggal_Label": "Tahun 2026",
        "Tahun": 2026,
        "Keterangan": "Expansion joint",
        "KM_Asli_Dari": 750665,
        "KM_Asli_Sampai": 750665,
        "Kategori_Pekerjaan": "Lainnya",
        "Sumber_Data": "Rekap_Lokasi_2023_2025 (1).xlsx",
        "Sumber_Sheet": "Lokasi 26",
        "Sumber_Baris": 86
      },
      "geometry": null
    },
    {
      "type": "Feature",
      "id": "other-505",
      "properties": {
        "OBJECTID": 200505,
        "rute": "surgem_A",
        "Dari": 751400,
        "Sampai": 751600,
        "Jalur": "A",
        "Lajur": "1",
        "Tanggal_Pelaksanaan": "2026-01-01",
        "Tanggal_Label": "Tahun 2026",
        "Tahun": 2026,
        "Keterangan": "Expansion joint",
        "KM_Asli_Dari": 751450,
        "KM_Asli_Sampai": 751450,
        "Kategori_Pekerjaan": "Lainnya",
        "Sumber_Data": "Rekap_Lokasi_2023_2025 (1).xlsx",
        "Sumber_Sheet": "Lokasi 26",
        "Sumber_Baris": 87
      },
      "geometry": null
    },
    {
      "type": "Feature",
      "id": "other-506",
      "properties": {
        "OBJECTID": 200506,
        "rute": "surgem_A",
        "Dari": 751400,
        "Sampai": 751600,
        "Jalur": "A",
        "Lajur": "2",
        "Tanggal_Pelaksanaan": "2026-01-01",
        "Tanggal_Label": "Tahun 2026",
        "Tahun": 2026,
        "Keterangan": "Expansion joint",
        "KM_Asli_Dari": 751450,
        "KM_Asli_Sampai": 751450,
        "Kategori_Pekerjaan": "Lainnya",
        "Sumber_Data": "Rekap_Lokasi_2023_2025 (1).xlsx",
        "Sumber_Sheet": "Lokasi 26",
        "Sumber_Baris": 88
      },
      "geometry": null
    },
    {
      "type": "Feature",
      "id": "other-507",
      "properties": {
        "OBJECTID": 200507,
        "rute": "surgem_A",
        "Dari": 751400,
        "Sampai": 751600,
        "Jalur": "A",
        "Lajur": "3",
        "Tanggal_Pelaksanaan": "2026-01-01",
        "Tanggal_Label": "Tahun 2026",
        "Tahun": 2026,
        "Keterangan": "Expansion joint",
        "KM_Asli_Dari": 751450,
        "KM_Asli_Sampai": 751450,
        "Kategori_Pekerjaan": "Lainnya",
        "Sumber_Data": "Rekap_Lokasi_2023_2025 (1).xlsx",
        "Sumber_Sheet": "Lokasi 26",
        "Sumber_Baris": 89
      },
      "geometry": null
    },
    {
      "type": "Feature",
      "id": "other-508",
      "properties": {
        "OBJECTID": 200508,
        "rute": "surgem_B",
        "Dari": 751400,
        "Sampai": 751600,
        "Jalur": "B",
        "Lajur": "1",
        "Tanggal_Pelaksanaan": "2026-01-01",
        "Tanggal_Label": "Tahun 2026",
        "Tahun": 2026,
        "Keterangan": "Expansion joint",
        "KM_Asli_Dari": 751450,
        "KM_Asli_Sampai": 751450,
        "Kategori_Pekerjaan": "Lainnya",
        "Sumber_Data": "Rekap_Lokasi_2023_2025 (1).xlsx",
        "Sumber_Sheet": "Lokasi 26",
        "Sumber_Baris": 90
      },
      "geometry": null
    },
    {
      "type": "Feature",
      "id": "other-509",
      "properties": {
        "OBJECTID": 200509,
        "rute": "surgem_B",
        "Dari": 751400,
        "Sampai": 751600,
        "Jalur": "B",
        "Lajur": "2",
        "Tanggal_Pelaksanaan": "2026-01-01",
        "Tanggal_Label": "Tahun 2026",
        "Tahun": 2026,
        "Keterangan": "Expansion joint",
        "KM_Asli_Dari": 751450,
        "KM_Asli_Sampai": 751450,
        "Kategori_Pekerjaan": "Lainnya",
        "Sumber_Data": "Rekap_Lokasi_2023_2025 (1).xlsx",
        "Sumber_Sheet": "Lokasi 26",
        "Sumber_Baris": 91
      },
      "geometry": null
    },
    {
      "type": "Feature",
      "id": "other-510",
      "properties": {
        "OBJECTID": 200510,
        "rute": "surgem_B",
        "Dari": 751400,
        "Sampai": 751600,
        "Jalur": "B",
        "Lajur": "3",
        "Tanggal_Pelaksanaan": "2026-01-01",
        "Tanggal_Label": "Tahun 2026",
        "Tahun": 2026,
        "Keterangan": "Expansion joint",
        "KM_Asli_Dari": 751450,
        "KM_Asli_Sampai": 751450,
        "Kategori_Pekerjaan": "Lainnya",
        "Sumber_Data": "Rekap_Lokasi_2023_2025 (1).xlsx",
        "Sumber_Sheet": "Lokasi 26",
        "Sumber_Baris": 92
      },
      "geometry": null
    },
    {
      "type": "Feature",
      "id": "other-511",
      "properties": {
        "OBJECTID": 200511,
        "rute": "surgem_B",
        "Dari": 751400,
        "Sampai": 751600,
        "Jalur": "B",
        "Lajur": "1",
        "Tanggal_Pelaksanaan": "2026-01-01",
        "Tanggal_Label": "Tahun 2026",
        "Tahun": 2026,
        "Keterangan": "Expansion joint",
        "KM_Asli_Dari": 751470,
        "KM_Asli_Sampai": 751470,
        "Kategori_Pekerjaan": "Lainnya",
        "Sumber_Data": "Rekap_Lokasi_2023_2025 (1).xlsx",
        "Sumber_Sheet": "Lokasi 26",
        "Sumber_Baris": 93
      },
      "geometry": null
    },
    {
      "type": "Feature",
      "id": "other-512",
      "properties": {
        "OBJECTID": 200512,
        "rute": "surgem_B",
        "Dari": 751400,
        "Sampai": 751600,
        "Jalur": "B",
        "Lajur": "2",
        "Tanggal_Pelaksanaan": "2026-01-01",
        "Tanggal_Label": "Tahun 2026",
        "Tahun": 2026,
        "Keterangan": "Expansion joint",
        "KM_Asli_Dari": 751470,
        "KM_Asli_Sampai": 751470,
        "Kategori_Pekerjaan": "Lainnya",
        "Sumber_Data": "Rekap_Lokasi_2023_2025 (1).xlsx",
        "Sumber_Sheet": "Lokasi 26",
        "Sumber_Baris": 94
      },
      "geometry": null
    },
    {
      "type": "Feature",
      "id": "other-513",
      "properties": {
        "OBJECTID": 200513,
        "rute": "surgem_B",
        "Dari": 751400,
        "Sampai": 751600,
        "Jalur": "B",
        "Lajur": "3",
        "Tanggal_Pelaksanaan": "2026-01-01",
        "Tanggal_Label": "Tahun 2026",
        "Tahun": 2026,
        "Keterangan": "Expansion joint",
        "KM_Asli_Dari": 751470,
        "KM_Asli_Sampai": 751470,
        "Kategori_Pekerjaan": "Lainnya",
        "Sumber_Data": "Rekap_Lokasi_2023_2025 (1).xlsx",
        "Sumber_Sheet": "Lokasi 26",
        "Sumber_Baris": 95
      },
      "geometry": null
    },
    {
      "type": "Feature",
      "id": "other-514",
      "properties": {
        "OBJECTID": 200514,
        "rute": "surgem_A",
        "Dari": 751800,
        "Sampai": 752000,
        "Jalur": "A",
        "Lajur": "1",
        "Tanggal_Pelaksanaan": "2026-01-01",
        "Tanggal_Label": "Tahun 2026",
        "Tahun": 2026,
        "Keterangan": "Expansion joint",
        "KM_Asli_Dari": 751962,
        "KM_Asli_Sampai": 751962,
        "Kategori_Pekerjaan": "Lainnya",
        "Sumber_Data": "Rekap_Lokasi_2023_2025 (1).xlsx",
        "Sumber_Sheet": "Lokasi 26",
        "Sumber_Baris": 96
      },
      "geometry": null
    },
    {
      "type": "Feature",
      "id": "other-515",
      "properties": {
        "OBJECTID": 200515,
        "rute": "surgem_A",
        "Dari": 751800,
        "Sampai": 752000,
        "Jalur": "A",
        "Lajur": "2",
        "Tanggal_Pelaksanaan": "2026-01-01",
        "Tanggal_Label": "Tahun 2026",
        "Tahun": 2026,
        "Keterangan": "Expansion joint",
        "KM_Asli_Dari": 751962,
        "KM_Asli_Sampai": 751962,
        "Kategori_Pekerjaan": "Lainnya",
        "Sumber_Data": "Rekap_Lokasi_2023_2025 (1).xlsx",
        "Sumber_Sheet": "Lokasi 26",
        "Sumber_Baris": 97
      },
      "geometry": null
    },
    {
      "type": "Feature",
      "id": "other-516",
      "properties": {
        "OBJECTID": 200516,
        "rute": "surgem_A",
        "Dari": 751800,
        "Sampai": 752000,
        "Jalur": "A",
        "Lajur": "3",
        "Tanggal_Pelaksanaan": "2026-01-01",
        "Tanggal_Label": "Tahun 2026",
        "Tahun": 2026,
        "Keterangan": "Expansion joint",
        "KM_Asli_Dari": 751962,
        "KM_Asli_Sampai": 751962,
        "Kategori_Pekerjaan": "Lainnya",
        "Sumber_Data": "Rekap_Lokasi_2023_2025 (1).xlsx",
        "Sumber_Sheet": "Lokasi 26",
        "Sumber_Baris": 98
      },
      "geometry": null
    },
    {
      "type": "Feature",
      "id": "other-517",
      "properties": {
        "OBJECTID": 200517,
        "rute": "surgem_A",
        "Dari": 755200,
        "Sampai": 755400,
        "Jalur": "A",
        "Lajur": "1",
        "Tanggal_Pelaksanaan": "2026-01-01",
        "Tanggal_Label": "Tahun 2026",
        "Tahun": 2026,
        "Keterangan": "Expansion joint",
        "KM_Asli_Dari": 755380,
        "KM_Asli_Sampai": 755380,
        "Kategori_Pekerjaan": "Lainnya",
        "Sumber_Data": "Rekap_Lokasi_2023_2025 (1).xlsx",
        "Sumber_Sheet": "Lokasi 26",
        "Sumber_Baris": 99
      },
      "geometry": null
    },
    {
      "type": "Feature",
      "id": "other-518",
      "properties": {
        "OBJECTID": 200518,
        "rute": "surgem_A",
        "Dari": 757400,
        "Sampai": 757600,
        "Jalur": "A",
        "Lajur": "1",
        "Tanggal_Pelaksanaan": "2026-01-01",
        "Tanggal_Label": "Tahun 2026",
        "Tahun": 2026,
        "Keterangan": "Expansion joint",
        "KM_Asli_Dari": 757450,
        "KM_Asli_Sampai": 757450,
        "Kategori_Pekerjaan": "Lainnya",
        "Sumber_Data": "Rekap_Lokasi_2023_2025 (1).xlsx",
        "Sumber_Sheet": "Lokasi 26",
        "Sumber_Baris": 100
      },
      "geometry": null
    },
    {
      "type": "Feature",
      "id": "other-519",
      "properties": {
        "OBJECTID": 200519,
        "rute": "surgem_A",
        "Dari": 757400,
        "Sampai": 757600,
        "Jalur": "A",
        "Lajur": "2",
        "Tanggal_Pelaksanaan": "2026-01-01",
        "Tanggal_Label": "Tahun 2026",
        "Tahun": 2026,
        "Keterangan": "Expansion joint",
        "KM_Asli_Dari": 757450,
        "KM_Asli_Sampai": 757450,
        "Kategori_Pekerjaan": "Lainnya",
        "Sumber_Data": "Rekap_Lokasi_2023_2025 (1).xlsx",
        "Sumber_Sheet": "Lokasi 26",
        "Sumber_Baris": 101
      },
      "geometry": null
    },
    {
      "type": "Feature",
      "id": "other-520",
      "properties": {
        "OBJECTID": 200520,
        "rute": "surgem_A",
        "Dari": 757400,
        "Sampai": 757600,
        "Jalur": "A",
        "Lajur": "3",
        "Tanggal_Pelaksanaan": "2026-01-01",
        "Tanggal_Label": "Tahun 2026",
        "Tahun": 2026,
        "Keterangan": "Expansion joint",
        "KM_Asli_Dari": 757450,
        "KM_Asli_Sampai": 757450,
        "Kategori_Pekerjaan": "Lainnya",
        "Sumber_Data": "Rekap_Lokasi_2023_2025 (1).xlsx",
        "Sumber_Sheet": "Lokasi 26",
        "Sumber_Baris": 102
      },
      "geometry": null
    },
    {
      "type": "Feature",
      "id": "other-521",
      "properties": {
        "OBJECTID": 200521,
        "rute": "surgem_B",
        "Dari": 757400,
        "Sampai": 757600,
        "Jalur": "B",
        "Lajur": "1",
        "Tanggal_Pelaksanaan": "2026-01-01",
        "Tanggal_Label": "Tahun 2026",
        "Tahun": 2026,
        "Keterangan": "Expansion joint",
        "KM_Asli_Dari": 757450,
        "KM_Asli_Sampai": 757450,
        "Kategori_Pekerjaan": "Lainnya",
        "Sumber_Data": "Rekap_Lokasi_2023_2025 (1).xlsx",
        "Sumber_Sheet": "Lokasi 26",
        "Sumber_Baris": 103
      },
      "geometry": null
    },
    {
      "type": "Feature",
      "id": "other-522",
      "properties": {
        "OBJECTID": 200522,
        "rute": "surgem_B",
        "Dari": 757400,
        "Sampai": 757600,
        "Jalur": "B",
        "Lajur": "2",
        "Tanggal_Pelaksanaan": "2026-01-01",
        "Tanggal_Label": "Tahun 2026",
        "Tahun": 2026,
        "Keterangan": "Expansion joint",
        "KM_Asli_Dari": 757450,
        "KM_Asli_Sampai": 757450,
        "Kategori_Pekerjaan": "Lainnya",
        "Sumber_Data": "Rekap_Lokasi_2023_2025 (1).xlsx",
        "Sumber_Sheet": "Lokasi 26",
        "Sumber_Baris": 104
      },
      "geometry": null
    },
    {
      "type": "Feature",
      "id": "other-523",
      "properties": {
        "OBJECTID": 200523,
        "rute": "surgem_B",
        "Dari": 758200,
        "Sampai": 758400,
        "Jalur": "B",
        "Lajur": "2",
        "Tanggal_Pelaksanaan": "2026-01-01",
        "Tanggal_Label": "Tahun 2026",
        "Tahun": 2026,
        "Keterangan": "Expansion joint",
        "KM_Asli_Dari": 758390,
        "KM_Asli_Sampai": 758390,
        "Kategori_Pekerjaan": "Lainnya",
        "Sumber_Data": "Rekap_Lokasi_2023_2025 (1).xlsx",
        "Sumber_Sheet": "Lokasi 26",
        "Sumber_Baris": 105
      },
      "geometry": null
    },
    {
      "type": "Feature",
      "id": "other-524",
      "properties": {
        "OBJECTID": 200524,
        "rute": "surgem_B",
        "Dari": 758600,
        "Sampai": 758800,
        "Jalur": "B",
        "Lajur": "1",
        "Tanggal_Pelaksanaan": "2026-01-01",
        "Tanggal_Label": "Tahun 2026",
        "Tahun": 2026,
        "Keterangan": "Expansion joint",
        "KM_Asli_Dari": 758700,
        "KM_Asli_Sampai": 758700,
        "Kategori_Pekerjaan": "Lainnya",
        "Sumber_Data": "Rekap_Lokasi_2023_2025 (1).xlsx",
        "Sumber_Sheet": "Lokasi 26",
        "Sumber_Baris": 106
      },
      "geometry": null
    },
    {
      "type": "Feature",
      "id": "other-525",
      "properties": {
        "OBJECTID": 200525,
        "rute": "surgem_A",
        "Dari": 758600,
        "Sampai": 758800,
        "Jalur": "A",
        "Lajur": "2",
        "Tanggal_Pelaksanaan": "2026-01-01",
        "Tanggal_Label": "Tahun 2026",
        "Tahun": 2026,
        "Keterangan": "Expansion joint",
        "KM_Asli_Dari": 758750,
        "KM_Asli_Sampai": 758750,
        "Kategori_Pekerjaan": "Lainnya",
        "Sumber_Data": "Rekap_Lokasi_2023_2025 (1).xlsx",
        "Sumber_Sheet": "Lokasi 26",
        "Sumber_Baris": 107
      },
      "geometry": null
    },
    {
      "type": "Feature",
      "id": "other-526",
      "properties": {
        "OBJECTID": 200526,
        "rute": "surgem_B",
        "Dari": 758800,
        "Sampai": 759000,
        "Jalur": "B",
        "Lajur": "1",
        "Tanggal_Pelaksanaan": "2026-01-01",
        "Tanggal_Label": "Tahun 2026",
        "Tahun": 2026,
        "Keterangan": "Expansion joint",
        "KM_Asli_Dari": 758830,
        "KM_Asli_Sampai": 758830,
        "Kategori_Pekerjaan": "Lainnya",
        "Sumber_Data": "Rekap_Lokasi_2023_2025 (1).xlsx",
        "Sumber_Sheet": "Lokasi 26",
        "Sumber_Baris": 108
      },
      "geometry": null
    },
    {
      "type": "Feature",
      "id": "other-527",
      "properties": {
        "OBJECTID": 200527,
        "rute": "surgem_B",
        "Dari": 758800,
        "Sampai": 759000,
        "Jalur": "B",
        "Lajur": "2",
        "Tanggal_Pelaksanaan": "2026-01-01",
        "Tanggal_Label": "Tahun 2026",
        "Tahun": 2026,
        "Keterangan": "Expansion joint",
        "KM_Asli_Dari": 758830,
        "KM_Asli_Sampai": 758830,
        "Kategori_Pekerjaan": "Lainnya",
        "Sumber_Data": "Rekap_Lokasi_2023_2025 (1).xlsx",
        "Sumber_Sheet": "Lokasi 26",
        "Sumber_Baris": 109
      },
      "geometry": null
    },
    {
      "type": "Feature",
      "id": "other-528",
      "properties": {
        "OBJECTID": 200528,
        "rute": "surgem_A",
        "Dari": 761400,
        "Sampai": 761600,
        "Jalur": "A",
        "Lajur": "1",
        "Tanggal_Pelaksanaan": "2026-01-01",
        "Tanggal_Label": "Tahun 2026",
        "Tahun": 2026,
        "Keterangan": "Expansion joint",
        "KM_Asli_Dari": 761450,
        "KM_Asli_Sampai": 761450,
        "Kategori_Pekerjaan": "Lainnya",
        "Sumber_Data": "Rekap_Lokasi_2023_2025 (1).xlsx",
        "Sumber_Sheet": "Lokasi 26",
        "Sumber_Baris": 110
      },
      "geometry": null
    },
    {
      "type": "Feature",
      "id": "other-529",
      "properties": {
        "OBJECTID": 200529,
        "rute": "surgem_A",
        "Dari": 761400,
        "Sampai": 761600,
        "Jalur": "A",
        "Lajur": "2",
        "Tanggal_Pelaksanaan": "2026-01-01",
        "Tanggal_Label": "Tahun 2026",
        "Tahun": 2026,
        "Keterangan": "Expansion joint",
        "KM_Asli_Dari": 761450,
        "KM_Asli_Sampai": 761450,
        "Kategori_Pekerjaan": "Lainnya",
        "Sumber_Data": "Rekap_Lokasi_2023_2025 (1).xlsx",
        "Sumber_Sheet": "Lokasi 26",
        "Sumber_Baris": 111
      },
      "geometry": null
    },
    {
      "type": "Feature",
      "id": "other-530",
      "properties": {
        "OBJECTID": 200530,
        "rute": "surgem_A",
        "Dari": 761400,
        "Sampai": 761600,
        "Jalur": "A",
        "Lajur": "1",
        "Tanggal_Pelaksanaan": "2026-01-01",
        "Tanggal_Label": "Tahun 2026",
        "Tahun": 2026,
        "Keterangan": "Expansion joint",
        "KM_Asli_Dari": 761452,
        "KM_Asli_Sampai": 761452,
        "Kategori_Pekerjaan": "Lainnya",
        "Sumber_Data": "Rekap_Lokasi_2023_2025 (1).xlsx",
        "Sumber_Sheet": "Lokasi 26",
        "Sumber_Baris": 112
      },
      "geometry": null
    },
    {
      "type": "Feature",
      "id": "other-531",
      "properties": {
        "OBJECTID": 200531,
        "rute": "surgem_A",
        "Dari": 761400,
        "Sampai": 761600,
        "Jalur": "A",
        "Lajur": "2",
        "Tanggal_Pelaksanaan": "2026-01-01",
        "Tanggal_Label": "Tahun 2026",
        "Tahun": 2026,
        "Keterangan": "Expansion joint",
        "KM_Asli_Dari": 761452,
        "KM_Asli_Sampai": 761452,
        "Kategori_Pekerjaan": "Lainnya",
        "Sumber_Data": "Rekap_Lokasi_2023_2025 (1).xlsx",
        "Sumber_Sheet": "Lokasi 26",
        "Sumber_Baris": 113
      },
      "geometry": null
    },
    {
      "type": "Feature",
      "id": "other-532",
      "properties": {
        "OBJECTID": 200532,
        "rute": "surgem_A",
        "Dari": 763000,
        "Sampai": 763200,
        "Jalur": "A",
        "Lajur": "1",
        "Tanggal_Pelaksanaan": "2026-01-01",
        "Tanggal_Label": "Tahun 2026",
        "Tahun": 2026,
        "Keterangan": "Expansion joint",
        "KM_Asli_Dari": 763100,
        "KM_Asli_Sampai": 763100,
        "Kategori_Pekerjaan": "Lainnya",
        "Sumber_Data": "Rekap_Lokasi_2023_2025 (1).xlsx",
        "Sumber_Sheet": "Lokasi 26",
        "Sumber_Baris": 114
      },
      "geometry": null
    },
    {
      "type": "Feature",
      "id": "other-533",
      "properties": {
        "OBJECTID": 200533,
        "rute": "surgem_A",
        "Dari": 763000,
        "Sampai": 763200,
        "Jalur": "A",
        "Lajur": "1",
        "Tanggal_Pelaksanaan": "2026-01-01",
        "Tanggal_Label": "Tahun 2026",
        "Tahun": 2026,
        "Keterangan": "Expansion joint",
        "KM_Asli_Dari": 763140,
        "KM_Asli_Sampai": 763140,
        "Kategori_Pekerjaan": "Lainnya",
        "Sumber_Data": "Rekap_Lokasi_2023_2025 (1).xlsx",
        "Sumber_Sheet": "Lokasi 26",
        "Sumber_Baris": 115
      },
      "geometry": null
    },
    {
      "type": "Feature",
      "id": "other-534",
      "properties": {
        "OBJECTID": 200534,
        "rute": "surgem_A",
        "Dari": 763000,
        "Sampai": 763200,
        "Jalur": "A",
        "Lajur": "2",
        "Tanggal_Pelaksanaan": "2026-01-01",
        "Tanggal_Label": "Tahun 2026",
        "Tahun": 2026,
        "Keterangan": "Expansion joint",
        "KM_Asli_Dari": 763140,
        "KM_Asli_Sampai": 763140,
        "Kategori_Pekerjaan": "Lainnya",
        "Sumber_Data": "Rekap_Lokasi_2023_2025 (1).xlsx",
        "Sumber_Sheet": "Lokasi 26",
        "Sumber_Baris": 116
      },
      "geometry": null
    },
    {
      "type": "Feature",
      "id": "other-535",
      "properties": {
        "OBJECTID": 200535,
        "rute": "surgem_A",
        "Dari": 764200,
        "Sampai": 764400,
        "Jalur": "A",
        "Lajur": "1",
        "Tanggal_Pelaksanaan": "2026-01-01",
        "Tanggal_Label": "Tahun 2026",
        "Tahun": 2026,
        "Keterangan": "Expansion joint",
        "KM_Asli_Dari": 764230,
        "KM_Asli_Sampai": 764230,
        "Kategori_Pekerjaan": "Lainnya",
        "Sumber_Data": "Rekap_Lokasi_2023_2025 (1).xlsx",
        "Sumber_Sheet": "Lokasi 26",
        "Sumber_Baris": 117
      },
      "geometry": null
    },
    {
      "type": "Feature",
      "id": "other-536",
      "properties": {
        "OBJECTID": 200536,
        "rute": "surgem_A",
        "Dari": 764200,
        "Sampai": 764400,
        "Jalur": "A",
        "Lajur": "2",
        "Tanggal_Pelaksanaan": "2026-01-01",
        "Tanggal_Label": "Tahun 2026",
        "Tahun": 2026,
        "Keterangan": "Expansion joint",
        "KM_Asli_Dari": 764230,
        "KM_Asli_Sampai": 764230,
        "Kategori_Pekerjaan": "Lainnya",
        "Sumber_Data": "Rekap_Lokasi_2023_2025 (1).xlsx",
        "Sumber_Sheet": "Lokasi 26",
        "Sumber_Baris": 118
      },
      "geometry": null
    },
    {
      "type": "Feature",
      "id": "other-537",
      "properties": {
        "OBJECTID": 200537,
        "rute": "surgem_A",
        "Dari": 764200,
        "Sampai": 764400,
        "Jalur": "A",
        "Lajur": "3",
        "Tanggal_Pelaksanaan": "2026-01-01",
        "Tanggal_Label": "Tahun 2026",
        "Tahun": 2026,
        "Keterangan": "Expansion joint",
        "KM_Asli_Dari": 764230,
        "KM_Asli_Sampai": 764230,
        "Kategori_Pekerjaan": "Lainnya",
        "Sumber_Data": "Rekap_Lokasi_2023_2025 (1).xlsx",
        "Sumber_Sheet": "Lokasi 26",
        "Sumber_Baris": 119
      },
      "geometry": null
    },
    {
      "type": "Feature",
      "id": "other-538",
      "properties": {
        "OBJECTID": 200538,
        "rute": "surgem_A",
        "Dari": 764200,
        "Sampai": 764400,
        "Jalur": "A",
        "Lajur": "1",
        "Tanggal_Pelaksanaan": "2026-01-01",
        "Tanggal_Label": "Tahun 2026",
        "Tahun": 2026,
        "Keterangan": "Expansion joint",
        "KM_Asli_Dari": 764300,
        "KM_Asli_Sampai": 764300,
        "Kategori_Pekerjaan": "Lainnya",
        "Sumber_Data": "Rekap_Lokasi_2023_2025 (1).xlsx",
        "Sumber_Sheet": "Lokasi 26",
        "Sumber_Baris": 120
      },
      "geometry": null
    },
    {
      "type": "Feature",
      "id": "other-539",
      "properties": {
        "OBJECTID": 200539,
        "rute": "surgem_A",
        "Dari": 764200,
        "Sampai": 764400,
        "Jalur": "A",
        "Lajur": "2",
        "Tanggal_Pelaksanaan": "2026-01-01",
        "Tanggal_Label": "Tahun 2026",
        "Tahun": 2026,
        "Keterangan": "Expansion joint",
        "KM_Asli_Dari": 764300,
        "KM_Asli_Sampai": 764300,
        "Kategori_Pekerjaan": "Lainnya",
        "Sumber_Data": "Rekap_Lokasi_2023_2025 (1).xlsx",
        "Sumber_Sheet": "Lokasi 26",
        "Sumber_Baris": 121
      },
      "geometry": null
    },
    {
      "type": "Feature",
      "id": "other-540",
      "properties": {
        "OBJECTID": 200540,
        "rute": "surgem_A",
        "Dari": 764200,
        "Sampai": 764400,
        "Jalur": "A",
        "Lajur": "3",
        "Tanggal_Pelaksanaan": "2026-01-01",
        "Tanggal_Label": "Tahun 2026",
        "Tahun": 2026,
        "Keterangan": "Expansion joint",
        "KM_Asli_Dari": 764300,
        "KM_Asli_Sampai": 764300,
        "Kategori_Pekerjaan": "Lainnya",
        "Sumber_Data": "Rekap_Lokasi_2023_2025 (1).xlsx",
        "Sumber_Sheet": "Lokasi 26",
        "Sumber_Baris": 122
      },
      "geometry": null
    },
    {
      "type": "Feature",
      "id": "other-541",
      "properties": {
        "OBJECTID": 200541,
        "rute": "surgem_A",
        "Dari": 764200,
        "Sampai": 764400,
        "Jalur": "A",
        "Lajur": "1",
        "Tanggal_Pelaksanaan": "2026-01-01",
        "Tanggal_Label": "Tahun 2026",
        "Tahun": 2026,
        "Keterangan": "Expansion joint",
        "KM_Asli_Dari": 764350,
        "KM_Asli_Sampai": 764350,
        "Kategori_Pekerjaan": "Lainnya",
        "Sumber_Data": "Rekap_Lokasi_2023_2025 (1).xlsx",
        "Sumber_Sheet": "Lokasi 26",
        "Sumber_Baris": 123
      },
      "geometry": null
    },
    {
      "type": "Feature",
      "id": "other-542",
      "properties": {
        "OBJECTID": 200542,
        "rute": "surgem_A",
        "Dari": 764200,
        "Sampai": 764400,
        "Jalur": "A",
        "Lajur": "2",
        "Tanggal_Pelaksanaan": "2026-01-01",
        "Tanggal_Label": "Tahun 2026",
        "Tahun": 2026,
        "Keterangan": "Expansion joint",
        "KM_Asli_Dari": 764350,
        "KM_Asli_Sampai": 764350,
        "Kategori_Pekerjaan": "Lainnya",
        "Sumber_Data": "Rekap_Lokasi_2023_2025 (1).xlsx",
        "Sumber_Sheet": "Lokasi 26",
        "Sumber_Baris": 124
      },
      "geometry": null
    },
    {
      "type": "Feature",
      "id": "other-543",
      "properties": {
        "OBJECTID": 200543,
        "rute": "surgem_A",
        "Dari": 764200,
        "Sampai": 764400,
        "Jalur": "A",
        "Lajur": "3",
        "Tanggal_Pelaksanaan": "2026-01-01",
        "Tanggal_Label": "Tahun 2026",
        "Tahun": 2026,
        "Keterangan": "Expansion joint",
        "KM_Asli_Dari": 764350,
        "KM_Asli_Sampai": 764350,
        "Kategori_Pekerjaan": "Lainnya",
        "Sumber_Data": "Rekap_Lokasi_2023_2025 (1).xlsx",
        "Sumber_Sheet": "Lokasi 26",
        "Sumber_Baris": 125
      },
      "geometry": null
    },
    {
      "type": "Feature",
      "id": "other-544",
      "properties": {
        "OBJECTID": 200544,
        "rute": "surgem_A",
        "Dari": 764200,
        "Sampai": 764400,
        "Jalur": "A",
        "Lajur": "1",
        "Tanggal_Pelaksanaan": "2026-01-01",
        "Tanggal_Label": "Tahun 2026",
        "Tahun": 2026,
        "Keterangan": "Expansion joint",
        "KM_Asli_Dari": 764355,
        "KM_Asli_Sampai": 764355,
        "Kategori_Pekerjaan": "Lainnya",
        "Sumber_Data": "Rekap_Lokasi_2023_2025 (1).xlsx",
        "Sumber_Sheet": "Lokasi 26",
        "Sumber_Baris": 126
      },
      "geometry": null
    },
    {
      "type": "Feature",
      "id": "other-545",
      "properties": {
        "OBJECTID": 200545,
        "rute": "surgem_A",
        "Dari": 764200,
        "Sampai": 764400,
        "Jalur": "A",
        "Lajur": "2",
        "Tanggal_Pelaksanaan": "2026-01-01",
        "Tanggal_Label": "Tahun 2026",
        "Tahun": 2026,
        "Keterangan": "Expansion joint",
        "KM_Asli_Dari": 764355,
        "KM_Asli_Sampai": 764355,
        "Kategori_Pekerjaan": "Lainnya",
        "Sumber_Data": "Rekap_Lokasi_2023_2025 (1).xlsx",
        "Sumber_Sheet": "Lokasi 26",
        "Sumber_Baris": 127
      },
      "geometry": null
    },
    {
      "type": "Feature",
      "id": "other-546",
      "properties": {
        "OBJECTID": 200546,
        "rute": "surgem_A",
        "Dari": 764200,
        "Sampai": 764400,
        "Jalur": "A",
        "Lajur": "3",
        "Tanggal_Pelaksanaan": "2026-01-01",
        "Tanggal_Label": "Tahun 2026",
        "Tahun": 2026,
        "Keterangan": "Expansion joint",
        "KM_Asli_Dari": 764355,
        "KM_Asli_Sampai": 764355,
        "Kategori_Pekerjaan": "Lainnya",
        "Sumber_Data": "Rekap_Lokasi_2023_2025 (1).xlsx",
        "Sumber_Sheet": "Lokasi 26",
        "Sumber_Baris": 128
      },
      "geometry": null
    },
    {
      "type": "Feature",
      "id": "other-547",
      "properties": {
        "OBJECTID": 200547,
        "rute": "surgem_A",
        "Dari": 764200,
        "Sampai": 764400,
        "Jalur": "A",
        "Lajur": "1",
        "Tanggal_Pelaksanaan": "2026-01-01",
        "Tanggal_Label": "Tahun 2026",
        "Tahun": 2026,
        "Keterangan": "Expansion joint",
        "KM_Asli_Dari": 764360,
        "KM_Asli_Sampai": 764360,
        "Kategori_Pekerjaan": "Lainnya",
        "Sumber_Data": "Rekap_Lokasi_2023_2025 (1).xlsx",
        "Sumber_Sheet": "Lokasi 26",
        "Sumber_Baris": 129
      },
      "geometry": null
    },
    {
      "type": "Feature",
      "id": "other-548",
      "properties": {
        "OBJECTID": 200548,
        "rute": "surgem_A",
        "Dari": 764200,
        "Sampai": 764400,
        "Jalur": "A",
        "Lajur": "2",
        "Tanggal_Pelaksanaan": "2026-01-01",
        "Tanggal_Label": "Tahun 2026",
        "Tahun": 2026,
        "Keterangan": "Expansion joint",
        "KM_Asli_Dari": 764360,
        "KM_Asli_Sampai": 764360,
        "Kategori_Pekerjaan": "Lainnya",
        "Sumber_Data": "Rekap_Lokasi_2023_2025 (1).xlsx",
        "Sumber_Sheet": "Lokasi 26",
        "Sumber_Baris": 130
      },
      "geometry": null
    },
    {
      "type": "Feature",
      "id": "other-549",
      "properties": {
        "OBJECTID": 200549,
        "rute": "surgem_A",
        "Dari": 764200,
        "Sampai": 764400,
        "Jalur": "A",
        "Lajur": "3",
        "Tanggal_Pelaksanaan": "2026-01-01",
        "Tanggal_Label": "Tahun 2026",
        "Tahun": 2026,
        "Keterangan": "Expansion joint",
        "KM_Asli_Dari": 764360,
        "KM_Asli_Sampai": 764360,
        "Kategori_Pekerjaan": "Lainnya",
        "Sumber_Data": "Rekap_Lokasi_2023_2025 (1).xlsx",
        "Sumber_Sheet": "Lokasi 26",
        "Sumber_Baris": 131
      },
      "geometry": null
    },
    {
      "type": "Feature",
      "id": "other-550",
      "properties": {
        "OBJECTID": 200550,
        "rute": "surgem_A",
        "Dari": 764200,
        "Sampai": 764400,
        "Jalur": "A",
        "Lajur": "1",
        "Tanggal_Pelaksanaan": "2026-01-01",
        "Tanggal_Label": "Tahun 2026",
        "Tahun": 2026,
        "Keterangan": "Expansion joint",
        "KM_Asli_Dari": 764390,
        "KM_Asli_Sampai": 764390,
        "Kategori_Pekerjaan": "Lainnya",
        "Sumber_Data": "Rekap_Lokasi_2023_2025 (1).xlsx",
        "Sumber_Sheet": "Lokasi 26",
        "Sumber_Baris": 132
      },
      "geometry": null
    },
    {
      "type": "Feature",
      "id": "other-551",
      "properties": {
        "OBJECTID": 200551,
        "rute": "surgem_A",
        "Dari": 764200,
        "Sampai": 764400,
        "Jalur": "A",
        "Lajur": "2",
        "Tanggal_Pelaksanaan": "2026-01-01",
        "Tanggal_Label": "Tahun 2026",
        "Tahun": 2026,
        "Keterangan": "Expansion joint",
        "KM_Asli_Dari": 764390,
        "KM_Asli_Sampai": 764390,
        "Kategori_Pekerjaan": "Lainnya",
        "Sumber_Data": "Rekap_Lokasi_2023_2025 (1).xlsx",
        "Sumber_Sheet": "Lokasi 26",
        "Sumber_Baris": 133
      },
      "geometry": null
    },
    {
      "type": "Feature",
      "id": "other-552",
      "properties": {
        "OBJECTID": 200552,
        "rute": "surgem_A",
        "Dari": 764200,
        "Sampai": 764400,
        "Jalur": "A",
        "Lajur": "3",
        "Tanggal_Pelaksanaan": "2026-01-01",
        "Tanggal_Label": "Tahun 2026",
        "Tahun": 2026,
        "Keterangan": "Expansion joint",
        "KM_Asli_Dari": 764390,
        "KM_Asli_Sampai": 764390,
        "Kategori_Pekerjaan": "Lainnya",
        "Sumber_Data": "Rekap_Lokasi_2023_2025 (1).xlsx",
        "Sumber_Sheet": "Lokasi 26",
        "Sumber_Baris": 134
      },
      "geometry": null
    },
    {
      "type": "Feature",
      "id": "other-553",
      "properties": {
        "OBJECTID": 200553,
        "rute": "surgem_A",
        "Dari": 764400,
        "Sampai": 764600,
        "Jalur": "A",
        "Lajur": "1",
        "Tanggal_Pelaksanaan": "2026-01-01",
        "Tanggal_Label": "Tahun 2026",
        "Tahun": 2026,
        "Keterangan": "Expansion joint",
        "KM_Asli_Dari": 764450,
        "KM_Asli_Sampai": 764450,
        "Kategori_Pekerjaan": "Lainnya",
        "Sumber_Data": "Rekap_Lokasi_2023_2025 (1).xlsx",
        "Sumber_Sheet": "Lokasi 26",
        "Sumber_Baris": 135
      },
      "geometry": null
    },
    {
      "type": "Feature",
      "id": "other-554",
      "properties": {
        "OBJECTID": 200554,
        "rute": "surgem_A",
        "Dari": 764400,
        "Sampai": 764600,
        "Jalur": "A",
        "Lajur": "2",
        "Tanggal_Pelaksanaan": "2026-01-01",
        "Tanggal_Label": "Tahun 2026",
        "Tahun": 2026,
        "Keterangan": "Expansion joint",
        "KM_Asli_Dari": 764450,
        "KM_Asli_Sampai": 764450,
        "Kategori_Pekerjaan": "Lainnya",
        "Sumber_Data": "Rekap_Lokasi_2023_2025 (1).xlsx",
        "Sumber_Sheet": "Lokasi 26",
        "Sumber_Baris": 136
      },
      "geometry": null
    },
    {
      "type": "Feature",
      "id": "other-555",
      "properties": {
        "OBJECTID": 200555,
        "rute": "surgem_A",
        "Dari": 764400,
        "Sampai": 764600,
        "Jalur": "A",
        "Lajur": "3",
        "Tanggal_Pelaksanaan": "2026-01-01",
        "Tanggal_Label": "Tahun 2026",
        "Tahun": 2026,
        "Keterangan": "Expansion joint",
        "KM_Asli_Dari": 764450,
        "KM_Asli_Sampai": 764450,
        "Kategori_Pekerjaan": "Lainnya",
        "Sumber_Data": "Rekap_Lokasi_2023_2025 (1).xlsx",
        "Sumber_Sheet": "Lokasi 26",
        "Sumber_Baris": 137
      },
      "geometry": null
    },
    {
      "type": "Feature",
      "id": "other-556",
      "properties": {
        "OBJECTID": 200556,
        "rute": "surgem_A",
        "Dari": 764800,
        "Sampai": 765000,
        "Jalur": "A",
        "Lajur": "1",
        "Tanggal_Pelaksanaan": "2026-01-01",
        "Tanggal_Label": "Tahun 2026",
        "Tahun": 2026,
        "Keterangan": "Expansion joint",
        "KM_Asli_Dari": 764800,
        "KM_Asli_Sampai": 764800,
        "Kategori_Pekerjaan": "Lainnya",
        "Sumber_Data": "Rekap_Lokasi_2023_2025 (1).xlsx",
        "Sumber_Sheet": "Lokasi 26",
        "Sumber_Baris": 138
      },
      "geometry": null
    },
    {
      "type": "Feature",
      "id": "other-557",
      "properties": {
        "OBJECTID": 200557,
        "rute": "surgem_A",
        "Dari": 764800,
        "Sampai": 765000,
        "Jalur": "A",
        "Lajur": "2",
        "Tanggal_Pelaksanaan": "2026-01-01",
        "Tanggal_Label": "Tahun 2026",
        "Tahun": 2026,
        "Keterangan": "Expansion joint",
        "KM_Asli_Dari": 764800,
        "KM_Asli_Sampai": 764800,
        "Kategori_Pekerjaan": "Lainnya",
        "Sumber_Data": "Rekap_Lokasi_2023_2025 (1).xlsx",
        "Sumber_Sheet": "Lokasi 26",
        "Sumber_Baris": 139
      },
      "geometry": null
    },
    {
      "type": "Feature",
      "id": "other-558",
      "properties": {
        "OBJECTID": 200558,
        "rute": "surgem_A",
        "Dari": 764800,
        "Sampai": 765000,
        "Jalur": "A",
        "Lajur": "1",
        "Tanggal_Pelaksanaan": "2026-01-01",
        "Tanggal_Label": "Tahun 2026",
        "Tahun": 2026,
        "Keterangan": "Expansion joint",
        "KM_Asli_Dari": 764840,
        "KM_Asli_Sampai": 764840,
        "Kategori_Pekerjaan": "Lainnya",
        "Sumber_Data": "Rekap_Lokasi_2023_2025 (1).xlsx",
        "Sumber_Sheet": "Lokasi 26",
        "Sumber_Baris": 140
      },
      "geometry": null
    },
    {
      "type": "Feature",
      "id": "other-559",
      "properties": {
        "OBJECTID": 200559,
        "rute": "surgem_A",
        "Dari": 764800,
        "Sampai": 765000,
        "Jalur": "A",
        "Lajur": "2",
        "Tanggal_Pelaksanaan": "2026-01-01",
        "Tanggal_Label": "Tahun 2026",
        "Tahun": 2026,
        "Keterangan": "Expansion joint",
        "KM_Asli_Dari": 764840,
        "KM_Asli_Sampai": 764840,
        "Kategori_Pekerjaan": "Lainnya",
        "Sumber_Data": "Rekap_Lokasi_2023_2025 (1).xlsx",
        "Sumber_Sheet": "Lokasi 26",
        "Sumber_Baris": 141
      },
      "geometry": null
    },
    {
      "type": "Feature",
      "id": "other-560",
      "properties": {
        "OBJECTID": 200560,
        "rute": "surgem_A",
        "Dari": 764800,
        "Sampai": 765000,
        "Jalur": "A",
        "Lajur": "1",
        "Tanggal_Pelaksanaan": "2026-01-01",
        "Tanggal_Label": "Tahun 2026",
        "Tahun": 2026,
        "Keterangan": "Expansion joint",
        "KM_Asli_Dari": 764850,
        "KM_Asli_Sampai": 764850,
        "Kategori_Pekerjaan": "Lainnya",
        "Sumber_Data": "Rekap_Lokasi_2023_2025 (1).xlsx",
        "Sumber_Sheet": "Lokasi 26",
        "Sumber_Baris": 142
      },
      "geometry": null
    },
    {
      "type": "Feature",
      "id": "other-561",
      "properties": {
        "OBJECTID": 200561,
        "rute": "surgem_A",
        "Dari": 764800,
        "Sampai": 765000,
        "Jalur": "A",
        "Lajur": "2",
        "Tanggal_Pelaksanaan": "2026-01-01",
        "Tanggal_Label": "Tahun 2026",
        "Tahun": 2026,
        "Keterangan": "Expansion joint",
        "KM_Asli_Dari": 764850,
        "KM_Asli_Sampai": 764850,
        "Kategori_Pekerjaan": "Lainnya",
        "Sumber_Data": "Rekap_Lokasi_2023_2025 (1).xlsx",
        "Sumber_Sheet": "Lokasi 26",
        "Sumber_Baris": 143
      },
      "geometry": null
    },
    {
      "type": "Feature",
      "id": "other-562",
      "properties": {
        "OBJECTID": 200562,
        "rute": "surgem_A",
        "Dari": 764800,
        "Sampai": 765000,
        "Jalur": "A",
        "Lajur": "3",
        "Tanggal_Pelaksanaan": "2026-01-01",
        "Tanggal_Label": "Tahun 2026",
        "Tahun": 2026,
        "Keterangan": "Expansion joint",
        "KM_Asli_Dari": 764850,
        "KM_Asli_Sampai": 764850,
        "Kategori_Pekerjaan": "Lainnya",
        "Sumber_Data": "Rekap_Lokasi_2023_2025 (1).xlsx",
        "Sumber_Sheet": "Lokasi 26",
        "Sumber_Baris": 144
      },
      "geometry": null
    },
    {
      "type": "Feature",
      "id": "other-563",
      "properties": {
        "OBJECTID": 200563,
        "rute": "surgem_A",
        "Dari": 764800,
        "Sampai": 765000,
        "Jalur": "A",
        "Lajur": "1",
        "Tanggal_Pelaksanaan": "2026-01-01",
        "Tanggal_Label": "Tahun 2026",
        "Tahun": 2026,
        "Keterangan": "Expansion joint",
        "KM_Asli_Dari": 764900,
        "KM_Asli_Sampai": 764900,
        "Kategori_Pekerjaan": "Lainnya",
        "Sumber_Data": "Rekap_Lokasi_2023_2025 (1).xlsx",
        "Sumber_Sheet": "Lokasi 26",
        "Sumber_Baris": 145
      },
      "geometry": null
    },
    {
      "type": "Feature",
      "id": "other-564",
      "properties": {
        "OBJECTID": 200564,
        "rute": "surgem_A",
        "Dari": 764800,
        "Sampai": 765000,
        "Jalur": "A",
        "Lajur": "2",
        "Tanggal_Pelaksanaan": "2026-01-01",
        "Tanggal_Label": "Tahun 2026",
        "Tahun": 2026,
        "Keterangan": "Expansion joint",
        "KM_Asli_Dari": 764900,
        "KM_Asli_Sampai": 764900,
        "Kategori_Pekerjaan": "Lainnya",
        "Sumber_Data": "Rekap_Lokasi_2023_2025 (1).xlsx",
        "Sumber_Sheet": "Lokasi 26",
        "Sumber_Baris": 146
      },
      "geometry": null
    },
    {
      "type": "Feature",
      "id": "other-565",
      "properties": {
        "OBJECTID": 200565,
        "rute": "surgem_A",
        "Dari": 764800,
        "Sampai": 765000,
        "Jalur": "A",
        "Lajur": "1",
        "Tanggal_Pelaksanaan": "2026-01-01",
        "Tanggal_Label": "Tahun 2026",
        "Tahun": 2026,
        "Keterangan": "Expansion joint",
        "KM_Asli_Dari": 764901,
        "KM_Asli_Sampai": 764901,
        "Kategori_Pekerjaan": "Lainnya",
        "Sumber_Data": "Rekap_Lokasi_2023_2025 (1).xlsx",
        "Sumber_Sheet": "Lokasi 26",
        "Sumber_Baris": 147
      },
      "geometry": null
    },
    {
      "type": "Feature",
      "id": "other-566",
      "properties": {
        "OBJECTID": 200566,
        "rute": "surgem_A",
        "Dari": 764800,
        "Sampai": 765000,
        "Jalur": "A",
        "Lajur": "2",
        "Tanggal_Pelaksanaan": "2026-01-01",
        "Tanggal_Label": "Tahun 2026",
        "Tahun": 2026,
        "Keterangan": "Expansion joint",
        "KM_Asli_Dari": 764901,
        "KM_Asli_Sampai": 764901,
        "Kategori_Pekerjaan": "Lainnya",
        "Sumber_Data": "Rekap_Lokasi_2023_2025 (1).xlsx",
        "Sumber_Sheet": "Lokasi 26",
        "Sumber_Baris": 148
      },
      "geometry": null
    },
    {
      "type": "Feature",
      "id": "other-567",
      "properties": {
        "OBJECTID": 200567,
        "rute": "surgem_A",
        "Dari": 764800,
        "Sampai": 765000,
        "Jalur": "A",
        "Lajur": "3",
        "Tanggal_Pelaksanaan": "2026-01-01",
        "Tanggal_Label": "Tahun 2026",
        "Tahun": 2026,
        "Keterangan": "Expansion joint",
        "KM_Asli_Dari": 764901,
        "KM_Asli_Sampai": 764901,
        "Kategori_Pekerjaan": "Lainnya",
        "Sumber_Data": "Rekap_Lokasi_2023_2025 (1).xlsx",
        "Sumber_Sheet": "Lokasi 26",
        "Sumber_Baris": 149
      },
      "geometry": null
    },
    {
      "type": "Feature",
      "id": "other-568",
      "properties": {
        "OBJECTID": 200568,
        "rute": "surgem_A",
        "Dari": 764800,
        "Sampai": 765000,
        "Jalur": "A",
        "Lajur": "1",
        "Tanggal_Pelaksanaan": "2026-01-01",
        "Tanggal_Label": "Tahun 2026",
        "Tahun": 2026,
        "Keterangan": "Expansion joint",
        "KM_Asli_Dari": 764911,
        "KM_Asli_Sampai": 764911,
        "Kategori_Pekerjaan": "Lainnya",
        "Sumber_Data": "Rekap_Lokasi_2023_2025 (1).xlsx",
        "Sumber_Sheet": "Lokasi 26",
        "Sumber_Baris": 150
      },
      "geometry": null
    },
    {
      "type": "Feature",
      "id": "other-569",
      "properties": {
        "OBJECTID": 200569,
        "rute": "surgem_A",
        "Dari": 764800,
        "Sampai": 765000,
        "Jalur": "A",
        "Lajur": "2",
        "Tanggal_Pelaksanaan": "2026-01-01",
        "Tanggal_Label": "Tahun 2026",
        "Tahun": 2026,
        "Keterangan": "Expansion joint",
        "KM_Asli_Dari": 764911,
        "KM_Asli_Sampai": 764911,
        "Kategori_Pekerjaan": "Lainnya",
        "Sumber_Data": "Rekap_Lokasi_2023_2025 (1).xlsx",
        "Sumber_Sheet": "Lokasi 26",
        "Sumber_Baris": 151
      },
      "geometry": null
    },
    {
      "type": "Feature",
      "id": "other-570",
      "properties": {
        "OBJECTID": 200570,
        "rute": "surgem_A",
        "Dari": 764800,
        "Sampai": 765000,
        "Jalur": "A",
        "Lajur": "3",
        "Tanggal_Pelaksanaan": "2026-01-01",
        "Tanggal_Label": "Tahun 2026",
        "Tahun": 2026,
        "Keterangan": "Expansion joint",
        "KM_Asli_Dari": 764911,
        "KM_Asli_Sampai": 764911,
        "Kategori_Pekerjaan": "Lainnya",
        "Sumber_Data": "Rekap_Lokasi_2023_2025 (1).xlsx",
        "Sumber_Sheet": "Lokasi 26",
        "Sumber_Baris": 152
      },
      "geometry": null
    },
    {
      "type": "Feature",
      "id": "other-571",
      "properties": {
        "OBJECTID": 200571,
        "rute": "surgem_A",
        "Dari": 764800,
        "Sampai": 765000,
        "Jalur": "A",
        "Lajur": "1",
        "Tanggal_Pelaksanaan": "2026-01-01",
        "Tanggal_Label": "Tahun 2026",
        "Tahun": 2026,
        "Keterangan": "Expansion joint",
        "KM_Asli_Dari": 764950,
        "KM_Asli_Sampai": 764950,
        "Kategori_Pekerjaan": "Lainnya",
        "Sumber_Data": "Rekap_Lokasi_2023_2025 (1).xlsx",
        "Sumber_Sheet": "Lokasi 26",
        "Sumber_Baris": 153
      },
      "geometry": null
    },
    {
      "type": "Feature",
      "id": "other-572",
      "properties": {
        "OBJECTID": 200572,
        "rute": "surgem_A",
        "Dari": 764800,
        "Sampai": 765000,
        "Jalur": "A",
        "Lajur": "2",
        "Tanggal_Pelaksanaan": "2026-01-01",
        "Tanggal_Label": "Tahun 2026",
        "Tahun": 2026,
        "Keterangan": "Expansion joint",
        "KM_Asli_Dari": 764950,
        "KM_Asli_Sampai": 764950,
        "Kategori_Pekerjaan": "Lainnya",
        "Sumber_Data": "Rekap_Lokasi_2023_2025 (1).xlsx",
        "Sumber_Sheet": "Lokasi 26",
        "Sumber_Baris": 154
      },
      "geometry": null
    },
    {
      "type": "Feature",
      "id": "other-573",
      "properties": {
        "OBJECTID": 200573,
        "rute": "surgem_A",
        "Dari": 764800,
        "Sampai": 765000,
        "Jalur": "A",
        "Lajur": "3",
        "Tanggal_Pelaksanaan": "2026-01-01",
        "Tanggal_Label": "Tahun 2026",
        "Tahun": 2026,
        "Keterangan": "Expansion joint",
        "KM_Asli_Dari": 764950,
        "KM_Asli_Sampai": 764950,
        "Kategori_Pekerjaan": "Lainnya",
        "Sumber_Data": "Rekap_Lokasi_2023_2025 (1).xlsx",
        "Sumber_Sheet": "Lokasi 26",
        "Sumber_Baris": 155
      },
      "geometry": null
    },
    {
      "type": "Feature",
      "id": "other-574",
      "properties": {
        "OBJECTID": 200574,
        "rute": "surgem_A",
        "Dari": 764800,
        "Sampai": 765000,
        "Jalur": "A",
        "Lajur": "1",
        "Tanggal_Pelaksanaan": "2026-01-01",
        "Tanggal_Label": "Tahun 2026",
        "Tahun": 2026,
        "Keterangan": "Expansion joint",
        "KM_Asli_Dari": 764985,
        "KM_Asli_Sampai": 764985,
        "Kategori_Pekerjaan": "Lainnya",
        "Sumber_Data": "Rekap_Lokasi_2023_2025 (1).xlsx",
        "Sumber_Sheet": "Lokasi 26",
        "Sumber_Baris": 156
      },
      "geometry": null
    },
    {
      "type": "Feature",
      "id": "other-575",
      "properties": {
        "OBJECTID": 200575,
        "rute": "surgem_A",
        "Dari": 764800,
        "Sampai": 765000,
        "Jalur": "A",
        "Lajur": "2",
        "Tanggal_Pelaksanaan": "2026-01-01",
        "Tanggal_Label": "Tahun 2026",
        "Tahun": 2026,
        "Keterangan": "Expansion joint",
        "KM_Asli_Dari": 764985,
        "KM_Asli_Sampai": 764985,
        "Kategori_Pekerjaan": "Lainnya",
        "Sumber_Data": "Rekap_Lokasi_2023_2025 (1).xlsx",
        "Sumber_Sheet": "Lokasi 26",
        "Sumber_Baris": 157
      },
      "geometry": null
    },
    {
      "type": "Feature",
      "id": "other-576",
      "properties": {
        "OBJECTID": 200576,
        "rute": "surgem_A",
        "Dari": 764800,
        "Sampai": 765000,
        "Jalur": "A",
        "Lajur": "3",
        "Tanggal_Pelaksanaan": "2026-01-01",
        "Tanggal_Label": "Tahun 2026",
        "Tahun": 2026,
        "Keterangan": "Expansion joint",
        "KM_Asli_Dari": 764985,
        "KM_Asli_Sampai": 764985,
        "Kategori_Pekerjaan": "Lainnya",
        "Sumber_Data": "Rekap_Lokasi_2023_2025 (1).xlsx",
        "Sumber_Sheet": "Lokasi 26",
        "Sumber_Baris": 158
      },
      "geometry": null
    },
    {
      "type": "Feature",
      "id": "other-577",
      "properties": {
        "OBJECTID": 200577,
        "rute": "surgem_A",
        "Dari": 765000,
        "Sampai": 765200,
        "Jalur": "A",
        "Lajur": "1",
        "Tanggal_Pelaksanaan": "2026-01-01",
        "Tanggal_Label": "Tahun 2026",
        "Tahun": 2026,
        "Keterangan": "Expansion joint",
        "KM_Asli_Dari": 765050,
        "KM_Asli_Sampai": 765050,
        "Kategori_Pekerjaan": "Lainnya",
        "Sumber_Data": "Rekap_Lokasi_2023_2025 (1).xlsx",
        "Sumber_Sheet": "Lokasi 26",
        "Sumber_Baris": 159
      },
      "geometry": null
    },
    {
      "type": "Feature",
      "id": "other-578",
      "properties": {
        "OBJECTID": 200578,
        "rute": "surgem_A",
        "Dari": 765000,
        "Sampai": 765200,
        "Jalur": "A",
        "Lajur": "2",
        "Tanggal_Pelaksanaan": "2026-01-01",
        "Tanggal_Label": "Tahun 2026",
        "Tahun": 2026,
        "Keterangan": "Expansion joint",
        "KM_Asli_Dari": 765050,
        "KM_Asli_Sampai": 765050,
        "Kategori_Pekerjaan": "Lainnya",
        "Sumber_Data": "Rekap_Lokasi_2023_2025 (1).xlsx",
        "Sumber_Sheet": "Lokasi 26",
        "Sumber_Baris": 160
      },
      "geometry": null
    },
    {
      "type": "Feature",
      "id": "other-579",
      "properties": {
        "OBJECTID": 200579,
        "rute": "surgem_A",
        "Dari": 765000,
        "Sampai": 765200,
        "Jalur": "A",
        "Lajur": "3",
        "Tanggal_Pelaksanaan": "2026-01-01",
        "Tanggal_Label": "Tahun 2026",
        "Tahun": 2026,
        "Keterangan": "Expansion joint",
        "KM_Asli_Dari": 765050,
        "KM_Asli_Sampai": 765050,
        "Kategori_Pekerjaan": "Lainnya",
        "Sumber_Data": "Rekap_Lokasi_2023_2025 (1).xlsx",
        "Sumber_Sheet": "Lokasi 26",
        "Sumber_Baris": 161
      },
      "geometry": null
    },
    {
      "type": "Feature",
      "id": "other-580",
      "properties": {
        "OBJECTID": 200580,
        "rute": "surgem_A",
        "Dari": 765000,
        "Sampai": 765200,
        "Jalur": "A",
        "Lajur": "1",
        "Tanggal_Pelaksanaan": "2026-01-01",
        "Tanggal_Label": "Tahun 2026",
        "Tahun": 2026,
        "Keterangan": "Expansion joint",
        "KM_Asli_Dari": 765112,
        "KM_Asli_Sampai": 765112,
        "Kategori_Pekerjaan": "Lainnya",
        "Sumber_Data": "Rekap_Lokasi_2023_2025 (1).xlsx",
        "Sumber_Sheet": "Lokasi 26",
        "Sumber_Baris": 162
      },
      "geometry": null
    },
    {
      "type": "Feature",
      "id": "other-581",
      "properties": {
        "OBJECTID": 200581,
        "rute": "surgem_A",
        "Dari": 765000,
        "Sampai": 765200,
        "Jalur": "A",
        "Lajur": "2",
        "Tanggal_Pelaksanaan": "2026-01-01",
        "Tanggal_Label": "Tahun 2026",
        "Tahun": 2026,
        "Keterangan": "Expansion joint",
        "KM_Asli_Dari": 765112,
        "KM_Asli_Sampai": 765112,
        "Kategori_Pekerjaan": "Lainnya",
        "Sumber_Data": "Rekap_Lokasi_2023_2025 (1).xlsx",
        "Sumber_Sheet": "Lokasi 26",
        "Sumber_Baris": 163
      },
      "geometry": null
    },
    {
      "type": "Feature",
      "id": "other-582",
      "properties": {
        "OBJECTID": 200582,
        "rute": "surgem_A",
        "Dari": 765000,
        "Sampai": 765200,
        "Jalur": "A",
        "Lajur": "3",
        "Tanggal_Pelaksanaan": "2026-01-01",
        "Tanggal_Label": "Tahun 2026",
        "Tahun": 2026,
        "Keterangan": "Expansion joint",
        "KM_Asli_Dari": 765112,
        "KM_Asli_Sampai": 765112,
        "Kategori_Pekerjaan": "Lainnya",
        "Sumber_Data": "Rekap_Lokasi_2023_2025 (1).xlsx",
        "Sumber_Sheet": "Lokasi 26",
        "Sumber_Baris": 164
      },
      "geometry": null
    },
    {
      "type": "Feature",
      "id": "other-583",
      "properties": {
        "OBJECTID": 200583,
        "rute": "surgem_A",
        "Dari": 765200,
        "Sampai": 765400,
        "Jalur": "A",
        "Lajur": "3",
        "Tanggal_Pelaksanaan": "2026-01-01",
        "Tanggal_Label": "Tahun 2026",
        "Tahun": 2026,
        "Keterangan": "Expansion joint",
        "KM_Asli_Dari": 765205,
        "KM_Asli_Sampai": 765205,
        "Kategori_Pekerjaan": "Lainnya",
        "Sumber_Data": "Rekap_Lokasi_2023_2025 (1).xlsx",
        "Sumber_Sheet": "Lokasi 26",
        "Sumber_Baris": 165
      },
      "geometry": null
    },
    {
      "type": "Feature",
      "id": "other-584",
      "properties": {
        "OBJECTID": 200584,
        "rute": "surgem_A",
        "Dari": 765200,
        "Sampai": 765400,
        "Jalur": "A",
        "Lajur": "3",
        "Tanggal_Pelaksanaan": "2026-01-01",
        "Tanggal_Label": "Tahun 2026",
        "Tahun": 2026,
        "Keterangan": "Expansion joint",
        "KM_Asli_Dari": 765245,
        "KM_Asli_Sampai": 765245,
        "Kategori_Pekerjaan": "Lainnya",
        "Sumber_Data": "Rekap_Lokasi_2023_2025 (1).xlsx",
        "Sumber_Sheet": "Lokasi 26",
        "Sumber_Baris": 166
      },
      "geometry": null
    },
    {
      "type": "Feature",
      "id": "other-585",
      "properties": {
        "OBJECTID": 200585,
        "rute": "surgem_A",
        "Dari": 765200,
        "Sampai": 765400,
        "Jalur": "A",
        "Lajur": "3",
        "Tanggal_Pelaksanaan": "2026-01-01",
        "Tanggal_Label": "Tahun 2026",
        "Tahun": 2026,
        "Keterangan": "Expansion joint",
        "KM_Asli_Dari": 765285,
        "KM_Asli_Sampai": 765285,
        "Kategori_Pekerjaan": "Lainnya",
        "Sumber_Data": "Rekap_Lokasi_2023_2025 (1).xlsx",
        "Sumber_Sheet": "Lokasi 26",
        "Sumber_Baris": 167
      },
      "geometry": null
    },
    {
      "type": "Feature",
      "id": "other-586",
      "properties": {
        "OBJECTID": 200586,
        "rute": "surgem_A",
        "Dari": 765200,
        "Sampai": 765400,
        "Jalur": "A",
        "Lajur": "3",
        "Tanggal_Pelaksanaan": "2026-01-01",
        "Tanggal_Label": "Tahun 2026",
        "Tahun": 2026,
        "Keterangan": "Expansion joint",
        "KM_Asli_Dari": 765320,
        "KM_Asli_Sampai": 765320,
        "Kategori_Pekerjaan": "Lainnya",
        "Sumber_Data": "Rekap_Lokasi_2023_2025 (1).xlsx",
        "Sumber_Sheet": "Lokasi 26",
        "Sumber_Baris": 168
      },
      "geometry": null
    },
    {
      "type": "Feature",
      "id": "other-587",
      "properties": {
        "OBJECTID": 200587,
        "rute": "surgem_A",
        "Dari": 765400,
        "Sampai": 765600,
        "Jalur": "A",
        "Lajur": "3",
        "Tanggal_Pelaksanaan": "2026-01-01",
        "Tanggal_Label": "Tahun 2026",
        "Tahun": 2026,
        "Keterangan": "Expansion joint",
        "KM_Asli_Dari": 765400,
        "KM_Asli_Sampai": 765400,
        "Kategori_Pekerjaan": "Lainnya",
        "Sumber_Data": "Rekap_Lokasi_2023_2025 (1).xlsx",
        "Sumber_Sheet": "Lokasi 26",
        "Sumber_Baris": 169
      },
      "geometry": null
    },
    {
      "type": "Feature",
      "id": "other-588",
      "properties": {
        "OBJECTID": 200588,
        "rute": "surgem_A",
        "Dari": 765400,
        "Sampai": 765600,
        "Jalur": "A",
        "Lajur": "3",
        "Tanggal_Pelaksanaan": "2026-01-01",
        "Tanggal_Label": "Tahun 2026",
        "Tahun": 2026,
        "Keterangan": "Expansion joint",
        "KM_Asli_Dari": 765450,
        "KM_Asli_Sampai": 765450,
        "Kategori_Pekerjaan": "Lainnya",
        "Sumber_Data": "Rekap_Lokasi_2023_2025 (1).xlsx",
        "Sumber_Sheet": "Lokasi 26",
        "Sumber_Baris": 170
      },
      "geometry": null
    },
    {
      "type": "Feature",
      "id": "other-589",
      "properties": {
        "OBJECTID": 200589,
        "rute": "surgem_B",
        "Dari": 767800,
        "Sampai": 768000,
        "Jalur": "B",
        "Lajur": "1",
        "Tanggal_Pelaksanaan": "2026-01-01",
        "Tanggal_Label": "Tahun 2026",
        "Tahun": 2026,
        "Keterangan": "Expansion joint",
        "KM_Asli_Dari": 767850,
        "KM_Asli_Sampai": 767850,
        "Kategori_Pekerjaan": "Lainnya",
        "Sumber_Data": "Rekap_Lokasi_2023_2025 (1).xlsx",
        "Sumber_Sheet": "Lokasi 26",
        "Sumber_Baris": 171
      },
      "geometry": null
    },
    {
      "type": "Feature",
      "id": "other-590",
      "properties": {
        "OBJECTID": 200590,
        "rute": "surgem_B",
        "Dari": 768000,
        "Sampai": 768200,
        "Jalur": "B",
        "Lajur": "1",
        "Tanggal_Pelaksanaan": "2026-01-01",
        "Tanggal_Label": "Tahun 2026",
        "Tahun": 2026,
        "Keterangan": "Expansion joint",
        "KM_Asli_Dari": 768030,
        "KM_Asli_Sampai": 768030,
        "Kategori_Pekerjaan": "Lainnya",
        "Sumber_Data": "Rekap_Lokasi_2023_2025 (1).xlsx",
        "Sumber_Sheet": "Lokasi 26",
        "Sumber_Baris": 172
      },
      "geometry": null
    },
    {
      "type": "Feature",
      "id": "other-591",
      "properties": {
        "OBJECTID": 200591,
        "rute": "surgem_B",
        "Dari": 768000,
        "Sampai": 768200,
        "Jalur": "B",
        "Lajur": "2",
        "Tanggal_Pelaksanaan": "2026-01-01",
        "Tanggal_Label": "Tahun 2026",
        "Tahun": 2026,
        "Keterangan": "Expansion joint",
        "KM_Asli_Dari": 768030,
        "KM_Asli_Sampai": 768030,
        "Kategori_Pekerjaan": "Lainnya",
        "Sumber_Data": "Rekap_Lokasi_2023_2025 (1).xlsx",
        "Sumber_Sheet": "Lokasi 26",
        "Sumber_Baris": 173
      },
      "geometry": null
    },
    {
      "type": "Feature",
      "id": "other-592",
      "properties": {
        "OBJECTID": 200592,
        "rute": "surgem_A",
        "Dari": 770800,
        "Sampai": 771000,
        "Jalur": "A",
        "Lajur": "1",
        "Tanggal_Pelaksanaan": "2026-01-01",
        "Tanggal_Label": "Tahun 2026",
        "Tahun": 2026,
        "Keterangan": "Expansion joint",
        "KM_Asli_Dari": 770900,
        "KM_Asli_Sampai": 770900,
        "Kategori_Pekerjaan": "Lainnya",
        "Sumber_Data": "Rekap_Lokasi_2023_2025 (1).xlsx",
        "Sumber_Sheet": "Lokasi 26",
        "Sumber_Baris": 174
      },
      "geometry": null
    },
    {
      "type": "Feature",
      "id": "other-593",
      "properties": {
        "OBJECTID": 200593,
        "rute": "surgem_A",
        "Dari": 770800,
        "Sampai": 771000,
        "Jalur": "A",
        "Lajur": "2",
        "Tanggal_Pelaksanaan": "2026-01-01",
        "Tanggal_Label": "Tahun 2026",
        "Tahun": 2026,
        "Keterangan": "Expansion joint",
        "KM_Asli_Dari": 770900,
        "KM_Asli_Sampai": 770900,
        "Kategori_Pekerjaan": "Lainnya",
        "Sumber_Data": "Rekap_Lokasi_2023_2025 (1).xlsx",
        "Sumber_Sheet": "Lokasi 26",
        "Sumber_Baris": 175
      },
      "geometry": null
    },
    {
      "type": "Feature",
      "id": "other-594",
      "properties": {
        "OBJECTID": 200594,
        "rute": "surgem_B",
        "Dari": 770800,
        "Sampai": 771000,
        "Jalur": "B",
        "Lajur": "1",
        "Tanggal_Pelaksanaan": "2026-01-01",
        "Tanggal_Label": "Tahun 2026",
        "Tahun": 2026,
        "Keterangan": "Expansion joint",
        "KM_Asli_Dari": 770900,
        "KM_Asli_Sampai": 770900,
        "Kategori_Pekerjaan": "Lainnya",
        "Sumber_Data": "Rekap_Lokasi_2023_2025 (1).xlsx",
        "Sumber_Sheet": "Lokasi 26",
        "Sumber_Baris": 176
      },
      "geometry": null
    },
    {
      "type": "Feature",
      "id": "other-595",
      "properties": {
        "OBJECTID": 200595,
        "rute": "surgem_B",
        "Dari": 771000,
        "Sampai": 771200,
        "Jalur": "B",
        "Lajur": "2",
        "Tanggal_Pelaksanaan": "2026-01-01",
        "Tanggal_Label": "Tahun 2026",
        "Tahun": 2026,
        "Keterangan": "Expansion joint",
        "KM_Asli_Dari": 771030,
        "KM_Asli_Sampai": 771030,
        "Kategori_Pekerjaan": "Lainnya",
        "Sumber_Data": "Rekap_Lokasi_2023_2025 (1).xlsx",
        "Sumber_Sheet": "Lokasi 26",
        "Sumber_Baris": 177
      },
      "geometry": null
    },
    {
      "type": "Feature",
      "id": "other-596",
      "properties": {
        "OBJECTID": 200596,
        "rute": "surgem_B",
        "Dari": 771000,
        "Sampai": 771200,
        "Jalur": "B",
        "Lajur": "2",
        "Tanggal_Pelaksanaan": "2026-01-01",
        "Tanggal_Label": "Tahun 2026",
        "Tahun": 2026,
        "Keterangan": "Expansion joint",
        "KM_Asli_Dari": 771035,
        "KM_Asli_Sampai": 771035,
        "Kategori_Pekerjaan": "Lainnya",
        "Sumber_Data": "Rekap_Lokasi_2023_2025 (1).xlsx",
        "Sumber_Sheet": "Lokasi 26",
        "Sumber_Baris": 179
      },
      "geometry": null
    },
    {
      "type": "Feature",
      "id": "other-597",
      "properties": {
        "OBJECTID": 200597,
        "rute": "surgem_B",
        "Dari": 771000,
        "Sampai": 771200,
        "Jalur": "B",
        "Lajur": "2",
        "Tanggal_Pelaksanaan": "2026-01-01",
        "Tanggal_Label": "Tahun 2026",
        "Tahun": 2026,
        "Keterangan": "Expansion joint",
        "KM_Asli_Dari": 771100,
        "KM_Asli_Sampai": 771100,
        "Kategori_Pekerjaan": "Lainnya",
        "Sumber_Data": "Rekap_Lokasi_2023_2025 (1).xlsx",
        "Sumber_Sheet": "Lokasi 26",
        "Sumber_Baris": 181
      },
      "geometry": null
    },
    {
      "type": "Feature",
      "id": "other-598",
      "properties": {
        "OBJECTID": 200598,
        "rute": "surgem_B",
        "Dari": 771400,
        "Sampai": 771600,
        "Jalur": "B",
        "Lajur": "1",
        "Tanggal_Pelaksanaan": "2026-01-01",
        "Tanggal_Label": "Tahun 2026",
        "Tahun": 2026,
        "Keterangan": "Expansion joint",
        "KM_Asli_Dari": 771400,
        "KM_Asli_Sampai": 771400,
        "Kategori_Pekerjaan": "Lainnya",
        "Sumber_Data": "Rekap_Lokasi_2023_2025 (1).xlsx",
        "Sumber_Sheet": "Lokasi 26",
        "Sumber_Baris": 182
      },
      "geometry": null
    },
    {
      "type": "Feature",
      "id": "other-599",
      "properties": {
        "OBJECTID": 200599,
        "rute": "surgem_A",
        "Dari": 771400,
        "Sampai": 771600,
        "Jalur": "A",
        "Lajur": "1",
        "Tanggal_Pelaksanaan": "2026-01-01",
        "Tanggal_Label": "Tahun 2026",
        "Tahun": 2026,
        "Keterangan": "Expansion joint",
        "KM_Asli_Dari": 771450,
        "KM_Asli_Sampai": 771450,
        "Kategori_Pekerjaan": "Lainnya",
        "Sumber_Data": "Rekap_Lokasi_2023_2025 (1).xlsx",
        "Sumber_Sheet": "Lokasi 26",
        "Sumber_Baris": 184
      },
      "geometry": null
    },
    {
      "type": "Feature",
      "id": "other-600",
      "properties": {
        "OBJECTID": 200600,
        "rute": "surgem_A",
        "Dari": 771400,
        "Sampai": 771600,
        "Jalur": "A",
        "Lajur": "2",
        "Tanggal_Pelaksanaan": "2026-01-01",
        "Tanggal_Label": "Tahun 2026",
        "Tahun": 2026,
        "Keterangan": "Expansion joint",
        "KM_Asli_Dari": 771450,
        "KM_Asli_Sampai": 771450,
        "Kategori_Pekerjaan": "Lainnya",
        "Sumber_Data": "Rekap_Lokasi_2023_2025 (1).xlsx",
        "Sumber_Sheet": "Lokasi 26",
        "Sumber_Baris": 185
      },
      "geometry": null
    }
  ]
}