{"type":"FeatureCollection","crs":{"type":"name","properties":{"name":"EPSG:23836"}},"features":[{"type":"Feature","id":1,"geometry":{"type":"LineString","coordinates":[[224190.35919999983,700279.91279999912],[224070.86070000008,700119.53790000081]]},"properties":{"OBJECTID":1,"highway":"motorway","rute":"surgem_A","Dari":1000,"Sampai":1200,"Jalur":"A","Lajur":"1","Tanggal_Pelaksanaan":"2025-06-03","Keterangan":"Scraping Filling AC WC","Shape_Length":200.00000012914569}},{"type":"Feature","id":2,"geometry":{"type":"LineString","coordinates":[]},"properties":{"OBJECTID":2,"highway":"motorway","rute":"surgem_A","Dari":766000,"Sampai":766200,"Jalur":"A","Lajur":"1","Tanggal_Pelaksanaan":"2025-08-08","Keterangan":"Scraping Filling AC WC","Shape_Length":0}},{"type":"Feature","id":3,"geometry":{"type":"LineString","coordinates":[]},"properties":{"OBJECTID":3,"highway":"motorway","rute":null,"Dari":0,"Sampai":200,"Jalur":"KIRI","Lajur":null,"Tanggal_Pelaksanaan":"2024-08-20","Keterangan":"Rising AC BC Badan Jalan","Shape_Length":0}},{"type":"Feature","id":4,"geometry":{"type":"LineString","coordinates":[]},"properties":{"OBJECTID":4,"highway":"motorway","rute":"surgem_A","Dari":756800,"Sampai":757000,"Jalur":"A","Lajur":"3","Tanggal_Pelaksanaan":"2026","Keterangan":"Scrapping Filling","Shape_Length":0}},{"type":"Feature","id":5,"geometry":{"type":"LineString","coordinates":[]},"properties":{"OBJECTID":5,"highway":"motorway","rute":"surgem_A","Dari":758000,"Sampai":758200,"Jalur":"A","Lajur":"3","Tanggal_Pelaksanaan":"2025-07-28","Keterangan":"Scraping Filling AC WC","Shape_Length":0}},{"type":"Feature","id":6,"geometry":{"type":"LineString","coordinates":[[221963.24610000011,693877.71429999918],[221958.24199999962,693870.99010000005],[221932.78469999973,693830.98169999942],[221906.89180000033,693779.34039999917],[221888.93090000004,693737.20549999923],[221876.9606999997,693698.3842999991]]},"properties":{"OBJECTID":6,"highway":"motorway","rute":"surgem_B","Dari":8200,"Sampai":8400,"Jalur":"B","Lajur":"0","Tanggal_Pelaksanaan":"2024-05-28","Keterangan":"Scraping Filling AC BC","Shape_Length":199.99997825582284}},{"type":"Feature","id":7,"geometry":{"type":"LineString","coordinates":[]},"properties":{"OBJECTID":7,"highway":"motorway","rute":"surgem_A","Dari":751400,"Sampai":751600,"Jalur":"A","Lajur":"2","Tanggal_Pelaksanaan":"2025-06-18","Keterangan":"Scraping Filling AC WC","Shape_Length":0}},{"type":"Feature","id":8,"geometry":{"type":"LineString","coordinates":[]},"properties":{"OBJECTID":8,"highway":"motorway","rute":null,"Dari":200,"Sampai":400,"Jalur":"Ramp Off Gunung Sari 1/A","Lajur":"1","Tanggal_Pelaksanaan":"2023","Keterangan":"Overlay AC WC","Shape_Length":0}},{"type":"Feature","id":9,"geometry":{"type":"LineString","coordinates":[]},"properties":{"OBJECTID":9,"highway":"motorway","rute":"surgem_B","Dari":767200,"Sampai":767400,"Jalur":"B","Lajur":"3","Tanggal_Pelaksanaan":"2025-07-16","Keterangan":"Scraping Filling AC WC","Shape_Length":0}},{"type":"Feature","id":10,"geometry":{"type":"LineString","coordinates":[]},"properties":{"OBJECTID":10,"highway":"motorway","rute":"surgem_B","Dari":744600,"Sampai":744800,"Jalur":"B","Lajur":"2","Tanggal_Pelaksanaan":"2023","Keterangan":"Scraping Filling AC WC","Shape_Length":0}},{"type":"Feature","id":11,"geometry":{"type":"LineString","coordinates":[]},"properties":{"OBJECTID":11,"highway":"motorway","rute":"surgem_A","Dari":750200,"Sampai":750400,"Jalur":"A","Lajur":"3","Tanggal_Pelaksanaan":"2026","Keterangan":"Scrapping Filling","Shape_Length":0}},{"type":"Feature","id":12,"geometry":{"type":"LineString","coordinates":[]},"properties":{"OBJECTID":12,"highway":"motorway","rute":"surgem_B","Dari":762800,"Sampai":763000,"Jalur":"B","Lajur":"1","Tanggal_Pelaksanaan":"2025-07-23","Keterangan":"Scraping Filling AC WC","Shape_Length":0}},{"type":"Feature","id":13,"geometry":{"type":"LineString","coordinates":[]},"properties":{"OBJECTID":13,"highway":"motorway","rute":null,"Dari":9400,"Sampai":9600,"Jalur":"TRANSISI OFFRAMP SATELIT B","Lajur":"1","Tanggal_Pelaksanaan":"2024-05-30","Keterangan":"Scraping Filling AC WC","Shape_Length":0}},{"type":"Feature","id":14,"geometry":{"type":"LineString","coordinates":[]},"properties":{"OBJECTID":14,"highway":"motorway","rute":"surgem_B","Dari":761400,"Sampai":761600,"Jalur":"B","Lajur":"3","Tanggal_Pelaksanaan":"2026","Keterangan":"Scrapping Filling","Shape_Length":0}},{"type":"Feature","id":15,"geometry":{"type":"LineString","coordinates":[]},"properties":{"OBJECTID":15,"highway":"motorway","rute":"surgem_A","Dari":763600,"Sampai":763800,"Jalur":"A","Lajur":"2","Tanggal_Pelaksanaan":"2026","Keterangan":"Scrapping Filling","Shape_Length":0}},{"type":"Feature","id":16,"geometry":{"type":"LineString","coordinates":[[223109.76379999984,697624.92620000057],[223109.49509999994,697545.57709999941],[223112.61679999996,697424.96710000001]]},"properties":{"OBJECTID":16,"highway":"motorway","rute":"surgem_B","Dari":4000,"Sampai":4200,"Jalur":"B","Lajur":"2","Tanggal_Pelaksanaan":"2024-06-21","Keterangan":"Scraping Filling AC WC","Shape_Length":199.99994703649625}},{"type":"Feature","id":17,"geometry":{"type":"LineString","coordinates":[]},"properties":{"OBJECTID":17,"highway":"motorway","rute":null,"Dari":765000,"Sampai":765200,"Jalur":null,"Lajur":null,"Tanggal_Pelaksanaan":null,"Keterangan":null,"Shape_Length":0}},{"type":"Feature","id":18,"geometry":{"type":"LineString","coordinates":[[223259.42100000009,691787.92270000093],[223273.41339999996,691781.95470000058],[223325.52720000036,691758.39839999937],[223383.32259999961,691725.41789999977],[223433.19620000012,691690.20099999942]]},"properties":{"OBJECTID":18,"highway":"motorway","rute":"surgem_B","Dari":11200,"Sampai":11400,"Jalur":"B","Lajur":"0","Tanggal_Pelaksanaan":"2024-05-24","Keterangan":"Scraping Filling AC BC","Shape_Length":199.9999322774687}},{"type":"Feature","id":19,"geometry":{"type":"LineString","coordinates":[]},"properties":{"OBJECTID":19,"highway":"motorway","rute":"surgem_B","Dari":755200,"Sampai":755400,"Jalur":"B","Lajur":"3","Tanggal_Pelaksanaan":"2026","Keterangan":"Scrapping Filling","Shape_Length":0}},{"type":"Feature","id":20,"geometry":{"type":"LineString","coordinates":[]},"properties":{"OBJECTID":20,"highway":"motorway","rute":null,"Dari":200,"Sampai":400,"Jalur":"Ramp Off Gunung Sari 1/A","Lajur":"1","Tanggal_Pelaksanaan":"2023","Keterangan":"Overlay AC WC","Shape_Length":0}},{"type":"Feature","id":21,"geometry":{"type":"LineString","coordinates":[]},"properties":{"OBJECTID":21,"highway":"motorway","rute":"surgem_B","Dari":758400,"Sampai":758600,"Jalur":"B","Lajur":"2","Tanggal_Pelaksanaan":"2024-09-10","Keterangan":"Scraping Filling AC WC","Shape_Length":0}},{"type":"Feature","id":22,"geometry":{"type":"LineString","coordinates":[]},"properties":{"OBJECTID":22,"highway":"motorway","rute":"surgem_A","Dari":763200,"Sampai":763400,"Jalur":"A","Lajur":"3","Tanggal_Pelaksanaan":"2026","Keterangan":"Scrapping Filling","Shape_Length":0}},{"type":"Feature","id":23,"geometry":{"type":"LineString","coordinates":[[223716.88499999978,691410.05719999969],[223833.62050000019,691265.05020000041],[223841.35790000018,691253.5708000008]]},"properties":{"OBJECTID":23,"highway":"motorway","rute":"surgem_B","Dari":11800,"Sampai":12000,"Jalur":"B","Lajur":"1","Tanggal_Pelaksanaan":"2024-05-16","Keterangan":"Scraping Filling AC WC","Shape_Length":199.99995854231065}},{"type":"Feature","id":24,"geometry":{"type":"LineString","coordinates":[]},"properties":{"OBJECTID":24,"highway":"motorway","rute":"surgem_A","Dari":761800,"Sampai":762000,"Jalur":"A","Lajur":"2","Tanggal_Pelaksanaan":"2024-08-08","Keterangan":"Scraping Filling AC WC","Shape_Length":0}},{"type":"Feature","id":25,"geometry":{"type":"LineString","coordinates":[[223168.40199999977,687169.55749999918],[223146.81749999989,687054.45450000092],[223130.25960000046,686973.23440000042]]},"properties":{"OBJECTID":25,"highway":"motorway","rute":"surgem_A","Dari":16200,"Sampai":16400,"Jalur":"A","Lajur":"3","Tanggal_Pelaksanaan":"2026","Keterangan":"Scrapping Filling","Shape_Length":200.00001656312313}},{"type":"Feature","id":26,"geometry":{"type":"LineString","coordinates":[]},"properties":{"OBJECTID":26,"highway":"motorway","rute":"surgem_A","Dari":744800,"Sampai":745000,"Jalur":"A","Lajur":"2","Tanggal_Pelaksanaan":"2025-08-15","Keterangan":"Scraping Filling AC WC","Shape_Length":0}},{"type":"Feature","id":27,"geometry":{"type":"LineString","coordinates":[]},"properties":{"OBJECTID":27,"highway":"motorway","rute":null,"Dari":0,"Sampai":200,"Jalur":"Off Ramp Dupak Arah Ps Turi","Lajur":"B/KANAN","Tanggal_Pelaksanaan":"2023","Keterangan":"Scraping Filling AC WC","Shape_Length":0}},{"type":"Feature","id":28,"geometry":{"type":"LineString","coordinates":[]},"properties":{"OBJECTID":28,"highway":"motorway","rute":"surgem_B","Dari":745400,"Sampai":745600,"Jalur":"B","Lajur":"2","Tanggal_Pelaksanaan":"2023","Keterangan":"Scraping Filling AC WC","Shape_Length":0}},{"type":"Feature","id":29,"geometry":{"type":"LineString","coordinates":[]},"properties":{"OBJECTID":29,"highway":"motorway","rute":"surgem_A","Dari":757200,"Sampai":757400,"Jalur":"A","Lajur":"3","Tanggal_Pelaksanaan":"2026","Keterangan":"Scrapping Filling","Shape_Length":0}},{"type":"Feature","id":30,"geometry":{"type":"LineString","coordinates":[[224492.72279999964,701009.96289999969],[224480.42449999973,700945.66679999977],[224452.42059999984,700814.07520000078]]},"properties":{"OBJECTID":30,"highway":"motorway","rute":"surgem_A","Dari":200,"Sampai":400,"Jalur":"A","Lajur":"1","Tanggal_Pelaksanaan":"2025-06-02","Keterangan":"Scraping Filling AC WC","Shape_Length":200.00006897132334}},{"type":"Feature","id":31,"geometry":{"type":"LineString","coordinates":[]},"properties":{"OBJECTID":31,"highway":"motorway","rute":"surgem_A","Dari":763000,"Sampai":763200,"Jalur":"A","Lajur":"3","Tanggal_Pelaksanaan":"2026","Keterangan":"Scrapping Filling","Shape_Length":0}},{"type":"Feature","id":32,"geometry":{"type":"LineString","coordinates":[]},"properties":{"OBJECTID":32,"highway":"motorway","rute":"surgem_A","Dari":747600,"Sampai":747800,"Jalur":"A","Lajur":"1","Tanggal_Pelaksanaan":"2025-07-25","Keterangan":"Scraping Filling AC WC","Shape_Length":0}},{"type":"Feature","id":33,"geometry":{"type":"LineString","coordinates":[[223295.76609999966,687755.75119999982],[223290.41530000046,687735.39619999938],[223288.65720000025,687729.63570000045],[223268.89950000029,687644.59620000049],[223253.56450000033,687573.56550000049],[223251.41860000044,687564.75310000032],[223250.58359999955,687560.95480000041]]},"properties":{"OBJECTID":33,"highway":"motorway","rute":"surgem_A","Dari":15600,"Sampai":15800,"Jalur":"A","Lajur":"1","Tanggal_Pelaksanaan":"2023","Keterangan":"Scraping Filling AC BC","Shape_Length":200.00001512966708}},{"type":"Feature","id":34,"geometry":{"type":"LineString","coordinates":[]},"properties":{"OBJECTID":34,"highway":"motorway","rute":"surgem_B","Dari":749000,"Sampai":749200,"Jalur":"B","Lajur":"2","Tanggal_Pelaksanaan":"2026","Keterangan":"Scrapping Filling","Shape_Length":0}},{"type":"Feature","id":35,"geometry":{"type":"LineString","coordinates":[]},"properties":{"OBJECTID":35,"highway":"motorway","rute":null,"Dari":4000,"Sampai":4200,"Jalur":"AKSES OFF RAMP PSR TURI/B","Lajur":"1","Tanggal_Pelaksanaan":"2024-06-11","Keterangan":"Scraping Filling AC WC","Shape_Length":0}},{"type":"Feature","id":36,"geometry":{"type":"LineString","coordinates":[]},"properties":{"OBJECTID":36,"highway":"motorway","rute":"surgem_A","Dari":754400,"Sampai":754600,"Jalur":"A","Lajur":"3","Tanggal_Pelaksanaan":"2026","Keterangan":"Scrapping Filling","Shape_Length":0}},{"type":"Feature","id":37,"geometry":{"type":"LineString","coordinates":[]},"properties":{"OBJECTID":37,"highway":"motorway","rute":"surgem_B","Dari":757400,"Sampai":757600,"Jalur":"B","Lajur":"1","Tanggal_Pelaksanaan":"2024-08-12","Keterangan":"Scraping Filling AC WC","Shape_Length":0}},{"type":"Feature","id":38,"geometry":{"type":"LineString","coordinates":[[223611.54320000019,688918.07479999959],[223610.33449999988,688910.99789999984],[223594.71740000043,688828.99760000035],[223573.89120000042,688727.71429999918],[223572.4534,688721.9467999991]]},"properties":{"OBJECTID":38,"highway":"motorway","rute":"surgem_B","Dari":14400,"Sampai":14600,"Jalur":"B","Lajur":"3","Tanggal_Pelaksanaan":"2025-07-12","Keterangan":"Scraping Filling AC WC","Shape_Length":199.99990843683048}},{"type":"Feature","id":39,"geometry":{"type":"LineString","coordinates":[[221974.25760000013,693872.6978999991],[221964.62959999964,693858.67950000055],[221948.94000000041,693834.54639999941],[221929.65730000008,693799.71059999987],[221912.36099999957,693762.54059999995],[221895.53170000017,693707.5998999998],[221891.74069999997,693692.12280000001]]},"properties":{"OBJECTID":39,"highway":"motorway","rute":"surgem_A","Dari":8200,"Sampai":8400,"Jalur":"A","Lajur":"3","Tanggal_Pelaksanaan":"2026","Keterangan":"Scrapping Filling","Shape_Length":200.00001038972172}},{"type":"Feature","id":40,"geometry":{"type":"LineString","coordinates":[[224494.46729999967,701209.57410000078],[224505.10879999958,701178.49540000036],[224507.00250000041,701166.68439999968],[224507.97070000041,701159.39660000056],[224508.27579999994,701150.87060000002],[224503.09300000034,701120.8945000004],[224483.86359999981,701013.72199999914]]},"properties":{"OBJECTID":40,"highway":"motorway","rute":"surgem_B","Dari":0,"Sampai":200,"Jalur":"B","Lajur":"I/CKOTASATELITARAHPERAK","Tanggal_Pelaksanaan":"2026","Keterangan":"Overlay","Shape_Length":200.00000640225613}},{"type":"Feature","id":41,"geometry":{"type":"LineString","coordinates":[]},"properties":{"OBJECTID":41,"highway":"motorway","rute":null,"Dari":3800,"Sampai":4000,"Jalur":"AKSES OFF RAMP PSR TURI/B","Lajur":"0","Tanggal_Pelaksanaan":"2024-06-11","Keterangan":"Scraping Filling AC BC","Shape_Length":0}},{"type":"Feature","id":42,"geometry":{"type":"LineString","coordinates":[[223068.39769999962,696021.0206000004],[223056.06209999975,695821.40139999986]]},"properties":{"OBJECTID":42,"highway":"motorway","rute":"surgem_A","Dari":5600,"Sampai":5800,"Jalur":"A","Lajur":"3","Tanggal_Pelaksanaan":"2026","Keterangan":"Scrapping Filling","Shape_Length":199.99998009052968}},{"type":"Feature","id":43,"geometry":{"type":"LineString","coordinates":[]},"properties":{"OBJECTID":43,"highway":"motorway","rute":"surgem_A","Dari":748200,"Sampai":748400,"Jalur":"A","Lajur":"1","Tanggal_Pelaksanaan":"2024-07-24","Keterangan":"Scraping Filling AC WC","Shape_Length":0}},{"type":"Feature","id":44,"geometry":{"type":"LineString","coordinates":[[222985.19199999981,695029.40440000035],[222982.01470000017,695006.08210000023],[222966.87459999975,694930.17469999939],[222958.04360000044,694887.30619999953],[222956.04140000045,694879.43370000087],[222942.15759999957,694834.35529999994]]},"properties":{"OBJECTID":44,"highway":"motorway","rute":"surgem_B","Dari":6600,"Sampai":6800,"Jalur":"B","Lajur":"2","Tanggal_Pelaksanaan":"2023","Keterangan":"Scraping Filling AC WC","Shape_Length":200.00008168063806}},{"type":"Feature","id":45,"geometry":{"type":"LineString","coordinates":[]},"properties":{"OBJECTID":45,"highway":"motorway","rute":null,"Dari":764000,"Sampai":764200,"Jalur":null,"Lajur":null,"Tanggal_Pelaksanaan":null,"Keterangan":null,"Shape_Length":0}},{"type":"Feature","id":46,"geometry":{"type":"LineString","coordinates":[[223080.67030000035,696220.64350000024],[223080.51499999966,696217.88010000065],[223080.01400000043,696209.00070000067],[223068.39769999962,696021.0206000004]]},"properties":{"OBJECTID":46,"highway":"motorway","rute":"surgem_A","Dari":5400,"Sampai":5600,"Jalur":"A","Lajur":"2","Tanggal_Pelaksanaan":"2026","Keterangan":"Scrapping Filling","Shape_Length":199.99995785644941}},{"type":"Feature","id":47,"geometry":{"type":"LineString","coordinates":[]},"properties":{"OBJECTID":47,"highway":"motorway","rute":"surgem_B","Dari":752800,"Sampai":753000,"Jalur":"B","Lajur":"2","Tanggal_Pelaksanaan":"2024-09-04","Keterangan":"Scraping Filling AC WC","Shape_Length":0}},{"type":"Feature","id":48,"geometry":{"type":"LineString","coordinates":[]},"properties":{"OBJECTID":48,"highway":"motorway","rute":"surgem_A","Dari":755400,"Sampai":755600,"Jalur":"A","Lajur":"2","Tanggal_Pelaksanaan":"2025-06-16","Keterangan":"Scraping Filling AC WC","Shape_Length":0}},{"type":"Feature","id":49,"geometry":{"type":"LineString","coordinates":[[223237.31549999956,687570.42490000091],[223237.06859999988,687569.38220000081],[223235.61919999961,687562.63729999959],[223226.40270000044,687519.84640000015],[223211.11450000014,687454.22309999913],[223193.34219999984,687375.32320000045]]},"properties":{"OBJECTID":49,"highway":"motorway","rute":"surgem_B","Dari":15800,"Sampai":16000,"Jalur":"B","Lajur":"2","Tanggal_Pelaksanaan":"2025-05-30","Keterangan":"Scraping Filling AC WC","Shape_Length":199.99996017234588}},{"type":"Feature","id":50,"geometry":{"type":"LineString","coordinates":[[222098.07419999968,694024.39189999923],[222062.39489999972,693992.06430000067],[222011.52670000028,693942.55719999969],[221979.56520000007,693900.69400000013],[221975.12339999992,693893.67400000058],[221963.24610000011,693877.71429999918]]},"properties":{"OBJECTID":50,"highway":"motorway","rute":"surgem_B","Dari":8000,"Sampai":8200,"Jalur":"B","Lajur":"0","Tanggal_Pelaksanaan":"2024-05-31","Keterangan":"Scraping Filling AC BC","Shape_Length":199.99998367424124}},{"type":"Feature","id":51,"geometry":{"type":"LineString","coordinates":[]},"properties":{"OBJECTID":51,"highway":"motorway","rute":"surgem_B","Dari":746400,"Sampai":746600,"Jalur":"B","Lajur":"1","Tanggal_Pelaksanaan":"2025-07-25","Keterangan":"Scraping Filling AC WC","Shape_Length":0}},{"type":"Feature","id":52,"geometry":{"type":"LineString","coordinates":[]},"properties":{"OBJECTID":52,"highway":"motorway","rute":"surgem_B","Dari":745200,"Sampai":745400,"Jalur":"B","Lajur":"1","Tanggal_Pelaksanaan":"2023","Keterangan":"Scraping Filling AC WC","Shape_Length":0}},{"type":"Feature","id":53,"geometry":{"type":"LineString","coordinates":[[222110.47180000041,694018.40809999965],[222073.77630000003,693986.76239999942],[222028.2862999998,693939.28759999946],[221980.65000000037,693882.00520000048],[221974.25760000013,693872.6978999991]]},"properties":{"OBJECTID":53,"highway":"motorway","rute":"surgem_A","Dari":8000,"Sampai":8200,"Jalur":"A","Lajur":"2","Tanggal_Pelaksanaan":"2024-07-01","Keterangan":"Scraping Filling AC WC","Shape_Length":199.99998929652176}},{"type":"Feature","id":54,"geometry":{"type":"LineString","coordinates":[]},"properties":{"OBJECTID":54,"highway":"motorway","rute":null,"Dari":764600,"Sampai":764800,"Jalur":null,"Lajur":null,"Tanggal_Pelaksanaan":null,"Keterangan":null,"Shape_Length":0}},{"type":"Feature","id":55,"geometry":{"type":"LineString","coordinates":[]},"properties":{"OBJECTID":55,"highway":"motorway","rute":"surgem_B","Dari":762000,"Sampai":762200,"Jalur":"B","Lajur":"2","Tanggal_Pelaksanaan":"2023","Keterangan":"Scraping Filling AC WC","Shape_Length":0}},{"type":"Feature","id":56,"geometry":{"type":"LineString","coordinates":[]},"properties":{"OBJECTID":56,"highway":"motorway","rute":null,"Dari":760000,"Sampai":760200,"Jalur":null,"Lajur":null,"Tanggal_Pelaksanaan":null,"Keterangan":null,"Shape_Length":0}},{"type":"Feature","id":57,"geometry":{"type":"LineString","coordinates":[]},"properties":{"OBJECTID":57,"highway":"motorway","rute":"surgem_B","Dari":746800,"Sampai":747000,"Jalur":"B","Lajur":"2","Tanggal_Pelaksanaan":"2026","Keterangan":"Scrapping Filling","Shape_Length":0}},{"type":"Feature","id":58,"geometry":{"type":"LineString","coordinates":[]},"properties":{"OBJECTID":58,"highway":"motorway","rute":"surgem_A","Dari":748800,"Sampai":749000,"Jalur":"A","Lajur":"1","Tanggal_Pelaksanaan":"2024-07-29","Keterangan":"Scraping Filling AC WC","Shape_Length":0}},{"type":"Feature","id":59,"geometry":{"type":"LineString","coordinates":[]},"properties":{"OBJECTID":59,"highway":"motorway","rute":"surgem_B","Dari":745800,"Sampai":746000,"Jalur":"B","Lajur":"2","Tanggal_Pelaksanaan":"2026","Keterangan":"Scrapping Filling","Shape_Length":0}},{"type":"Feature","id":60,"geometry":{"type":"LineString","coordinates":[[223056.06209999975,695821.40139999986],[223043.72649999987,695621.78219999932]]},"properties":{"OBJECTID":60,"highway":"motorway","rute":"surgem_A","Dari":5800,"Sampai":6000,"Jalur":"A","Lajur":"2","Tanggal_Pelaksanaan":"2026","Keterangan":"Scrapping Filling","Shape_Length":199.99998009052968}},{"type":"Feature","id":61,"geometry":{"type":"LineString","coordinates":[[223130.49870000035,697219.11620000005],[223130.01809999999,697081.27930000052],[223128.07330000028,697019.1473999992]]},"properties":{"OBJECTID":61,"highway":"motorway","rute":"surgem_A","Dari":4400,"Sampai":4600,"Jalur":"A","Lajur":"1","Tanggal_Pelaksanaan":"2025-05-23","Keterangan":"Scrapping Filling AC WC","Shape_Length":200.00006764723804}},{"type":"Feature","id":62,"geometry":{"type":"LineString","coordinates":[[223622.65469999984,688909.07530000061],[223614.41959999967,688865.11539999954],[223605.11110000033,688815.62329999916],[223595.09630000032,688766.82819999941],[223582.62339999992,688713.15509999916]]},"properties":{"OBJECTID":62,"highway":"motorway","rute":"surgem_A","Dari":14400,"Sampai":14600,"Jalur":"A","Lajur":"1","Tanggal_Pelaksanaan":"2024-07-18","Keterangan":"Scraping Filling AC WC","Shape_Length":200.0000030442215}},{"type":"Feature","id":63,"geometry":{"type":"LineString","coordinates":[[224483.86359999981,701013.72199999914],[224472.35390000045,700949.57430000044],[224443.54339999985,700817.86050000042]]},"properties":{"OBJECTID":63,"highway":"motorway","rute":"surgem_B","Dari":200,"Sampai":400,"Jalur":"B","Lajur":"1","Tanggal_Pelaksanaan":"2025-07-01","Keterangan":"Scraping Filling AC WC","Shape_Length":200.00001203632809}},{"type":"Feature","id":64,"geometry":{"type":"LineString","coordinates":[]},"properties":{"OBJECTID":64,"highway":"motorway","rute":null,"Dari":0,"Sampai":200,"Jalur":"On Ramp Dupak 2 Sblm Gate","Lajur":"B/KIRI","Tanggal_Pelaksanaan":"2023","Keterangan":"Scraping Filling AC WC","Shape_Length":0}},{"type":"Feature","id":65,"geometry":{"type":"LineString","coordinates":[[223787.4868999999,689895.26940000057],[223755.20239999983,689731.27080000006],[223749.40089999977,689698.93319999985]]},"properties":{"OBJECTID":65,"highway":"motorway","rute":"surgem_A","Dari":13400,"Sampai":13600,"Jalur":"A","Lajur":"1","Tanggal_Pelaksanaan":"2024-07-12","Keterangan":"Scraping Filling AC WC","Shape_Length":200.00001814694116}},{"type":"Feature","id":66,"geometry":{"type":"LineString","coordinates":[]},"properties":{"OBJECTID":66,"highway":"motorway","rute":"surgem_B","Dari":768000,"Sampai":768200,"Jalur":"B","Lajur":"3","Tanggal_Pelaksanaan":"2025-07-09","Keterangan":"Scraping Filling AC WC","Shape_Length":0}},{"type":"Feature","id":67,"geometry":{"type":"LineString","coordinates":[]},"properties":{"OBJECTID":67,"highway":"motorway","rute":"surgem_B","Dari":749600,"Sampai":749800,"Jalur":"B","Lajur":"1","Tanggal_Pelaksanaan":"2025-09-28","Keterangan":"Scrapping Filling AC WC","Shape_Length":0}},{"type":"Feature","id":68,"geometry":{"type":"LineString","coordinates":[]},"properties":{"OBJECTID":68,"highway":"motorway","rute":"surgem_A","Dari":769400,"Sampai":769600,"Jalur":"A","Lajur":"1","Tanggal_Pelaksanaan":"2025-06-24","Keterangan":"Scraping Filling AC WC","Shape_Length":0}},{"type":"Feature","id":69,"geometry":{"type":"LineString","coordinates":[]},"properties":{"OBJECTID":69,"highway":"motorway","rute":null,"Dari":764800,"Sampai":765000,"Jalur":null,"Lajur":null,"Tanggal_Pelaksanaan":null,"Keterangan":null,"Shape_Length":0}},{"type":"Feature","id":70,"geometry":{"type":"LineString","coordinates":[[221891.74069999997,693692.12280000001],[221878.30929999985,693637.28849999979],[221867.74969999958,693577.87759999931],[221863.05939999968,693532.89489999972],[221860.62310000043,693494.99709999934]]},"properties":{"OBJECTID":70,"highway":"motorway","rute":"surgem_A","Dari":8400,"Sampai":8600,"Jalur":"A","Lajur":"3","Tanggal_Pelaksanaan":"2026","Keterangan":"Scrapping Filling","Shape_Length":199.99993968800626}},{"type":"Feature","id":71,"geometry":{"type":"LineString","coordinates":[[223859.08389999997,691247.13189999945],[223867.35859999992,691235.72980000079],[223879.86980000045,691216.55990000069],[223900.13609999977,691183.53040000051],[223914.48790000007,691157.8574000001],[223930.68020000029,691125.11730000004],[223952.36089999974,691070.96480000019]]},"properties":{"OBJECTID":71,"highway":"motorway","rute":"surgem_A","Dari":12000,"Sampai":12200,"Jalur":"A","Lajur":"3","Tanggal_Pelaksanaan":"2025-09-24","Keterangan":"Scraping Filling AC WC","Shape_Length":199.99995468310368}},{"type":"Feature","id":72,"geometry":{"type":"LineString","coordinates":[]},"properties":{"OBJECTID":72,"highway":"motorway","rute":null,"Dari":200,"Sampai":400,"Jalur":"KIRI","Lajur":null,"Tanggal_Pelaksanaan":"2024-08-20","Keterangan":"Rising AC BC Badan Jalan","Shape_Length":0}},{"type":"Feature","id":73,"geometry":{"type":"LineString","coordinates":[]},"properties":{"OBJECTID":73,"highway":"motorway","rute":"surgem_B","Dari":750400,"Sampai":750600,"Jalur":"B","Lajur":"1","Tanggal_Pelaksanaan":"2025-10-23","Keterangan":"Scrapping Filling AC WC","Shape_Length":0}},{"type":"Feature","id":74,"geometry":{"type":"LineString","coordinates":[[223404.30370000005,688146.28280000016],[223384.78729999997,688087.29030000046],[223340.18960000016,687956.84009999968]]},"properties":{"OBJECTID":74,"highway":"motorway","rute":"surgem_B","Dari":15200,"Sampai":15400,"Jalur":"B","Lajur":"3","Tanggal_Pelaksanaan":"2023","Keterangan":"Scraping Filling AC WC","Shape_Length":199.99999516055126}},{"type":"Feature","id":75,"geometry":{"type":"LineString","coordinates":[]},"properties":{"OBJECTID":75,"highway":"motorway","rute":"surgem_B","Dari":745200,"Sampai":745400,"Jalur":"B","Lajur":"2","Tanggal_Pelaksanaan":"2023","Keterangan":"Scraping Filling AC WC","Shape_Length":0}},{"type":"Feature","id":76,"geometry":{"type":"LineString","coordinates":[]},"properties":{"OBJECTID":76,"highway":"motorway","rute":"surgem_B","Dari":756200,"Sampai":756400,"Jalur":"B","Lajur":"1","Tanggal_Pelaksanaan":"2025-10-28","Keterangan":"Scrapping Filling AC WC","Shape_Length":0}},{"type":"Feature","id":77,"geometry":{"type":"LineString","coordinates":[]},"properties":{"OBJECTID":77,"highway":"motorway","rute":"surgem_A","Dari":745800,"Sampai":746000,"Jalur":"A","Lajur":"1","Tanggal_Pelaksanaan":"2024-07-25","Keterangan":"Scraping Filling AC WC","Shape_Length":0}},{"type":"Feature","id":78,"geometry":{"type":"LineString","coordinates":[]},"properties":{"OBJECTID":78,"highway":"motorway","rute":"surgem_A","Dari":760800,"Sampai":761000,"Jalur":"A","Lajur":"3","Tanggal_Pelaksanaan":"2026","Keterangan":"Scrapping Filling","Shape_Length":0}},{"type":"Feature","id":79,"geometry":{"type":"LineString","coordinates":[]},"properties":{"OBJECTID":79,"highway":"motorway","rute":"surgem_A","Dari":758600,"Sampai":758800,"Jalur":"A","Lajur":"2","Tanggal_Pelaksanaan":"2025-07-31","Keterangan":"Scraping Filling AC WC","Shape_Length":0}},{"type":"Feature","id":80,"geometry":{"type":"LineString","coordinates":[]},"properties":{"OBJECTID":80,"highway":"motorway","rute":null,"Dari":200,"Sampai":400,"Jalur":"ON RAMP B.URIP","Lajur":"KANAN","Tanggal_Pelaksanaan":"2024-06-09","Keterangan":"Scraping Filling AC WC","Shape_Length":0}},{"type":"Feature","id":81,"geometry":{"type":"LineString","coordinates":[[221848.8004999999,693501.17620000057],[221847.86290000007,693474.52549999952],[221851.60769999959,693352.79539999925],[221856.21150000021,693301.45629999973]]},"properties":{"OBJECTID":81,"highway":"motorway","rute":"surgem_B","Dari":8600,"Sampai":8800,"Jalur":"B","Lajur":"3","Tanggal_Pelaksanaan":"2026","Keterangan":"Scrapping Filling","Shape_Length":199.99998310779432}},{"type":"Feature","id":82,"geometry":{"type":"LineString","coordinates":[]},"properties":{"OBJECTID":82,"highway":"motorway","rute":null,"Dari":767000,"Sampai":767200,"Jalur":null,"Lajur":null,"Tanggal_Pelaksanaan":null,"Keterangan":null,"Shape_Length":0}},{"type":"Feature","id":83,"geometry":{"type":"LineString","coordinates":[]},"properties":{"OBJECTID":83,"highway":"motorway","rute":"surgem_A","Dari":745600,"Sampai":745800,"Jalur":"A","Lajur":"1","Tanggal_Pelaksanaan":"2024-07-23","Keterangan":"Scraping Filling AC WC","Shape_Length":0}},{"type":"Feature","id":84,"geometry":{"type":"LineString","coordinates":[]},"properties":{"OBJECTID":84,"highway":"motorway","rute":"surgem_B","Dari":747200,"Sampai":747400,"Jalur":"B","Lajur":"1","Tanggal_Pelaksanaan":"2025-07-26","Keterangan":"Scraping Filling AC WC","Shape_Length":0}},{"type":"Feature","id":85,"geometry":{"type":"LineString","coordinates":[]},"properties":{"OBJECTID":85,"highway":"motorway","rute":"surgem_B","Dari":755800,"Sampai":756000,"Jalur":"B","Lajur":"3","Tanggal_Pelaksanaan":"2026","Keterangan":"Scrapping Filling","Shape_Length":0}},{"type":"Feature","id":86,"geometry":{"type":"LineString","coordinates":[[223404.30370000005,688146.28280000016],[223384.78729999997,688087.29030000046],[223340.18960000016,687956.84009999968]]},"properties":{"OBJECTID":86,"highway":"motorway","rute":"surgem_B","Dari":15200,"Sampai":15400,"Jalur":"B","Lajur":"2","Tanggal_Pelaksanaan":"2023","Keterangan":"Scraping Filling AC WC","Shape_Length":199.99999516055126}},{"type":"Feature","id":87,"geometry":{"type":"LineString","coordinates":[[223016.08029999956,695428.10759999976],[223012.30559999961,695372.8236999996],[223006.41349999979,695262.10089999996],[223003.8498999998,695228.49049999937]]},"properties":{"OBJECTID":87,"highway":"motorway","rute":"surgem_B","Dari":6200,"Sampai":6400,"Jalur":"B","Lajur":"1","Tanggal_Pelaksanaan":"2024-06-04","Keterangan":"Scraping Filling AC WC","Shape_Length":200.00010461856232}},{"type":"Feature","id":88,"geometry":{"type":"LineString","coordinates":[]},"properties":{"OBJECTID":88,"highway":"motorway","rute":null,"Dari":0,"Sampai":200,"Jalur":"LOOP 2 DUPAK","Lajur":null,"Tanggal_Pelaksanaan":"2024-08-21","Keterangan":"Overlay AC WC","Shape_Length":0}},{"type":"Feature","id":89,"geometry":{"type":"LineString","coordinates":[[223096.18780000042,691859.47169999965],[223160.75439999998,691837.57469999976],[223223.61070000008,691812.95199999958],[223277.62440000009,691791.27480000071],[223283.17449999973,691788.71199999936]]},"properties":{"OBJECTID":89,"highway":"motorway","rute":"surgem_A","Dari":11000,"Sampai":11200,"Jalur":"A","Lajur":"0","Tanggal_Pelaksanaan":"2025-08-10","Keterangan":"Scraping Filling AC BC","Shape_Length":200.00003486066922}},{"type":"Feature","id":90,"geometry":{"type":"LineString","coordinates":[]},"properties":{"OBJECTID":90,"highway":"motorway","rute":"surgem_A","Dari":756600,"Sampai":756800,"Jalur":"A","Lajur":"3","Tanggal_Pelaksanaan":"2026","Keterangan":"Scrapping Filling","Shape_Length":0}},{"type":"Feature","id":91,"geometry":{"type":"LineString","coordinates":[]},"properties":{"OBJECTID":91,"highway":"motorway","rute":"surgem_B","Dari":771000,"Sampai":771200,"Jalur":"B","Lajur":"1","Tanggal_Pelaksanaan":"2025-08-20","Keterangan":"Scraping Filling AC WC","Shape_Length":0}},{"type":"Feature","id":92,"geometry":{"type":"LineString","coordinates":[]},"properties":{"OBJECTID":92,"highway":"motorway","rute":"surgem_B","Dari":744800,"Sampai":745000,"Jalur":"B","Lajur":"3","Tanggal_Pelaksanaan":"2025-06-11","Keterangan":"Scraping Filling AC WC","Shape_Length":0}},{"type":"Feature","id":93,"geometry":{"type":"LineString","coordinates":[]},"properties":{"OBJECTID":93,"highway":"motorway","rute":"surgem_A","Dari":767600,"Sampai":767800,"Jalur":"A","Lajur":"3","Tanggal_Pelaksanaan":"2025-08-21","Keterangan":"Scraping Filling AC WC","Shape_Length":0}},{"type":"Feature","id":94,"geometry":{"type":"LineString","coordinates":[]},"properties":{"OBJECTID":94,"highway":"motorway","rute":null,"Dari":765400,"Sampai":765600,"Jalur":null,"Lajur":null,"Tanggal_Pelaksanaan":null,"Keterangan":null,"Shape_Length":0}},{"type":"Feature","id":95,"geometry":{"type":"LineString","coordinates":[]},"properties":{"OBJECTID":95,"highway":"motorway","rute":"surgem_B","Dari":762200,"Sampai":762400,"Jalur":"B","Lajur":"2","Tanggal_Pelaksanaan":"2023","Keterangan":"Scraping Filling AC WC","Shape_Length":0}},{"type":"Feature","id":96,"geometry":{"type":"LineString","coordinates":[]},"properties":{"OBJECTID":96,"highway":"motorway","rute":null,"Dari":769200,"Sampai":769400,"Jalur":null,"Lajur":null,"Tanggal_Pelaksanaan":null,"Keterangan":null,"Shape_Length":0}},{"type":"Feature","id":97,"geometry":{"type":"LineString","coordinates":[]},"properties":{"OBJECTID":97,"highway":"motorway","rute":null,"Dari":770600,"Sampai":770800,"Jalur":null,"Lajur":null,"Tanggal_Pelaksanaan":null,"Keterangan":null,"Shape_Length":0}},{"type":"Feature","id":98,"geometry":{"type":"LineString","coordinates":[[223433.19620000012,691690.20099999942],[223448.68589999992,691679.26339999959],[223511.86099999957,691629.2061999999],[223578.92740000039,691566.06530000083],[223584.52589999977,691559.90689999983]]},"properties":{"OBJECTID":98,"highway":"motorway","rute":"surgem_B","Dari":11400,"Sampai":11600,"Jalur":"B","Lajur":"2","Tanggal_Pelaksanaan":"2024-05-19","Keterangan":"Scraping Filling AC WC","Shape_Length":200.00005212945166}},{"type":"Feature","id":99,"geometry":{"type":"LineString","coordinates":[]},"properties":{"OBJECTID":99,"highway":"motorway","rute":"surgem_A","Dari":753400,"Sampai":753600,"Jalur":"A","Lajur":"3","Tanggal_Pelaksanaan":"2026","Keterangan":"Scrapping Filling","Shape_Length":0}},{"type":"Feature","id":100,"geometry":{"type":"LineString","coordinates":[[223115.87090000045,698618.80619999953],[223115.49830000009,698614.66679999977],[223114.14070000034,698544.04990000091],[223112.73610000033,698467.42860000022],[223113.01389999967,698418.84960000031]]},"properties":{"OBJECTID":100,"highway":"motorway","rute":"surgem_A","Dari":3000,"Sampai":3200,"Jalur":"A","Lajur":"1","Tanggal_Pelaksanaan":"2025-05-20","Keterangan":"Scrapping Filling AC WC","Shape_Length":200.00005180732992}},{"type":"Feature","id":101,"geometry":{"type":"LineString","coordinates":[[223295.76609999966,687755.75119999982],[223290.41530000046,687735.39619999938],[223288.65720000025,687729.63570000045],[223268.89950000029,687644.59620000049],[223253.56450000033,687573.56550000049],[223251.41860000044,687564.75310000032],[223250.58359999955,687560.95480000041]]},"properties":{"OBJECTID":101,"highway":"motorway","rute":"surgem_A","Dari":15600,"Sampai":15800,"Jalur":"A","Lajur":"2","Tanggal_Pelaksanaan":"2023","Keterangan":"Scraping Filling AC WC","Shape_Length":200.00001512966708}},{"type":"Feature","id":102,"geometry":{"type":"LineString","coordinates":[[221860.62310000043,693494.99709999934],[221860.10219999962,693486.89420000091],[221865.9112999998,693338.83369999938],[221869.72860000003,693295.29470000044]]},"properties":{"OBJECTID":102,"highway":"motorway","rute":"surgem_A","Dari":8600,"Sampai":8800,"Jalur":"A","Lajur":"3","Tanggal_Pelaksanaan":"2026","Keterangan":"Scrapping Filling","Shape_Length":200.00006239848395}},{"type":"Feature","id":103,"geometry":{"type":"LineString","coordinates":[]},"properties":{"OBJECTID":103,"highway":"motorway","rute":"surgem_B","Dari":750600,"Sampai":750800,"Jalur":"B","Lajur":"2","Tanggal_Pelaksanaan":"2026","Keterangan":"Scrapping Filling","Shape_Length":0}},{"type":"Feature","id":104,"geometry":{"type":"LineString","coordinates":[]},"properties":{"OBJECTID":104,"highway":"motorway","rute":"surgem_A","Dari":749600,"Sampai":749800,"Jalur":"A","Lajur":"1","Tanggal_Pelaksanaan":"2025-06-13","Keterangan":"Scraping Filling AC WC","Shape_Length":0}},{"type":"Feature","id":105,"geometry":{"type":"LineString","coordinates":[[223104.38989999983,698224.88010000065],[223103.84140000027,698072.25809999928],[223104.23500000034,698024.88279999979]]},"properties":{"OBJECTID":105,"highway":"motorway","rute":"surgem_B","Dari":3400,"Sampai":3600,"Jalur":"B","Lajur":"1","Tanggal_Pelaksanaan":"2024-06-25","Keterangan":"Scraping Filling AC WC","Shape_Length":199.99992062114995}},{"type":"Feature","id":106,"geometry":{"type":"LineString","coordinates":[]},"properties":{"OBJECTID":106,"highway":"motorway","rute":null,"Dari":200,"Sampai":400,"Jalur":"KANAN","Lajur":null,"Tanggal_Pelaksanaan":"2024-08-20","Keterangan":"Rising AC BC Badan Jalan","Shape_Length":0}},{"type":"Feature","id":107,"geometry":{"type":"LineString","coordinates":[]},"properties":{"OBJECTID":107,"highway":"motorway","rute":null,"Dari":200,"Sampai":400,"Jalur":null,"Lajur":null,"Tanggal_Pelaksanaan":"2023","Keterangan":"Scraping Filling AC WC","Shape_Length":0}},{"type":"Feature","id":108,"geometry":{"type":"LineString","coordinates":[]},"properties":{"OBJECTID":108,"highway":"motorway","rute":null,"Dari":0,"Sampai":200,"Jalur":"KIRI","Lajur":"LOOPDUPAK2","Tanggal_Pelaksanaan":"2024-08-20","Keterangan":"Rising AC BC kiri","Shape_Length":0}},{"type":"Feature","id":109,"geometry":{"type":"LineString","coordinates":[]},"properties":{"OBJECTID":109,"highway":"motorway","rute":null,"Dari":0,"Sampai":200,"Jalur":"OFF RAMP SATELIT B","Lajur":"KIRI","Tanggal_Pelaksanaan":"2024-05-29","Keterangan":"Scraping Filling AC WC","Shape_Length":0}},{"type":"Feature","id":110,"geometry":{"type":"LineString","coordinates":[]},"properties":{"OBJECTID":110,"highway":"motorway","rute":"surgem_B","Dari":748800,"Sampai":749000,"Jalur":"B","Lajur":"3","Tanggal_Pelaksanaan":"2026","Keterangan":"Scrapping Filling","Shape_Length":0}},{"type":"Feature","id":111,"geometry":{"type":"LineString","coordinates":[]},"properties":{"OBJECTID":111,"highway":"motorway","rute":"surgem_A","Dari":760600,"Sampai":760800,"Jalur":"A","Lajur":"3","Tanggal_Pelaksanaan":"2026","Keterangan":"Scrapping Filling","Shape_Length":0}},{"type":"Feature","id":112,"geometry":{"type":"LineString","coordinates":[]},"properties":{"OBJECTID":112,"highway":"motorway","rute":null,"Dari":0,"Sampai":200,"Jalur":"KANAN","Lajur":null,"Tanggal_Pelaksanaan":"2024-08-20","Keterangan":"Rising AC BC kanan","Shape_Length":0}},{"type":"Feature","id":113,"geometry":{"type":"LineString","coordinates":[[223104.23500000034,698024.88279999979],[223104.72020000033,697966.47529999912],[223107.54889999982,697824.91300000064]]},"properties":{"OBJECTID":113,"highway":"motorway","rute":"surgem_B","Dari":3600,"Sampai":3800,"Jalur":"B","Lajur":"1","Tanggal_Pelaksanaan":"2023","Keterangan":"Scraping Filling AC WC","Shape_Length":200.00007402190897}},{"type":"Feature","id":114,"geometry":{"type":"LineString","coordinates":[[223459.38430000003,699325.19849999994],[223442.33750000037,699303.17329999991],[223340.47589999996,699164.39530000091]]},"properties":{"OBJECTID":114,"highway":"motorway","rute":"surgem_B","Dari":2200,"Sampai":2400,"Jalur":"B","Lajur":"2","Tanggal_Pelaksanaan":"2025-06-28","Keterangan":"Scraping Filling AC WC","Shape_Length":199.99997920492629}},{"type":"Feature","id":115,"geometry":{"type":"LineString","coordinates":[[223523.17009999976,688528.12079999968],[223520.40050000045,688518.34149999917],[223514.70430000033,688496.37150000036],[223504.97180000041,688460.63599999994],[223466.98660000041,688336.20209999941]]},"properties":{"OBJECTID":115,"highway":"motorway","rute":"surgem_B","Dari":14800,"Sampai":15000,"Jalur":"B","Lajur":"3","Tanggal_Pelaksanaan":"2025-07-12","Keterangan":"Scraping Filling AC WC","Shape_Length":199.99999843877634}},{"type":"Feature","id":116,"geometry":{"type":"LineString","coordinates":[[223128.07330000028,697019.1473999992],[223123.19259999972,696863.21539999917],[223120.1512000002,696819.32909999974]]},"properties":{"OBJECTID":116,"highway":"motorway","rute":"surgem_A","Dari":4600,"Sampai":4800,"Jalur":"A","Lajur":"2","Tanggal_Pelaksanaan":"2025-05-24","Keterangan":"Scrapping Filling AC WC","Shape_Length":199.99992572749298}},{"type":"Feature","id":117,"geometry":{"type":"LineString","coordinates":[]},"properties":{"OBJECTID":117,"highway":"motorway","rute":"surgem_B","Dari":757200,"Sampai":757400,"Jalur":"B","Lajur":"1","Tanggal_Pelaksanaan":"2024-08-12","Keterangan":"Scraping Filling AC WC","Shape_Length":0}},{"type":"Feature","id":118,"geometry":{"type":"LineString","coordinates":[[223590.88360000029,699479.81450000033],[223561.04320000019,699436.86620000005],[223497.30620000046,699346.14169999957],[223494.05800000019,699342.57139999978],[223488.2352,699335.49689999968],[223478.79889999982,699323.18260000087],[223473.97319999989,699317.67329999991]]},"properties":{"OBJECTID":118,"highway":"motorway","rute":"surgem_A","Dari":2000,"Sampai":2200,"Jalur":"A","Lajur":"1","Tanggal_Pelaksanaan":"2025-05-19","Keterangan":"Scrapping Filling AC WC","Shape_Length":199.99998845402567}},{"type":"Feature","id":119,"geometry":{"type":"LineString","coordinates":[]},"properties":{"OBJECTID":119,"highway":"motorway","rute":"surgem_B","Dari":752000,"Sampai":752200,"Jalur":"B","Lajur":"3","Tanggal_Pelaksanaan":"2026","Keterangan":"Scrapping Filling","Shape_Length":0}},{"type":"Feature","id":120,"geometry":{"type":"LineString","coordinates":[]},"properties":{"OBJECTID":120,"highway":"motorway","rute":"surgem_A","Dari":753600,"Sampai":753800,"Jalur":"A","Lajur":"3","Tanggal_Pelaksanaan":"2026","Keterangan":"Scrapping Filling","Shape_Length":0}},{"type":"Feature","id":121,"geometry":{"type":"LineString","coordinates":[]},"properties":{"OBJECTID":121,"highway":"motorway","rute":"surgem_B","Dari":745000,"Sampai":745200,"Jalur":"B","Lajur":"2","Tanggal_Pelaksanaan":"2026","Keterangan":"Scrapping Filling","Shape_Length":0}},{"type":"Feature","id":122,"geometry":{"type":"LineString","coordinates":[]},"properties":{"OBJECTID":122,"highway":"motorway","rute":"surgem_B","Dari":767600,"Sampai":767800,"Jalur":"B","Lajur":"3","Tanggal_Pelaksanaan":"2025-07-15","Keterangan":"Scraping Filling AC WC","Shape_Length":0}},{"type":"Feature","id":123,"geometry":{"type":"LineString","coordinates":[]},"properties":{"OBJECTID":123,"highway":"motorway","rute":"surgem_B","Dari":744200,"Sampai":744400,"Jalur":"B","Lajur":"2","Tanggal_Pelaksanaan":"2024-08-26","Keterangan":"Scraping Filling AC WC","Shape_Length":0}},{"type":"Feature","id":124,"geometry":{"type":"LineString","coordinates":[]},"properties":{"OBJECTID":124,"highway":"motorway","rute":"surgem_B","Dari":765200,"Sampai":765400,"Jalur":"B","Lajur":"1","Tanggal_Pelaksanaan":"2025-07-18","Keterangan":"Scraping Filling AC WC","Shape_Length":0}},{"type":"Feature","id":125,"geometry":{"type":"LineString","coordinates":[[223716.34200000018,689501.69329999946],[223684.7921000002,689304.19739999995]]},"properties":{"OBJECTID":125,"highway":"motorway","rute":"surgem_A","Dari":13800,"Sampai":14000,"Jalur":"A","Lajur":"1","Tanggal_Pelaksanaan":"2024-07-15","Keterangan":"Scraping Filling AC WC","Shape_Length":200.00006676655656}},{"type":"Feature","id":126,"geometry":{"type":"LineString","coordinates":[[223093.75939999986,696625.57399999909],[223090.09489999991,696566.70580000058],[223083.08739999961,696456.38159999996],[223080.73500000034,696426.00119999982]]},"properties":{"OBJECTID":126,"highway":"motorway","rute":"surgem_B","Dari":5000,"Sampai":5200,"Jalur":"B","Lajur":"2","Tanggal_Pelaksanaan":"2024-06-07","Keterangan":"Scraping Filling AC WC","Shape_Length":200.00000957168243}},{"type":"Feature","id":127,"geometry":{"type":"LineString","coordinates":[]},"properties":{"OBJECTID":127,"highway":"motorway","rute":null,"Dari":763800,"Sampai":764000,"Jalur":null,"Lajur":null,"Tanggal_Pelaksanaan":null,"Keterangan":null,"Shape_Length":0}},{"type":"Feature","id":128,"geometry":{"type":"LineString","coordinates":[]},"properties":{"OBJECTID":128,"highway":"motorway","rute":"surgem_B","Dari":750000,"Sampai":750200,"Jalur":"B","Lajur":"1","Tanggal_Pelaksanaan":"2025-06-17","Keterangan":"Scraping Filling AC WC","Shape_Length":0}},{"type":"Feature","id":129,"geometry":{"type":"LineString","coordinates":[[223572.4534,688721.9467999991],[223536.04989999998,688575.92520000041],[223523.20940000005,688528.2594000008],[223523.17009999976,688528.12079999968]]},"properties":{"OBJECTID":129,"highway":"motorway","rute":"surgem_B","Dari":14600,"Sampai":14800,"Jalur":"B","Lajur":"3","Tanggal_Pelaksanaan":"2025-07-12","Keterangan":"Scraping Filling AC WC","Shape_Length":200.00003976820665}},{"type":"Feature","id":130,"geometry":{"type":"LineString","coordinates":[[221889.47360000014,692902.84479999915],[221902.9916000003,692743.92049999908],[221906.4422000004,692703.56599999964]]},"properties":{"OBJECTID":130,"highway":"motorway","rute":"surgem_B","Dari":9200,"Sampai":9400,"Jalur":"B","Lajur":"0","Tanggal_Pelaksanaan":"2026","Keterangan":"Scrapping Filling","Shape_Length":199.99993698026972}},{"type":"Feature","id":131,"geometry":{"type":"LineString","coordinates":[]},"properties":{"OBJECTID":131,"highway":"motorway","rute":null,"Dari":770200,"Sampai":770400,"Jalur":null,"Lajur":null,"Tanggal_Pelaksanaan":null,"Keterangan":null,"Shape_Length":0}},{"type":"Feature","id":132,"geometry":{"type":"LineString","coordinates":[[223055.91089999955,696026.78370000049],[223054.83449999988,696009.61130000092],[223042.76169999968,695827.21649999917]]},"properties":{"OBJECTID":132,"highway":"motorway","rute":"surgem_B","Dari":5600,"Sampai":5800,"Jalur":"B","Lajur":"1","Tanggal_Pelaksanaan":"2024-06-01","Keterangan":"Scraping Filling AC WC","Shape_Length":200.0000179330286}},{"type":"Feature","id":133,"geometry":{"type":"LineString","coordinates":[]},"properties":{"OBJECTID":133,"highway":"motorway","rute":"surgem_B","Dari":756200,"Sampai":756400,"Jalur":"B","Lajur":"OFFRAMP","Tanggal_Pelaksanaan":"2025-10-28","Keterangan":"Scrapping Filling AC WC","Shape_Length":0}},{"type":"Feature","id":134,"geometry":{"type":"LineString","coordinates":[[222490.33619999979,692005.95160000026],[222530.3367999997,691994.66950000077],[222669.36000000034,691956.68779999949],[222683.24349999987,691953.17650000006]]},"properties":{"OBJECTID":134,"highway":"motorway","rute":"surgem_B","Dari":10400,"Sampai":10600,"Jalur":"B","Lajur":"0","Tanggal_Pelaksanaan":"2024-05-27","Keterangan":null,"Shape_Length":200.00006190993625}},{"type":"Feature","id":135,"geometry":{"type":"LineString","coordinates":[[223029.55240000039,695627.65320000052],[223024.71210000012,695554.52600000054],[223016.08029999956,695428.10759999976]]},"properties":{"OBJECTID":135,"highway":"motorway","rute":"surgem_B","Dari":6000,"Sampai":6200,"Jalur":"B","Lajur":"0","Tanggal_Pelaksanaan":"2024-06-03","Keterangan":"Scraping Filling AC BC","Shape_Length":199.99996034377631}},{"type":"Feature","id":136,"geometry":{"type":"LineString","coordinates":[[224293.66160000023,700448.9581000004],[224288.80389999971,700440.58970000036],[224255.82689999975,700389.1520000007],[224213.21609999985,700328.81709999964],[224180.19759999961,700284.38379999995]]},"properties":{"OBJECTID":136,"highway":"motorway","rute":"surgem_B","Dari":800,"Sampai":1000,"Jalur":"B","Lajur":"1","Tanggal_Pelaksanaan":"2025-06-30","Keterangan":"Scraping Filling AC WC","Shape_Length":199.99991150626636}},{"type":"Feature","id":137,"geometry":{"type":"LineString","coordinates":[]},"properties":{"OBJECTID":137,"highway":"motorway","rute":"surgem_B","Dari":753600,"Sampai":753800,"Jalur":"B","Lajur":"3","Tanggal_Pelaksanaan":"2026","Keterangan":"Scrapping Filling","Shape_Length":0}},{"type":"Feature","id":138,"geometry":{"type":"LineString","coordinates":[[222683.24349999987,691953.17650000006],[222877.13829999976,691904.13780000061]]},"properties":{"OBJECTID":138,"highway":"motorway","rute":"surgem_B","Dari":10600,"Sampai":10800,"Jalur":"B","Lajur":"3","Tanggal_Pelaksanaan":"2026","Keterangan":"Scrapping Filling","Shape_Length":199.99996891158412}},{"type":"Feature","id":139,"geometry":{"type":"LineString","coordinates":[]},"properties":{"OBJECTID":139,"highway":"motorway","rute":"surgem_B","Dari":761600,"Sampai":761800,"Jalur":"B","Lajur":"3","Tanggal_Pelaksanaan":"2026","Keterangan":"Scrapping Filling","Shape_Length":0}},{"type":"Feature","id":140,"geometry":{"type":"LineString","coordinates":[[221889.47360000014,692902.84479999915],[221902.9916000003,692743.92049999908],[221906.4422000004,692703.56599999964]]},"properties":{"OBJECTID":140,"highway":"motorway","rute":"surgem_B","Dari":9200,"Sampai":9400,"Jalur":"B","Lajur":"3","Tanggal_Pelaksanaan":"2026","Keterangan":"Scrapping Filling","Shape_Length":199.99993698026972}},{"type":"Feature","id":141,"geometry":{"type":"LineString","coordinates":[[223120.1512000002,696819.32909999974],[223109.08609999996,696659.66310000047],[223106.23139999993,696619.81409999914]]},"properties":{"OBJECTID":141,"highway":"motorway","rute":"surgem_A","Dari":4800,"Sampai":5000,"Jalur":"A","Lajur":"3","Tanggal_Pelaksanaan":"2026","Keterangan":"Scrapping Filling","Shape_Length":200.00007654238533}},{"type":"Feature","id":142,"geometry":{"type":"LineString","coordinates":[[224483.86359999981,701013.72199999914],[224472.35390000045,700949.57430000044],[224443.54339999985,700817.86050000042]]},"properties":{"OBJECTID":142,"highway":"motorway","rute":"surgem_B","Dari":200,"Sampai":400,"Jalur":"B","Lajur":"1","Tanggal_Pelaksanaan":"2025-07-01","Keterangan":"Scraping Filling AC WC","Shape_Length":200.00001203632809}},{"type":"Feature","id":143,"geometry":{"type":"LineString","coordinates":[]},"properties":{"OBJECTID":143,"highway":"motorway","rute":null,"Dari":770400,"Sampai":770600,"Jalur":null,"Lajur":null,"Tanggal_Pelaksanaan":null,"Keterangan":null,"Shape_Length":0}},{"type":"Feature","id":144,"geometry":{"type":"LineString","coordinates":[[222127.34399999958,692165.67569999956],[222141.71679999959,692153.41840000078],[222174.98419999983,692129.75009999983],[222208.33050000016,692109.55409999937],[222225.05350000039,692100.05870000087],[222242.81469999999,692091.20419999957],[222280.50160000008,692074.51160000078],[222299.66339999996,692065.91389999911]]},"properties":{"OBJECTID":144,"highway":"motorway","rute":"surgem_B","Dari":10000,"Sampai":10200,"Jalur":"B","Lajur":"0","Tanggal_Pelaksanaan":"2024-05-27","Keterangan":null,"Shape_Length":199.99997619538246}},{"type":"Feature","id":145,"geometry":{"type":"LineString","coordinates":[]},"properties":{"OBJECTID":145,"highway":"motorway","rute":"surgem_A","Dari":750800,"Sampai":751000,"Jalur":"A","Lajur":"3","Tanggal_Pelaksanaan":"2026","Keterangan":"Scrapping Filling","Shape_Length":0}},{"type":"Feature","id":146,"geometry":{"type":"LineString","coordinates":[[224494.46729999967,701209.57410000078],[224505.10879999958,701178.49540000036],[224507.00250000041,701166.68439999968],[224507.97070000041,701159.39660000056],[224508.27579999994,701150.87060000002],[224503.09300000034,701120.8945000004],[224483.86359999981,701013.72199999914]]},"properties":{"OBJECTID":146,"highway":"motorway","rute":"surgem_B","Dari":0,"Sampai":200,"Jalur":"B","Lajur":"ONRAMPPORONG","Tanggal_Pelaksanaan":"2026","Keterangan":"Overlay","Shape_Length":200.00000640225613}},{"type":"Feature","id":147,"geometry":{"type":"LineString","coordinates":[]},"properties":{"OBJECTID":147,"highway":"motorway","rute":"surgem_A","Dari":761400,"Sampai":761600,"Jalur":"A","Lajur":"3","Tanggal_Pelaksanaan":"2024-08-07","Keterangan":"Scraping Filling AC WC","Shape_Length":0}},{"type":"Feature","id":148,"geometry":{"type":"LineString","coordinates":[[223141.15490000043,698820.15059999935],[223136.05939999968,698805.78659999929],[223118.96949999966,698742.70759999938],[223105.25600000005,698673.79949999973],[223102.51420000009,698624.72949999943]]},"properties":{"OBJECTID":148,"highway":"motorway","rute":"surgem_B","Dari":2800,"Sampai":3000,"Jalur":"B","Lajur":"1","Tanggal_Pelaksanaan":"2026","Keterangan":"Scrapping Filling","Shape_Length":200.00005782818141}},{"type":"Feature","id":149,"geometry":{"type":"LineString","coordinates":[[223701.75679999962,699643.37790000066],[223624.58899999969,699543.11629999988],[223579.97130000032,699484.73310000077]]},"properties":{"OBJECTID":149,"highway":"motorway","rute":"surgem_B","Dari":1800,"Sampai":2000,"Jalur":"B","Lajur":"2","Tanggal_Pelaksanaan":"2025-07-02","Keterangan":"Scraping Filling AC WC","Shape_Length":199.99997442496198}},{"type":"Feature","id":150,"geometry":{"type":"LineString","coordinates":[]},"properties":{"OBJECTID":150,"highway":"motorway","rute":"surgem_A","Dari":754800,"Sampai":755000,"Jalur":"A","Lajur":"3","Tanggal_Pelaksanaan":"2026","Keterangan":"Scrapping Filling","Shape_Length":0}},{"type":"Feature","id":151,"geometry":{"type":"LineString","coordinates":[[223114.22630000021,697024.97369999997],[223114.22119999956,697019.31670000032],[223110.43489999976,696878.53680000082],[223106.86730000004,696825.14360000007]]},"properties":{"OBJECTID":151,"highway":"motorway","rute":"surgem_B","Dari":4600,"Sampai":4800,"Jalur":"B","Lajur":"1","Tanggal_Pelaksanaan":"2024-06-19","Keterangan":"Scraping Filling AC WC","Shape_Length":200.00006601013942}},{"type":"Feature","id":152,"geometry":{"type":"LineString","coordinates":[]},"properties":{"OBJECTID":152,"highway":"motorway","rute":"surgem_B","Dari":766600,"Sampai":766800,"Jalur":"B","Lajur":"3","Tanggal_Pelaksanaan":"2025-07-17","Keterangan":"Scraping Filling AC WC","Shape_Length":0}},{"type":"Feature","id":153,"geometry":{"type":"LineString","coordinates":[[221932.04810000025,692505.42049999908],[221932.58619999979,692502.59579999931],[221950.79619999975,692434.45830000006],[221973.4020999996,692369.75799999945],[222000.19089999981,692318.24780000001]]},"properties":{"OBJECTID":153,"highway":"motorway","rute":"surgem_B","Dari":9600,"Sampai":9800,"Jalur":"B","Lajur":"1","Tanggal_Pelaksanaan":"2025-10-22","Keterangan":"Scrapping Filling AC WC","Shape_Length":199.99997604668312}},{"type":"Feature","id":154,"geometry":{"type":"LineString","coordinates":[]},"properties":{"OBJECTID":154,"highway":"motorway","rute":null,"Dari":200,"Sampai":400,"Jalur":"On Ramp Waru","Lajur":"ARAHMEDAENG","Tanggal_Pelaksanaan":"2023","Keterangan":"Scraping Filling AC WC","Shape_Length":0}},{"type":"Feature","id":155,"geometry":{"type":"LineString","coordinates":[[223127.5175999999,697419.0792999994],[223128.67080000043,697367.85239999928],[223130.54470000044,697289.03999999911],[223130.70540000033,697278.41300000064],[223130.49870000035,697219.11620000005]]},"properties":{"OBJECTID":155,"highway":"motorway","rute":"surgem_A","Dari":4200,"Sampai":4400,"Jalur":"A","Lajur":"1","Tanggal_Pelaksanaan":"2025-05-23","Keterangan":"Scrapping Filling AC WC","Shape_Length":199.99992822932427}},{"type":"Feature","id":156,"geometry":{"type":"LineString","coordinates":[[222127.34399999958,692165.67569999956],[222141.71679999959,692153.41840000078],[222174.98419999983,692129.75009999983],[222208.33050000016,692109.55409999937],[222225.05350000039,692100.05870000087],[222242.81469999999,692091.20419999957],[222280.50160000008,692074.51160000078],[222299.66339999996,692065.91389999911]]},"properties":{"OBJECTID":156,"highway":"motorway","rute":"surgem_B","Dari":10000,"Sampai":10200,"Jalur":"B","Lajur":"0","Tanggal_Pelaksanaan":"2024-05-27","Keterangan":"Scraping Filling AC BC","Shape_Length":199.99997619538246}},{"type":"Feature","id":157,"geometry":{"type":"LineString","coordinates":[]},"properties":{"OBJECTID":157,"highway":"motorway","rute":"surgem_B","Dari":763400,"Sampai":763600,"Jalur":"B","Lajur":"1","Tanggal_Pelaksanaan":"2026","Keterangan":"Scrapping Filling","Shape_Length":0}},{"type":"Feature","id":158,"geometry":{"type":"LineString","coordinates":[[224483.86359999981,701013.72199999914],[224472.35390000045,700949.57430000044],[224443.54339999985,700817.86050000042]]},"properties":{"OBJECTID":158,"highway":"motorway","rute":"surgem_B","Dari":200,"Sampai":400,"Jalur":"B","Lajur":"ONRAMPPORONG","Tanggal_Pelaksanaan":"2026","Keterangan":"Overlay","Shape_Length":200.00001203632809}},{"type":"Feature","id":159,"geometry":{"type":"LineString","coordinates":[[222877.1353000002,694644.53460000083],[222857.73460000008,694609.39389999956],[222837.73510000017,694578.50650000013],[222815.66069999989,694549.83170000091],[222787.21190000046,694513.66229999997],[222759.61799999978,694483.52960000001]]},"properties":{"OBJECTID":159,"highway":"motorway","rute":"surgem_A","Dari":7000,"Sampai":7200,"Jalur":"A","Lajur":"2","Tanggal_Pelaksanaan":"2024-06-29","Keterangan":"Scraping Filling AC WC","Shape_Length":199.99996172624307}},{"type":"Feature","id":160,"geometry":{"type":"LineString","coordinates":[]},"properties":{"OBJECTID":160,"highway":"motorway","rute":"surgem_A","Dari":757800,"Sampai":758000,"Jalur":"A","Lajur":"2","Tanggal_Pelaksanaan":"2024-08-06","Keterangan":"Scraping Filling AC WC","Shape_Length":0}},{"type":"Feature","id":161,"geometry":{"type":"LineString","coordinates":[[223671.5736999996,689313.51160000078],[223657.65859999973,689221.88790000044],[223642.53089999966,689115.63370000012]]},"properties":{"OBJECTID":161,"highway":"motorway","rute":"surgem_B","Dari":14000,"Sampai":14200,"Jalur":"B","Lajur":"2","Tanggal_Pelaksanaan":"2024-05-08","Keterangan":"Scraping Filling AC WC","Shape_Length":200.0000186629394}},{"type":"Feature","id":162,"geometry":{"type":"LineString","coordinates":[]},"properties":{"OBJECTID":162,"highway":"motorway","rute":"surgem_A","Dari":747200,"Sampai":747400,"Jalur":"A","Lajur":"2","Tanggal_Pelaksanaan":"2025-06-10","Keterangan":"Scraping Filling AC WC","Shape_Length":0}},{"type":"Feature","id":163,"geometry":{"type":"LineString","coordinates":[]},"properties":{"OBJECTID":163,"highway":"motorway","rute":"surgem_A","Dari":761600,"Sampai":761800,"Jalur":"A","Lajur":"2","Tanggal_Pelaksanaan":"2024-08-08","Keterangan":"Scraping Filling AC WC","Shape_Length":0}},{"type":"Feature","id":164,"geometry":{"type":"LineString","coordinates":[]},"properties":{"OBJECTID":164,"highway":"motorway","rute":null,"Dari":768800,"Sampai":769000,"Jalur":null,"Lajur":null,"Tanggal_Pelaksanaan":null,"Keterangan":null,"Shape_Length":0}},{"type":"Feature","id":165,"geometry":{"type":"LineString","coordinates":[]},"properties":{"OBJECTID":165,"highway":"motorway","rute":null,"Dari":4000,"Sampai":4200,"Jalur":"OFF RAMP PSR TURI /B","Lajur":"KANAN","Tanggal_Pelaksanaan":"2024-06-12","Keterangan":"Scraping Filling AC WC","Shape_Length":0}},{"type":"Feature","id":166,"geometry":{"type":"LineString","coordinates":[]},"properties":{"OBJECTID":166,"highway":"motorway","rute":"surgem_A","Dari":755200,"Sampai":755400,"Jalur":"A","Lajur":"3","Tanggal_Pelaksanaan":"2026","Keterangan":"Scrapping Filling","Shape_Length":0}},{"type":"Feature","id":167,"geometry":{"type":"LineString","coordinates":[]},"properties":{"OBJECTID":167,"highway":"motorway","rute":null,"Dari":766200,"Sampai":766400,"Jalur":null,"Lajur":null,"Tanggal_Pelaksanaan":null,"Keterangan":null,"Shape_Length":0}},{"type":"Feature","id":168,"geometry":{"type":"LineString","coordinates":[]},"properties":{"OBJECTID":168,"highway":"motorway","rute":"surgem_A","Dari":769800,"Sampai":770000,"Jalur":"A","Lajur":"1","Tanggal_Pelaksanaan":"2025-06-24","Keterangan":"Scraping Filling AC WC","Shape_Length":0}},{"type":"Feature","id":169,"geometry":{"type":"LineString","coordinates":[[222593.55520000029,694361.92039999925],[222589.23110000044,694358.70560000092],[222539.24139999971,694324.59160000086],[222477.62239999976,694285.05330000073],[222425.56049999967,694253.49860000052]]},"properties":{"OBJECTID":169,"highway":"motorway","rute":"surgem_B","Dari":7400,"Sampai":7600,"Jalur":"B","Lajur":"1","Tanggal_Pelaksanaan":"2023","Keterangan":"Scraping Filling AC WC","Shape_Length":200.00005994857895}},{"type":"Feature","id":170,"geometry":{"type":"LineString","coordinates":[[221872.88879999984,693102.15530000068],[221878.27639999986,693034.48509999923],[221889.47360000014,692902.84479999915]]},"properties":{"OBJECTID":170,"highway":"motorway","rute":"surgem_B","Dari":9000,"Sampai":9200,"Jalur":"B","Lajur":"3","Tanggal_Pelaksanaan":"2026","Keterangan":"Scrapping Filling","Shape_Length":199.99998297098904}},{"type":"Feature","id":171,"geometry":{"type":"LineString","coordinates":[[223982.89879999962,690874.45659999922],[223982.36129999999,690824.8069000002],[223979.4626000002,690789.49950000085],[223973.66839999985,690748.38790000044],[223967.20110000018,690708.09490000084],[223960.55659999978,690676.18469999917]]},"properties":{"OBJECTID":171,"highway":"motorway","rute":"surgem_A","Dari":12400,"Sampai":12600,"Jalur":"A","Lajur":"3","Tanggal_Pelaksanaan":"2026","Keterangan":"Scrapping Filling","Shape_Length":200.00006183086293}},{"type":"Feature","id":172,"geometry":{"type":"LineString","coordinates":[]},"properties":{"OBJECTID":172,"highway":"motorway","rute":"surgem_A","Dari":768000,"Sampai":768200,"Jalur":"A","Lajur":"3","Tanggal_Pelaksanaan":"2025-08-21","Keterangan":"Scraping Filling AC WC","Shape_Length":0}},{"type":"Feature","id":173,"geometry":{"type":"LineString","coordinates":[]},"properties":{"OBJECTID":173,"highway":"motorway","rute":"surgem_B","Dari":756200,"Sampai":756400,"Jalur":"B","Lajur":"3","Tanggal_Pelaksanaan":"2025-10-28","Keterangan":"Scrapping Filling AC WC","Shape_Length":0}},{"type":"Feature","id":174,"geometry":{"type":"LineString","coordinates":[]},"properties":{"OBJECTID":174,"highway":"motorway","rute":"surgem_A","Dari":762200,"Sampai":762400,"Jalur":"A","Lajur":"3","Tanggal_Pelaksanaan":"2026","Keterangan":"Scrapping Filling","Shape_Length":0}},{"type":"Feature","id":175,"geometry":{"type":"LineString","coordinates":[[222877.13829999976,691904.13780000061],[222963.66999999993,691882.25280000083],[222977.80069999956,691878.29849999957],[223070.32579999976,691852.44160000049]]},"properties":{"OBJECTID":175,"highway":"motorway","rute":"surgem_B","Dari":10800,"Sampai":11000,"Jalur":"B","Lajur":"3","Tanggal_Pelaksanaan":"2026","Keterangan":"Scrapping Filling","Shape_Length":200.00000877076496}},{"type":"Feature","id":176,"geometry":{"type":"LineString","coordinates":[[223960.55659999978,690676.18469999917],[223955.41530000046,690651.49369999953],[223914.9578999998,690481.46130000055]]},"properties":{"OBJECTID":176,"highway":"motorway","rute":"surgem_A","Dari":12600,"Sampai":12800,"Jalur":"A","Lajur":"3","Tanggal_Pelaksanaan":"2025-07-15","Keterangan":"Scraping Filling AC WC","Shape_Length":199.99993732451372}},{"type":"Feature","id":177,"geometry":{"type":"LineString","coordinates":[[223412.86710000038,688138.06919999979],[223399.99550000019,688099.60199999996],[223363.8526999997,687988.98159999959],[223360.09399999958,687978.17950000055],[223349.72329999972,687948.30440000072]]},"properties":{"OBJECTID":177,"highway":"motorway","rute":"surgem_A","Dari":15200,"Sampai":15400,"Jalur":"A","Lajur":"3","Tanggal_Pelaksanaan":"2025-05-28","Keterangan":"Scraping Filling AC WC","Shape_Length":200.00001204525805}},{"type":"Feature","id":178,"geometry":{"type":"LineString","coordinates":[]},"properties":{"OBJECTID":178,"highway":"motorway","rute":null,"Dari":0,"Sampai":200,"Jalur":"MAIN ROAD DUPAK 2","Lajur":null,"Tanggal_Pelaksanaan":"2024-08-22","Keterangan":null,"Shape_Length":0}},{"type":"Feature","id":179,"geometry":{"type":"LineString","coordinates":[]},"properties":{"OBJECTID":179,"highway":"motorway","rute":"surgem_B","Dari":755400,"Sampai":755600,"Jalur":"B","Lajur":"3","Tanggal_Pelaksanaan":"2026","Keterangan":"Scrapping Filling","Shape_Length":0}},{"type":"Feature","id":180,"geometry":{"type":"LineString","coordinates":[]},"properties":{"OBJECTID":180,"highway":"motorway","rute":null,"Dari":9600,"Sampai":9800,"Jalur":"TRANSISI OFFRAMP SATELIT B","Lajur":"1","Tanggal_Pelaksanaan":"2024-05-30","Keterangan":"Scraping Filling AC WC","Shape_Length":0}},{"type":"Feature","id":181,"geometry":{"type":"LineString","coordinates":[[223113.01389999967,698418.84960000031],[223114.15749999974,698218.85290000029]]},"properties":{"OBJECTID":181,"highway":"motorway","rute":"surgem_A","Dari":3200,"Sampai":3400,"Jalur":"A","Lajur":"2","Tanggal_Pelaksanaan":"2026","Keterangan":"Scrapping Filling","Shape_Length":199.99996957964098}},{"type":"Feature","id":182,"geometry":{"type":"LineString","coordinates":[[223466.98660000041,688336.20209999941],[223463.0418999996,688323.27969999984],[223433.71030000038,688235.1707000006],[223404.30370000005,688146.28280000016]]},"properties":{"OBJECTID":182,"highway":"motorway","rute":"surgem_B","Dari":15000,"Sampai":15200,"Jalur":"B","Lajur":"3","Tanggal_Pelaksanaan":"2025-07-11","Keterangan":"Scraping Filling AC WC","Shape_Length":199.99997048793477}},{"type":"Feature","id":183,"geometry":{"type":"LineString","coordinates":[]},"properties":{"OBJECTID":183,"highway":"motorway","rute":"surgem_B","Dari":766400,"Sampai":766600,"Jalur":"B","Lajur":"3","Tanggal_Pelaksanaan":"2025-07-17","Keterangan":"Scraping Filling AC WC","Shape_Length":0}},{"type":"Feature","id":184,"geometry":{"type":"LineString","coordinates":[]},"properties":{"OBJECTID":184,"highway":"motorway","rute":"surgem_A","Dari":744600,"Sampai":744800,"Jalur":"A","Lajur":"0","Tanggal_Pelaksanaan":"2025-09-27","Keterangan":"Scrapping Filling AC BC","Shape_Length":0}},{"type":"Feature","id":185,"geometry":{"type":"LineString","coordinates":[]},"properties":{"OBJECTID":185,"highway":"motorway","rute":"surgem_A","Dari":752000,"Sampai":752200,"Jalur":"A","Lajur":"3","Tanggal_Pelaksanaan":"2026","Keterangan":"Scrapping Filling","Shape_Length":0}},{"type":"Feature","id":186,"geometry":{"type":"LineString","coordinates":[]},"properties":{"OBJECTID":186,"highway":"motorway","rute":"surgem_B","Dari":771400,"Sampai":771600,"Jalur":"B","Lajur":"1","Tanggal_Pelaksanaan":"2025-07-30","Keterangan":"Scraping Filling AC WC","Shape_Length":0}},{"type":"Feature","id":187,"geometry":{"type":"LineString","coordinates":[[221906.4422000004,692703.56599999964],[221912.55920000002,692632.02960000001],[221918.64030000009,692575.80709999986],[221932.04810000025,692505.42049999908]]},"properties":{"OBJECTID":187,"highway":"motorway","rute":"surgem_B","Dari":9400,"Sampai":9600,"Jalur":"B","Lajur":"3","Tanggal_Pelaksanaan":"2026","Keterangan":"Scrapping Filling","Shape_Length":200.00009980831672}},{"type":"Feature","id":188,"geometry":{"type":"LineString","coordinates":[]},"properties":{"OBJECTID":188,"highway":"motorway","rute":null,"Dari":760200,"Sampai":760400,"Jalur":null,"Lajur":null,"Tanggal_Pelaksanaan":null,"Keterangan":null,"Shape_Length":0}},{"type":"Feature","id":189,"geometry":{"type":"LineString","coordinates":[]},"properties":{"OBJECTID":189,"highway":"motorway","rute":null,"Dari":768600,"Sampai":768800,"Jalur":null,"Lajur":null,"Tanggal_Pelaksanaan":null,"Keterangan":null,"Shape_Length":0}},{"type":"Feature","id":190,"geometry":{"type":"LineString","coordinates":[]},"properties":{"OBJECTID":190,"highway":"motorway","rute":"surgem_A","Dari":763400,"Sampai":763600,"Jalur":"A","Lajur":"2","Tanggal_Pelaksanaan":"2026","Keterangan":"Scrapping Filling","Shape_Length":0}},{"type":"Feature","id":191,"geometry":{"type":"LineString","coordinates":[[223068.41959999967,696226.38179999962],[223068.03849999979,696220.1417999994],[223067.75789999962,696210.3443],[223066.64809999987,696198.08129999973],[223055.91089999955,696026.78370000049]]},"properties":{"OBJECTID":191,"highway":"motorway","rute":"surgem_B","Dari":5400,"Sampai":5600,"Jalur":"B","Lajur":"1","Tanggal_Pelaksanaan":"2024-06-05","Keterangan":"Scraping Filling AC WC","Shape_Length":200.00004241164132}},{"type":"Feature","id":192,"geometry":{"type":"LineString","coordinates":[]},"properties":{"OBJECTID":192,"highway":"motorway","rute":null,"Dari":764400,"Sampai":764600,"Jalur":null,"Lajur":null,"Tanggal_Pelaksanaan":null,"Keterangan":null,"Shape_Length":0}},{"type":"Feature","id":193,"geometry":{"type":"LineString","coordinates":[]},"properties":{"OBJECTID":193,"highway":"motorway","rute":"surgem_B","Dari":760400,"Sampai":760600,"Jalur":"B","Lajur":"1","Tanggal_Pelaksanaan":"2023","Keterangan":"Scraping Filling AC WC","Shape_Length":0}},{"type":"Feature","id":194,"geometry":{"type":"LineString","coordinates":[[223473.97319999989,699317.67329999991],[223425.33469999954,699262.14440000057],[223392.60610000044,699219.01070000045],[223350.76279999968,699160.37270000018]]},"properties":{"OBJECTID":194,"highway":"motorway","rute":"surgem_A","Dari":2200,"Sampai":2400,"Jalur":"A","Lajur":"1","Tanggal_Pelaksanaan":"2025-05-19","Keterangan":"Scrapping Filling AC WC","Shape_Length":200.00004328709952}},{"type":"Feature","id":195,"geometry":{"type":"LineString","coordinates":[]},"properties":{"OBJECTID":195,"highway":"motorway","rute":"surgem_A","Dari":746400,"Sampai":746600,"Jalur":"A","Lajur":"3","Tanggal_Pelaksanaan":"2026","Keterangan":"Scrapping Filling","Shape_Length":0}},{"type":"Feature","id":196,"geometry":{"type":"LineString","coordinates":[]},"properties":{"OBJECTID":196,"highway":"motorway","rute":"surgem_A","Dari":771000,"Sampai":771200,"Jalur":"A","Lajur":"1","Tanggal_Pelaksanaan":"2025-06-23","Keterangan":"Scraping Filling AC WC","Shape_Length":0}},{"type":"Feature","id":197,"geometry":{"type":"LineString","coordinates":[[223107.54889999982,697824.91300000064],[223107.83939999994,697810.37680000067],[223109.77639999986,697628.65699999966],[223109.76379999984,697624.92620000057]]},"properties":{"OBJECTID":197,"highway":"motorway","rute":"surgem_B","Dari":3800,"Sampai":4000,"Jalur":"B","Lajur":"1","Tanggal_Pelaksanaan":"2024-06-20","Keterangan":"Scraping Filling AC WC","Shape_Length":200.00004695647894}},{"type":"Feature","id":198,"geometry":{"type":"LineString","coordinates":[]},"properties":{"OBJECTID":198,"highway":"motorway","rute":"surgem_A","Dari":747400,"Sampai":747600,"Jalur":"A","Lajur":"1","Tanggal_Pelaksanaan":"2025-06-11","Keterangan":"Scraping Filling AC WC","Shape_Length":0}},{"type":"Feature","id":199,"geometry":{"type":"LineString","coordinates":[]},"properties":{"OBJECTID":199,"highway":"motorway","rute":"surgem_A","Dari":754000,"Sampai":754200,"Jalur":"A","Lajur":"3","Tanggal_Pelaksanaan":"2026","Keterangan":"Scrapping Filling","Shape_Length":0}},{"type":"Feature","id":200,"geometry":{"type":"LineString","coordinates":[]},"properties":{"OBJECTID":200,"highway":"motorway","rute":"surgem_B","Dari":761800,"Sampai":762000,"Jalur":"B","Lajur":"3","Tanggal_Pelaksanaan":"2026","Keterangan":"Scrapping Filling","Shape_Length":0}},{"type":"Feature","id":201,"geometry":{"type":"LineString","coordinates":[]},"properties":{"OBJECTID":201,"highway":"motorway","rute":"surgem_A","Dari":751000,"Sampai":751200,"Jalur":"A","Lajur":"2","Tanggal_Pelaksanaan":"2023","Keterangan":"Scraping Filling AC WC","Shape_Length":0}},{"type":"Feature","id":202,"geometry":{"type":"LineString","coordinates":[]},"properties":{"OBJECTID":202,"highway":"motorway","rute":"surgem_B","Dari":755000,"Sampai":755200,"Jalur":"B","Lajur":"3","Tanggal_Pelaksanaan":"2026","Keterangan":"Scrapping Filling","Shape_Length":0}},{"type":"Feature","id":203,"geometry":{"type":"LineString","coordinates":[[223259.42100000009,691787.92270000093],[223273.41339999996,691781.95470000058],[223325.52720000036,691758.39839999937],[223383.32259999961,691725.41789999977],[223433.19620000012,691690.20099999942]]},"properties":{"OBJECTID":203,"highway":"motorway","rute":"surgem_B","Dari":11200,"Sampai":11400,"Jalur":"B","Lajur":"1","Tanggal_Pelaksanaan":"2024-05-24","Keterangan":"Scraping Filling AC WC","Shape_Length":199.9999322774687}},{"type":"Feature","id":204,"geometry":{"type":"LineString","coordinates":[]},"properties":{"OBJECTID":204,"highway":"motorway","rute":"surgem_B","Dari":751000,"Sampai":751200,"Jalur":"B","Lajur":"3","Tanggal_Pelaksanaan":"2026","Keterangan":"Scrapping Filling","Shape_Length":0}},{"type":"Feature","id":205,"geometry":{"type":"LineString","coordinates":[[223153.43240000028,698814.75909999944],[223148.37949999981,698798.25029999949],[223131.28689999972,698729.5206000004],[223120.83710000012,698673.98029999994],[223115.87090000045,698618.80619999953]]},"properties":{"OBJECTID":205,"highway":"motorway","rute":"surgem_A","Dari":2800,"Sampai":3000,"Jalur":"A","Lajur":"1","Tanggal_Pelaksanaan":"2025-05-20","Keterangan":"Scrapping Filling AC WC","Shape_Length":199.99994837924532}},{"type":"Feature","id":206,"geometry":{"type":"LineString","coordinates":[]},"properties":{"OBJECTID":206,"highway":"motorway","rute":"surgem_A","Dari":746200,"Sampai":746400,"Jalur":"A","Lajur":"1","Tanggal_Pelaksanaan":"2024-07-26","Keterangan":"Scraping Filling AC WC","Shape_Length":0}},{"type":"Feature","id":207,"geometry":{"type":"LineString","coordinates":[[223737.72329999972,691406.02659999952],[223765.70390000008,691372.69009999931],[223848.64549999963,691261.51549999975],[223859.08389999997,691247.13189999945]]},"properties":{"OBJECTID":207,"highway":"motorway","rute":"surgem_A","Dari":11800,"Sampai":12000,"Jalur":"A","Lajur":"2","Tanggal_Pelaksanaan":"2024-07-04","Keterangan":"Scraping Filling AC WC","Shape_Length":200.00002634815922}},{"type":"Feature","id":208,"geometry":{"type":"LineString","coordinates":[[223819.66889999993,699804.86319999956],[223754.12299999967,699711.41569999978],[223701.75679999962,699643.37790000066]]},"properties":{"OBJECTID":208,"highway":"motorway","rute":"surgem_B","Dari":1600,"Sampai":1800,"Jalur":"B","Lajur":"2","Tanggal_Pelaksanaan":"2025-09-25","Keterangan":"Scraping Filling AC WC","Shape_Length":199.99996335982931}},{"type":"Feature","id":209,"geometry":{"type":"LineString","coordinates":[[223642.53089999966,689115.63370000012],[223638.2949000001,689085.88120000064],[223630.9935999997,689031.95380000025],[223611.54320000019,688918.07479999959]]},"properties":{"OBJECTID":209,"highway":"motorway","rute":"surgem_B","Dari":14200,"Sampai":14400,"Jalur":"B","Lajur":"3","Tanggal_Pelaksanaan":"2024-05-08","Keterangan":"Scraping Filling AC WC","Shape_Length":200.00007035223496}},{"type":"Feature","id":210,"geometry":{"type":"LineString","coordinates":[[223043.72649999987,695621.78219999932],[223031.39099999983,695422.16300000064]]},"properties":{"OBJECTID":210,"highway":"motorway","rute":"surgem_A","Dari":6000,"Sampai":6200,"Jalur":"A","Lajur":"2","Tanggal_Pelaksanaan":"2026","Keterangan":"Scrapping Filling","Shape_Length":199.99997392090538}},{"type":"Feature","id":211,"geometry":{"type":"LineString","coordinates":[[224483.86359999981,701013.72199999914],[224472.35390000045,700949.57430000044],[224443.54339999985,700817.86050000042]]},"properties":{"OBJECTID":211,"highway":"motorway","rute":"surgem_B","Dari":200,"Sampai":400,"Jalur":"B","Lajur":"ONRAMPSATELITARAHPERAK(BAHUJALAN)","Tanggal_Pelaksanaan":"2026","Keterangan":"Scrapping Filling","Shape_Length":200.00001203632809}},{"type":"Feature","id":212,"geometry":{"type":"LineString","coordinates":[[224302.98390000034,700445.06839999929],[224292.67389999982,700428.05890000053],[224265.11199999973,700385.03390000015],[224223.28500000015,700324.10139999911],[224190.35919999983,700279.91279999912]]},"properties":{"OBJECTID":212,"highway":"motorway","rute":"surgem_A","Dari":800,"Sampai":1000,"Jalur":"A","Lajur":"1","Tanggal_Pelaksanaan":"2025-06-02","Keterangan":"Scraping Filling AC WC","Shape_Length":200.00003852601884}},{"type":"Feature","id":213,"geometry":{"type":"LineString","coordinates":[[223914.9578999998,690481.46130000055],[223868.66249999963,690286.89330000058]]},"properties":{"OBJECTID":213,"highway":"motorway","rute":"surgem_A","Dari":12800,"Sampai":13000,"Jalur":"A","Lajur":"1","Tanggal_Pelaksanaan":"2024-07-09","Keterangan":"Scraping Filling AC WC","Shape_Length":199.99992671289863}},{"type":"Feature","id":214,"geometry":{"type":"LineString","coordinates":[[224492.72279999964,701009.96289999969],[224480.42449999973,700945.66679999977],[224452.42059999984,700814.07520000078]]},"properties":{"OBJECTID":214,"highway":"motorway","rute":"surgem_A","Dari":200,"Sampai":400,"Jalur":"A","Lajur":null,"Tanggal_Pelaksanaan":"2026","Keterangan":"Overlay","Shape_Length":200.00006897132334}},{"type":"Feature","id":215,"geometry":{"type":"LineString","coordinates":[[223102.51420000009,698624.72949999943],[223100.99149999954,698597.47800000012],[223098.97759999987,698468.65130000003],[223100.4012000002,698424.81090000086]]},"properties":{"OBJECTID":215,"highway":"motorway","rute":"surgem_B","Dari":3000,"Sampai":3200,"Jalur":"B","Lajur":"1","Tanggal_Pelaksanaan":"2026","Keterangan":"Scrapping Filling","Shape_Length":199.999955933785}},{"type":"Feature","id":216,"geometry":{"type":"LineString","coordinates":[]},"properties":{"OBJECTID":216,"highway":"motorway","rute":"surgem_A","Dari":770000,"Sampai":770200,"Jalur":"A","Lajur":"1","Tanggal_Pelaksanaan":"2025-06-24","Keterangan":"Scraping Filling AC WC","Shape_Length":0}},{"type":"Feature","id":217,"geometry":{"type":"LineString","coordinates":[]},"properties":{"OBJECTID":217,"highway":"motorway","rute":"surgem_A","Dari":750400,"Sampai":750600,"Jalur":"A","Lajur":"2","Tanggal_Pelaksanaan":"2026","Keterangan":"Scrapping Filling","Shape_Length":0}},{"type":"Feature","id":218,"geometry":{"type":"LineString","coordinates":[]},"properties":{"OBJECTID":218,"highway":"motorway","rute":"surgem_A","Dari":752800,"Sampai":753000,"Jalur":"A","Lajur":"3","Tanggal_Pelaksanaan":"2026","Keterangan":"Scrapping Filling","Shape_Length":0}},{"type":"Feature","id":219,"geometry":{"type":"LineString","coordinates":[[222149.47730000038,692164.81479999982],[222182.48599999957,692140.60590000078],[222237.58930000011,692109.37509999983],[222268.06680000015,692093.6035999991],[222299.50530000031,692078.9263000004],[222324.36849999987,692069.15399999917]]},"properties":{"OBJECTID":219,"highway":"motorway","rute":"surgem_A","Dari":10000,"Sampai":10200,"Jalur":"A","Lajur":"2","Tanggal_Pelaksanaan":"2026","Keterangan":"Scrapping Filling","Shape_Length":199.99993902875724}},{"type":"Feature","id":220,"geometry":{"type":"LineString","coordinates":[[222425.56049999967,694253.49860000052],[222425.48080000002,694253.45030000061],[222258.74409999978,694143.17060000077]]},"properties":{"OBJECTID":220,"highway":"motorway","rute":"surgem_B","Dari":7600,"Sampai":7800,"Jalur":"B","Lajur":"1","Tanggal_Pelaksanaan":"2023","Keterangan":"Scraping Filling AC WC","Shape_Length":200.00001993415373}},{"type":"Feature","id":221,"geometry":{"type":"LineString","coordinates":[[223774.0382000003,689904.52710000053],[223734.70189999975,689712.09459999949],[223734.03890000004,689708.56829999946]]},"properties":{"OBJECTID":221,"highway":"motorway","rute":"surgem_B","Dari":13400,"Sampai":13600,"Jalur":"B","Lajur":"3","Tanggal_Pelaksanaan":"2026","Keterangan":"Scrapping Filling","Shape_Length":199.99992762253291}},{"type":"Feature","id":222,"geometry":{"type":"LineString","coordinates":[[223349.72329999972,687948.30440000072],[223345.5784,687936.36419999972],[223321.75779999979,687851.48159999959],[223307.84590000007,687801.70399999991],[223295.76609999966,687755.75119999982]]},"properties":{"OBJECTID":222,"highway":"motorway","rute":"surgem_A","Dari":15400,"Sampai":15600,"Jalur":"A","Lajur":"1","Tanggal_Pelaksanaan":"2023","Keterangan":"Scraping Filling AC WC","Shape_Length":199.99994047171552}},{"type":"Feature","id":223,"geometry":{"type":"LineString","coordinates":[[223141.15490000043,698820.15059999935],[223136.05939999968,698805.78659999929],[223118.96949999966,698742.70759999938],[223105.25600000005,698673.79949999973],[223102.51420000009,698624.72949999943]]},"properties":{"OBJECTID":223,"highway":"motorway","rute":"surgem_B","Dari":2800,"Sampai":3000,"Jalur":"B","Lajur":"2","Tanggal_Pelaksanaan":"2026","Keterangan":"Scrapping Filling","Shape_Length":200.00005782818141}},{"type":"Feature","id":224,"geometry":{"type":"LineString","coordinates":[[223684.7921000002,689304.19739999995],[223671.65799999982,689221.98069999926],[223654.74320000038,689106.47179999948]]},"properties":{"OBJECTID":224,"highway":"motorway","rute":"surgem_A","Dari":14000,"Sampai":14200,"Jalur":"A","Lajur":"3","Tanggal_Pelaksanaan":"2024-07-16","Keterangan":"Scraping Filling AC BC","Shape_Length":199.9999845167973}},{"type":"Feature","id":225,"geometry":{"type":"LineString","coordinates":[]},"properties":{"OBJECTID":225,"highway":"motorway","rute":null,"Dari":0,"Sampai":200,"Jalur":"ON RAMP DUPAK 2","Lajur":null,"Tanggal_Pelaksanaan":"2024-08-21","Keterangan":"Overlay AC WC Kuncian Awal","Shape_Length":0}},{"type":"Feature","id":226,"geometry":{"type":"LineString","coordinates":[[223016.43120000046,695222.7257000003],[223005.53500000015,695080.96829999983],[222998.90830000024,695029.46240000054],[222997.84949999955,695023.6643000003]]},"properties":{"OBJECTID":226,"highway":"motorway","rute":"surgem_A","Dari":6400,"Sampai":6600,"Jalur":"A","Lajur":"2","Tanggal_Pelaksanaan":"2026","Keterangan":"Scrapping Filling","Shape_Length":199.99997669921234}},{"type":"Feature","id":227,"geometry":{"type":"LineString","coordinates":[]},"properties":{"OBJECTID":227,"highway":"motorway","rute":"surgem_A","Dari":745000,"Sampai":745200,"Jalur":"A","Lajur":"0","Tanggal_Pelaksanaan":"2025-08-20","Keterangan":"Scraping Filling AC BC","Shape_Length":0}},{"type":"Feature","id":228,"geometry":{"type":"LineString","coordinates":[]},"properties":{"OBJECTID":228,"highway":"motorway","rute":"surgem_B","Dari":758000,"Sampai":758200,"Jalur":"B","Lajur":"1","Tanggal_Pelaksanaan":"2024-09-13","Keterangan":"Scraping Filling AC WC","Shape_Length":0}},{"type":"Feature","id":229,"geometry":{"type":"LineString","coordinates":[[223711.79470000044,699639.00809999928],[223630.36129999999,699536.63350000046],[223590.88360000029,699479.81450000033]]},"properties":{"OBJECTID":229,"highway":"motorway","rute":"surgem_A","Dari":1800,"Sampai":2000,"Jalur":"A","Lajur":"1","Tanggal_Pelaksanaan":"2025-05-17","Keterangan":"Scrapping Filling AC WC","Shape_Length":200.00001711739341}},{"type":"Feature","id":230,"geometry":{"type":"LineString","coordinates":[[223734.03890000004,689708.56829999946],[223721.20909999963,689640.33330000006],[223701.60400000028,689511.24420000054]]},"properties":{"OBJECTID":230,"highway":"motorway","rute":"surgem_B","Dari":13600,"Sampai":13800,"Jalur":"B","Lajur":"1","Tanggal_Pelaksanaan":"2024-05-09","Keterangan":"Scraping Filling AC WC","Shape_Length":200.00002961838774}},{"type":"Feature","id":231,"geometry":{"type":"LineString","coordinates":[]},"properties":{"OBJECTID":231,"highway":"motorway","rute":"surgem_B","Dari":748200,"Sampai":748400,"Jalur":"B","Lajur":"1","Tanggal_Pelaksanaan":"2024-09-05","Keterangan":"Scraping Filling AC WC","Shape_Length":0}},{"type":"Feature","id":232,"geometry":{"type":"LineString","coordinates":[]},"properties":{"OBJECTID":232,"highway":"motorway","rute":null,"Dari":0,"Sampai":200,"Jalur":"KANAN","Lajur":null,"Tanggal_Pelaksanaan":"2024-08-20","Keterangan":"Rising AC BC Badan Jalan","Shape_Length":0}},{"type":"Feature","id":233,"geometry":{"type":"LineString","coordinates":[]},"properties":{"OBJECTID":233,"highway":"motorway","rute":"surgem_A","Dari":749000,"Sampai":749200,"Jalur":"A","Lajur":"1","Tanggal_Pelaksanaan":"2024-07-29","Keterangan":"Scraping Filling AC WC","Shape_Length":0}},{"type":"Feature","id":234,"geometry":{"type":"LineString","coordinates":[]},"properties":{"OBJECTID":234,"highway":"motorway","rute":null,"Dari":200,"Sampai":400,"Jalur":"Off Ramp Gunung Sari 1","Lajur":"A","Tanggal_Pelaksanaan":"2023","Keterangan":"Scraping Filling AC WC","Shape_Length":0}},{"type":"Feature","id":235,"geometry":{"type":"LineString","coordinates":[]},"properties":{"OBJECTID":235,"highway":"motorway","rute":"surgem_B","Dari":760800,"Sampai":761000,"Jalur":"B","Lajur":"1","Tanggal_Pelaksanaan":"2026","Keterangan":"Scrapping Filling","Shape_Length":0}},{"type":"Feature","id":236,"geometry":{"type":"LineString","coordinates":[[223832.49650000036,699798.41000000015],[223828.13760000002,699793.26640000008],[223761.25179999974,699701.18349999934],[223711.79470000044,699639.00809999928]]},"properties":{"OBJECTID":236,"highway":"motorway","rute":"surgem_A","Dari":1600,"Sampai":1800,"Jalur":"A","Lajur":"1","Tanggal_Pelaksanaan":"2025-05-16","Keterangan":"Scrapping Filling AC WC","Shape_Length":200.00001564965237}},{"type":"Feature","id":237,"geometry":{"type":"LineString","coordinates":[]},"properties":{"OBJECTID":237,"highway":"motorway","rute":"surgem_B","Dari":749800,"Sampai":750000,"Jalur":"B","Lajur":"2","Tanggal_Pelaksanaan":"2026","Keterangan":"Scrapping Filling","Shape_Length":0}},{"type":"Feature","id":238,"geometry":{"type":"LineString","coordinates":[[223941.86089999974,699963.17210000008],[223881.89350000024,699884.85769999959],[223826.74550000019,699814.95209999941],[223819.66889999993,699804.86319999956]]},"properties":{"OBJECTID":238,"highway":"motorway","rute":"surgem_B","Dari":1400,"Sampai":1600,"Jalur":"B","Lajur":"1","Tanggal_Pelaksanaan":"2026","Keterangan":"Scrapping Filling","Shape_Length":200.00004884903512}},{"type":"Feature","id":239,"geometry":{"type":"LineString","coordinates":[[222747.01819999982,694489.74689999968],[222738.02830000035,694480.43280000053],[222712.10219999962,694455.58579999954],[222672.25970000029,694421.9207000006],[222645.1425999999,694400.15949999914],[222639.44330000039,694396.0373999998],[222593.55520000029,694361.92039999925]]},"properties":{"OBJECTID":239,"highway":"motorway","rute":"surgem_B","Dari":7200,"Sampai":7400,"Jalur":"B","Lajur":"2","Tanggal_Pelaksanaan":"2023","Keterangan":"Scraping Filling AC WC","Shape_Length":199.99995289038429}},{"type":"Feature","id":240,"geometry":{"type":"LineString","coordinates":[]},"properties":{"OBJECTID":240,"highway":"motorway","rute":"surgem_B","Dari":747400,"Sampai":747600,"Jalur":"B","Lajur":"1","Tanggal_Pelaksanaan":"2025-06-15","Keterangan":"Scraping Filling AC WC","Shape_Length":0}},{"type":"Feature","id":241,"geometry":{"type":"LineString","coordinates":[]},"properties":{"OBJECTID":241,"highway":"motorway","rute":"surgem_B","Dari":751600,"Sampai":751800,"Jalur":"B","Lajur":"3","Tanggal_Pelaksanaan":"2026","Keterangan":"Scrapping Filling","Shape_Length":0}},{"type":"Feature","id":242,"geometry":{"type":"LineString","coordinates":[[223937.43269999977,691078.92060000077],[223941.75980000012,691067.75310000032],[223958.68020000029,691011.02740000002],[223963.82390000019,690985.32569999993],[223968.95019999985,690946.45360000059],[223971.28920000046,690897.32090000063],[223971.72499999963,690883.10789999925]]},"properties":{"OBJECTID":242,"highway":"motorway","rute":"surgem_B","Dari":12200,"Sampai":12400,"Jalur":"B","Lajur":"2","Tanggal_Pelaksanaan":"2024-05-14","Keterangan":"Scraping Filling AC WC","Shape_Length":200.00003092912962}},{"type":"Feature","id":243,"geometry":{"type":"LineString","coordinates":[]},"properties":{"OBJECTID":243,"highway":"motorway","rute":"surgem_B","Dari":759400,"Sampai":759600,"Jalur":"B","Lajur":"1","Tanggal_Pelaksanaan":"2026","Keterangan":"Scrapping Filling","Shape_Length":0}},{"type":"Feature","id":244,"geometry":{"type":"LineString","coordinates":[[223031.39099999983,695422.16300000064],[223029.87359999958,695397.60799999908],[223016.43120000046,695222.7257000003]]},"properties":{"OBJECTID":244,"highway":"motorway","rute":"surgem_A","Dari":6200,"Sampai":6400,"Jalur":"A","Lajur":"2","Tanggal_Pelaksanaan":"2026","Keterangan":"Scrapping Filling","Shape_Length":200.00000688124933}},{"type":"Feature","id":245,"geometry":{"type":"LineString","coordinates":[]},"properties":{"OBJECTID":245,"highway":"motorway","rute":"surgem_A","Dari":750600,"Sampai":750800,"Jalur":"A","Lajur":"3","Tanggal_Pelaksanaan":"2026","Keterangan":"Scrapping Filling","Shape_Length":0}},{"type":"Feature","id":246,"geometry":{"type":"LineString","coordinates":[[223130.25960000046,686973.23440000042],[223121.56630000006,686930.59219999984],[223092.03210000042,686807.68290000036],[223083.99330000021,686778.70460000075]]},"properties":{"OBJECTID":246,"highway":"motorway","rute":"surgem_A","Dari":16400,"Sampai":16600,"Jalur":"A","Lajur":"3","Tanggal_Pelaksanaan":"2025-07-21","Keterangan":"Scraping Filling AC WC","Shape_Length":199.99989315482571}},{"type":"Feature","id":247,"geometry":{"type":"LineString","coordinates":[]},"properties":{"OBJECTID":247,"highway":"motorway","rute":"surgem_B","Dari":771200,"Sampai":771400,"Jalur":"B","Lajur":"1","Tanggal_Pelaksanaan":"2025-08-20","Keterangan":"Scraping Filling AC WC","Shape_Length":0}},{"type":"Feature","id":248,"geometry":{"type":"LineString","coordinates":[]},"properties":{"OBJECTID":248,"highway":"motorway","rute":"surgem_A","Dari":749400,"Sampai":749600,"Jalur":"A","Lajur":"1","Tanggal_Pelaksanaan":"2025-06-13","Keterangan":"Scraping Filling AC WC","Shape_Length":0}},{"type":"Feature","id":249,"geometry":{"type":"LineString","coordinates":[]},"properties":{"OBJECTID":249,"highway":"motorway","rute":"surgem_B","Dari":754000,"Sampai":754200,"Jalur":"B","Lajur":"3","Tanggal_Pelaksanaan":"2026","Keterangan":"Scrapping Filling","Shape_Length":0}},{"type":"Feature","id":250,"geometry":{"type":"LineString","coordinates":[[223349.72329999972,687948.30440000072],[223345.5784,687936.36419999972],[223321.75779999979,687851.48159999959],[223307.84590000007,687801.70399999991],[223295.76609999966,687755.75119999982]]},"properties":{"OBJECTID":250,"highway":"motorway","rute":"surgem_A","Dari":15400,"Sampai":15600,"Jalur":"A","Lajur":"2","Tanggal_Pelaksanaan":"2023","Keterangan":"Scraping Filling AC WC","Shape_Length":199.99994047171552}},{"type":"Feature","id":251,"geometry":{"type":"LineString","coordinates":[[221856.21150000021,693301.45629999973],[221863.43039999995,693220.95460000075],[221872.88879999984,693102.15530000068]]},"properties":{"OBJECTID":251,"highway":"motorway","rute":"surgem_B","Dari":8800,"Sampai":9000,"Jalur":"B","Lajur":"3","Tanggal_Pelaksanaan":"2026","Keterangan":"Scrapping Filling","Shape_Length":199.99995347778963}},{"type":"Feature","id":252,"geometry":{"type":"LineString","coordinates":[]},"properties":{"OBJECTID":252,"highway":"motorway","rute":"surgem_B","Dari":768200,"Sampai":768400,"Jalur":"B","Lajur":"3","Tanggal_Pelaksanaan":"2025-07-09","Keterangan":"Scraping Filling AC WC","Shape_Length":0}},{"type":"Feature","id":253,"geometry":{"type":"LineString","coordinates":[[223112.61679999996,697424.96710000001],[223112.6847000001,697422.34339999966],[223114.00810000021,697224.97240000032]]},"properties":{"OBJECTID":253,"highway":"motorway","rute":"surgem_B","Dari":4200,"Sampai":4400,"Jalur":"B","Lajur":"2","Tanggal_Pelaksanaan":"2026","Keterangan":"Scrapping Filling","Shape_Length":200.00001520172987}},{"type":"Feature","id":254,"geometry":{"type":"LineString","coordinates":[[223206.40539999958,687365.90020000003],[223197.44120000023,687324.53879999928],[223169.52840000018,687175.56450000033],[223168.40199999977,687169.55749999918]]},"properties":{"OBJECTID":254,"highway":"motorway","rute":"surgem_A","Dari":16000,"Sampai":16200,"Jalur":"A","Lajur":"3","Tanggal_Pelaksanaan":"2026","Keterangan":"Scrapping Filling","Shape_Length":200.00005490426403}},{"type":"Feature","id":255,"geometry":{"type":"LineString","coordinates":[[222258.74409999978,694143.17060000077],[222203.24739999976,694106.46499999985],[222111.37270000018,694036.4411999993],[222098.07419999968,694024.39189999923]]},"properties":{"OBJECTID":255,"highway":"motorway","rute":"surgem_B","Dari":7800,"Sampai":8000,"Jalur":"B","Lajur":"0","Tanggal_Pelaksanaan":"2024-05-31","Keterangan":null,"Shape_Length":199.9999484794391}},{"type":"Feature","id":256,"geometry":{"type":"LineString","coordinates":[[221920.79779999983,692697.4729999993],[221928.21669999976,692609.17650000006],[221940.65660000034,692525.92500000075],[221946.48159999959,692499.33909999952]]},"properties":{"OBJECTID":256,"highway":"motorway","rute":"surgem_A","Dari":9400,"Sampai":9600,"Jalur":"A","Lajur":"0","Tanggal_Pelaksanaan":"2025-10-02","Keterangan":"Scrapping Filling AC BC","Shape_Length":199.99996989598657}},{"type":"Feature","id":257,"geometry":{"type":"LineString","coordinates":[]},"properties":{"OBJECTID":257,"highway":"motorway","rute":"surgem_B","Dari":755600,"Sampai":755800,"Jalur":"B","Lajur":"3","Tanggal_Pelaksanaan":"2026","Keterangan":"Scrapping Filling","Shape_Length":0}},{"type":"Feature","id":258,"geometry":{"type":"LineString","coordinates":[]},"properties":{"OBJECTID":258,"highway":"motorway","rute":null,"Dari":200,"Sampai":400,"Jalur":"Akses On Ramp Waru dari Bundaran Waru Arah Ramp 1","Lajur":"SISIKANAN","Tanggal_Pelaksanaan":"2023","Keterangan":"Scraping Filling AC WC","Shape_Length":0}},{"type":"Feature","id":259,"geometry":{"type":"LineString","coordinates":[[224492.72279999964,701009.96289999969],[224480.42449999973,700945.66679999977],[224452.42059999984,700814.07520000078]]},"properties":{"OBJECTID":259,"highway":"motorway","rute":"surgem_A","Dari":200,"Sampai":400,"Jalur":"A","Lajur":"1","Tanggal_Pelaksanaan":"2025-06-02","Keterangan":"Scraping Filling AC WC","Shape_Length":200.00006897132334}},{"type":"Feature","id":260,"geometry":{"type":"LineString","coordinates":[]},"properties":{"OBJECTID":260,"highway":"motorway","rute":"surgem_A","Dari":753800,"Sampai":754000,"Jalur":"A","Lajur":"3","Tanggal_Pelaksanaan":"2026","Keterangan":"Scrapping Filling","Shape_Length":0}},{"type":"Feature","id":261,"geometry":{"type":"LineString","coordinates":[[223455.59020000044,691688.12989999913],[223512.40859999973,691643.01769999973],[223547.85720000044,691611.00950000063],[223602.54090000037,691559.43029999919],[223605.59690000024,691556.1026000008]]},"properties":{"OBJECTID":261,"highway":"motorway","rute":"surgem_A","Dari":11400,"Sampai":11600,"Jalur":"A","Lajur":"0","Tanggal_Pelaksanaan":"2025-09-12","Keterangan":"Scraping Filling AC BC","Shape_Length":200.00005561846925}},{"type":"Feature","id":262,"geometry":{"type":"LineString","coordinates":[]},"properties":{"OBJECTID":262,"highway":"motorway","rute":"surgem_A","Dari":759600,"Sampai":759800,"Jalur":"A","Lajur":"3","Tanggal_Pelaksanaan":"2026","Keterangan":"Scrapping Filling","Shape_Length":0}},{"type":"Feature","id":263,"geometry":{"type":"LineString","coordinates":[]},"properties":{"OBJECTID":263,"highway":"motorway","rute":"surgem_A","Dari":751000,"Sampai":751200,"Jalur":"A","Lajur":"3","Tanggal_Pelaksanaan":"2023","Keterangan":"Scraping Filling AC WC","Shape_Length":0}},{"type":"Feature","id":264,"geometry":{"type":"LineString","coordinates":[]},"properties":{"OBJECTID":264,"highway":"motorway","rute":null,"Dari":3800,"Sampai":4000,"Jalur":"AKSES OFF RAMP PSR TURI/B","Lajur":"1","Tanggal_Pelaksanaan":"2024-06-11","Keterangan":"Scraping Filling AC WC","Shape_Length":0}},{"type":"Feature","id":265,"geometry":{"type":"LineString","coordinates":[]},"properties":{"OBJECTID":265,"highway":"motorway","rute":null,"Dari":0,"Sampai":200,"Jalur":"INTERCHANGE WARU1 (TRANSISI)","Lajur":null,"Tanggal_Pelaksanaan":"2024-08-24","Keterangan":"Scraping Filling AC WC","Shape_Length":0}},{"type":"Feature","id":266,"geometry":{"type":"LineString","coordinates":[[223121.62559999991,686981.85480000079],[223116.43369999994,686956.26080000028],[223090.43809999991,686845.7349999994],[223074.81190000009,686787.45040000044]]},"properties":{"OBJECTID":266,"highway":"motorway","rute":"surgem_B","Dari":16400,"Sampai":16600,"Jalur":"B","Lajur":"2","Tanggal_Pelaksanaan":"2023","Keterangan":"Scraping Filling AC WC","Shape_Length":199.99998136262843}},{"type":"Feature","id":267,"geometry":{"type":"LineString","coordinates":[[223080.73500000034,696426.00119999982],[223080.1436999999,696418.36500000022],[223068.41959999967,696226.38179999962]]},"properties":{"OBJECTID":267,"highway":"motorway","rute":"surgem_B","Dari":5200,"Sampai":5400,"Jalur":"B","Lajur":"3","Tanggal_Pelaksanaan":"2026","Keterangan":"Scrapping Filling","Shape_Length":199.99991175211829}},{"type":"Feature","id":268,"geometry":{"type":"LineString","coordinates":[[223100.4012000002,698424.81090000086],[223104.63939999975,698294.2946000006],[223104.38989999983,698224.88010000065]]},"properties":{"OBJECTID":268,"highway":"motorway","rute":"surgem_B","Dari":3200,"Sampai":3400,"Jalur":"B","Lajur":"2","Tanggal_Pelaksanaan":"2026","Keterangan":"Scrapping Filling","Shape_Length":200.00004289142498}},{"type":"Feature","id":269,"geometry":{"type":"LineString","coordinates":[]},"properties":{"OBJECTID":269,"highway":"motorway","rute":"surgem_B","Dari":750800,"Sampai":751000,"Jalur":"B","Lajur":"2","Tanggal_Pelaksanaan":"2026","Keterangan":"Scrapping Filling","Shape_Length":0}},{"type":"Feature","id":270,"geometry":{"type":"LineString","coordinates":[]},"properties":{"OBJECTID":270,"highway":"motorway","rute":null,"Dari":0,"Sampai":200,"Jalur":"MAIN ROAD DUPAK 2","Lajur":null,"Tanggal_Pelaksanaan":"2024-08-22","Keterangan":"Overlay AC WC","Shape_Length":0}},{"type":"Feature","id":271,"geometry":{"type":"LineString","coordinates":[[222985.19199999981,695029.40440000035],[222982.01470000017,695006.08210000023],[222966.87459999975,694930.17469999939],[222958.04360000044,694887.30619999953],[222956.04140000045,694879.43370000087],[222942.15759999957,694834.35529999994]]},"properties":{"OBJECTID":271,"highway":"motorway","rute":"surgem_B","Dari":6600,"Sampai":6800,"Jalur":"B","Lajur":"1","Tanggal_Pelaksanaan":"2023","Keterangan":"Scraping Filling AC WC","Shape_Length":200.00008168063806}},{"type":"Feature","id":272,"geometry":{"type":"LineString","coordinates":[]},"properties":{"OBJECTID":272,"highway":"motorway","rute":"surgem_A","Dari":754200,"Sampai":754400,"Jalur":"A","Lajur":"3","Tanggal_Pelaksanaan":"2026","Keterangan":"Scrapping Filling","Shape_Length":0}},{"type":"Feature","id":273,"geometry":{"type":"LineString","coordinates":[]},"properties":{"OBJECTID":273,"highway":"motorway","rute":"surgem_A","Dari":767800,"Sampai":768000,"Jalur":"A","Lajur":"3","Tanggal_Pelaksanaan":"2025-08-21","Keterangan":"Scraping Filling AC WC","Shape_Length":0}},{"type":"Feature","id":274,"geometry":{"type":"LineString","coordinates":[[223826.11720000021,690091.50320000015],[223787.4868999999,689895.26940000057]]},"properties":{"OBJECTID":274,"highway":"motorway","rute":"surgem_A","Dari":13200,"Sampai":13400,"Jalur":"A","Lajur":"3","Tanggal_Pelaksanaan":"2024-07-11","Keterangan":"Scraping Filling AC WC","Shape_Length":200.00001085097227}},{"type":"Feature","id":275,"geometry":{"type":"LineString","coordinates":[]},"properties":{"OBJECTID":275,"highway":"motorway","rute":"surgem_A","Dari":758800,"Sampai":759000,"Jalur":"A","Lajur":"2","Tanggal_Pelaksanaan":"2025-07-31","Keterangan":"Scraping Filling AC WC","Shape_Length":0}},{"type":"Feature","id":276,"geometry":{"type":"LineString","coordinates":[[223654.74320000038,689106.47179999948],[223651.63150000013,689085.22240000032],[223642.82639999967,689026.66229999997],[223631.54550000001,688962.27569999918],[223622.66569999978,688909.13419999927],[223622.65469999984,688909.07530000061]]},"properties":{"OBJECTID":276,"highway":"motorway","rute":"surgem_A","Dari":14200,"Sampai":14400,"Jalur":"A","Lajur":"2","Tanggal_Pelaksanaan":"2024-07-16","Keterangan":"Scraping Filling AC WC","Shape_Length":199.99996873199504}},{"type":"Feature","id":277,"geometry":{"type":"LineString","coordinates":[[221889.47360000014,692902.84479999915],[221902.9916000003,692743.92049999908],[221906.4422000004,692703.56599999964]]},"properties":{"OBJECTID":277,"highway":"motorway","rute":"surgem_B","Dari":9200,"Sampai":9400,"Jalur":"B","Lajur":"3","Tanggal_Pelaksanaan":"2026","Keterangan":"Scrapping Filling","Shape_Length":199.99993698026972}},{"type":"Feature","id":278,"geometry":{"type":"LineString","coordinates":[]},"properties":{"OBJECTID":278,"highway":"motorway","rute":"surgem_A","Dari":746000,"Sampai":746200,"Jalur":"A","Lajur":"1","Tanggal_Pelaksanaan":"2024-07-25","Keterangan":"Scraping Filling AC WC","Shape_Length":0}},{"type":"Feature","id":279,"geometry":{"type":"LineString","coordinates":[[222953.7938000001,694828.74499999918],[222949.93910000008,694815.58660000004],[222939.55570000038,694782.35050000064],[222928.29040000029,694752.42119999975],[222918.65110000037,694728.66159999929],[222905.16650000028,694698.81069999933],[222883.22900000028,694655.57220000029],[222877.1353000002,694644.53460000083]]},"properties":{"OBJECTID":279,"highway":"motorway","rute":"surgem_A","Dari":6800,"Sampai":7000,"Jalur":"A","Lajur":"2","Tanggal_Pelaksanaan":"2024-06-29","Keterangan":"Scraping Filling AC WC","Shape_Length":199.99998549508189}},{"type":"Feature","id":280,"geometry":{"type":"LineString","coordinates":[]},"properties":{"OBJECTID":280,"highway":"motorway","rute":"surgem_A","Dari":755600,"Sampai":755800,"Jalur":"A","Lajur":"3","Tanggal_Pelaksanaan":"2024-08-02","Keterangan":"Scraping Filling AC WC","Shape_Length":0}},{"type":"Feature","id":281,"geometry":{"type":"LineString","coordinates":[]},"properties":{"OBJECTID":281,"highway":"motorway","rute":"surgem_A","Dari":751800,"Sampai":752000,"Jalur":"A","Lajur":"3","Tanggal_Pelaksanaan":"2026","Keterangan":"Scrapping Filling","Shape_Length":0}},{"type":"Feature","id":282,"geometry":{"type":"LineString","coordinates":[]},"properties":{"OBJECTID":282,"highway":"motorway","rute":"surgem_B","Dari":747600,"Sampai":747800,"Jalur":"B","Lajur":"0","Tanggal_Pelaksanaan":"2025-10-02","Keterangan":"Scrapping Filling AC BC","Shape_Length":0}},{"type":"Feature","id":283,"geometry":{"type":"LineString","coordinates":[]},"properties":{"OBJECTID":283,"highway":"motorway","rute":"surgem_A","Dari":752600,"Sampai":752800,"Jalur":"A","Lajur":"1","Tanggal_Pelaksanaan":"2025-06-17","Keterangan":"Scraping Filling AC WC","Shape_Length":0}},{"type":"Feature","id":284,"geometry":{"type":"LineString","coordinates":[]},"properties":{"OBJECTID":284,"highway":"motorway","rute":"surgem_B","Dari":759200,"Sampai":759400,"Jalur":"B","Lajur":"1","Tanggal_Pelaksanaan":"2026","Keterangan":"Scrapping Filling","Shape_Length":0}},{"type":"Feature","id":285,"geometry":{"type":"LineString","coordinates":[]},"properties":{"OBJECTID":285,"highway":"motorway","rute":"surgem_A","Dari":744400,"Sampai":744600,"Jalur":"A","Lajur":"1","Tanggal_Pelaksanaan":"2023","Keterangan":"Scraping Filling AC BC","Shape_Length":0}},{"type":"Feature","id":286,"geometry":{"type":"LineString","coordinates":[]},"properties":{"OBJECTID":286,"highway":"motorway","rute":"surgem_B","Dari":751200,"Sampai":751400,"Jalur":"B","Lajur":"3","Tanggal_Pelaksanaan":"2026","Keterangan":"Scrapping Filling","Shape_Length":0}},{"type":"Feature","id":287,"geometry":{"type":"LineString","coordinates":[]},"properties":{"OBJECTID":287,"highway":"motorway","rute":"surgem_B","Dari":748400,"Sampai":748600,"Jalur":"B","Lajur":"3","Tanggal_Pelaksanaan":"2026","Keterangan":"Scrapping Filling","Shape_Length":0}},{"type":"Feature","id":288,"geometry":{"type":"LineString","coordinates":[]},"properties":{"OBJECTID":288,"highway":"motorway","rute":"surgem_A","Dari":755000,"Sampai":755200,"Jalur":"A","Lajur":"3","Tanggal_Pelaksanaan":"2026","Keterangan":"Scrapping Filling","Shape_Length":0}},{"type":"Feature","id":289,"geometry":{"type":"LineString","coordinates":[]},"properties":{"OBJECTID":289,"highway":"motorway","rute":"surgem_A","Dari":759200,"Sampai":759400,"Jalur":"A","Lajur":"2","Tanggal_Pelaksanaan":"2024-04-27","Keterangan":"Scraping Filling AC WC","Shape_Length":0}},{"type":"Feature","id":290,"geometry":{"type":"LineString","coordinates":[[223121.63590000011,697818.94370000064],[223125.46839999966,697678.38939999975],[223126.70779999997,697619.00879999995]]},"properties":{"OBJECTID":290,"highway":"motorway","rute":"surgem_A","Dari":3800,"Sampai":4000,"Jalur":"A","Lajur":"1","Tanggal_Pelaksanaan":"2026","Keterangan":"Scrapping Filling","Shape_Length":200.00007381626403}},{"type":"Feature","id":291,"geometry":{"type":"LineString","coordinates":[]},"properties":{"OBJECTID":291,"highway":"motorway","rute":"surgem_B","Dari":745600,"Sampai":745800,"Jalur":"B","Lajur":"2","Tanggal_Pelaksanaan":"2026","Keterangan":"Scrapping Filling","Shape_Length":0}},{"type":"Feature","id":292,"geometry":{"type":"LineString","coordinates":[[223102.51420000009,698624.72949999943],[223100.99149999954,698597.47800000012],[223098.97759999987,698468.65130000003],[223100.4012000002,698424.81090000086]]},"properties":{"OBJECTID":292,"highway":"motorway","rute":"surgem_B","Dari":3000,"Sampai":3200,"Jalur":"B","Lajur":"2","Tanggal_Pelaksanaan":"2026","Keterangan":"Scrapping Filling","Shape_Length":199.999955933785}},{"type":"Feature","id":293,"geometry":{"type":"LineString","coordinates":[]},"properties":{"OBJECTID":293,"highway":"motorway","rute":"surgem_B","Dari":763600,"Sampai":763800,"Jalur":"B","Lajur":"1","Tanggal_Pelaksanaan":"2026","Keterangan":"Scrapping Filling","Shape_Length":0}},{"type":"Feature","id":294,"geometry":{"type":"LineString","coordinates":[]},"properties":{"OBJECTID":294,"highway":"motorway","rute":"surgem_A","Dari":750200,"Sampai":750400,"Jalur":"A","Lajur":"2","Tanggal_Pelaksanaan":"2026","Keterangan":"Scrapping Filling","Shape_Length":0}},{"type":"Feature","id":295,"geometry":{"type":"LineString","coordinates":[[223787.4868999999,689895.26940000057],[223755.20239999983,689731.27080000006],[223749.40089999977,689698.93319999985]]},"properties":{"OBJECTID":295,"highway":"motorway","rute":"surgem_A","Dari":13400,"Sampai":13600,"Jalur":"A","Lajur":"2","Tanggal_Pelaksanaan":"2024-07-12","Keterangan":"Scraping Filling AC WC","Shape_Length":200.00001814694116}},{"type":"Feature","id":296,"geometry":{"type":"LineString","coordinates":[]},"properties":{"OBJECTID":296,"highway":"motorway","rute":"surgem_B","Dari":769800,"Sampai":770000,"Jalur":"B","Lajur":"1","Tanggal_Pelaksanaan":"2025-06-25","Keterangan":"Scraping Filling AC WC","Shape_Length":0}},{"type":"Feature","id":297,"geometry":{"type":"LineString","coordinates":[]},"properties":{"OBJECTID":297,"highway":"motorway","rute":"surgem_A","Dari":756200,"Sampai":756400,"Jalur":"A","Lajur":"1","Tanggal_Pelaksanaan":"2025-08-14","Keterangan":"Scraping Filling AC WC","Shape_Length":0}},{"type":"Feature","id":298,"geometry":{"type":"LineString","coordinates":[[223533.52190000005,688519.2985999994],[223531.40460000001,688511.88929999992],[223527.40139999986,688498.00210000016],[223513.38889999967,688446.52170000039],[223503.24820000026,688411.27300000004],[223477.50430000015,688327.32200000063]]},"properties":{"OBJECTID":298,"highway":"motorway","rute":"surgem_A","Dari":14800,"Sampai":15000,"Jalur":"A","Lajur":"1","Tanggal_Pelaksanaan":"2024-08-27","Keterangan":"Scraping Filling AC WC","Shape_Length":199.99988690665035}},{"type":"Feature","id":299,"geometry":{"type":"LineString","coordinates":[]},"properties":{"OBJECTID":299,"highway":"motorway","rute":"surgem_A","Dari":750200,"Sampai":750400,"Jalur":"A","Lajur":"1","Tanggal_Pelaksanaan":"2026","Keterangan":"Scrapping Filling","Shape_Length":0}},{"type":"Feature","id":300,"geometry":{"type":"LineString","coordinates":[[223868.66249999963,690286.89330000058],[223848.83299999963,690203.5549999997],[223841.28639999963,690168.55939999968],[223826.11720000021,690091.50320000015]]},"properties":{"OBJECTID":300,"highway":"motorway","rute":"surgem_A","Dari":13000,"Sampai":13200,"Jalur":"A","Lajur":"1","Tanggal_Pelaksanaan":"2024-07-10","Keterangan":"Scraping Filling AC WC","Shape_Length":200.00008507093239}},{"type":"Feature","id":301,"geometry":{"type":"LineString","coordinates":[]},"properties":{"OBJECTID":301,"highway":"motorway","rute":"surgem_B","Dari":768400,"Sampai":768600,"Jalur":"B","Lajur":"3","Tanggal_Pelaksanaan":"2025-07-08","Keterangan":"Scraping Filling AC WC","Shape_Length":0}},{"type":"Feature","id":302,"geometry":{"type":"LineString","coordinates":[[221906.4422000004,692703.56599999964],[221912.55920000002,692632.02960000001],[221918.64030000009,692575.80709999986],[221932.04810000025,692505.42049999908]]},"properties":{"OBJECTID":302,"highway":"motorway","rute":"surgem_B","Dari":9400,"Sampai":9600,"Jalur":"B","Lajur":"0","Tanggal_Pelaksanaan":"2026","Keterangan":"Scrapping Filling","Shape_Length":200.00009980831672}},{"type":"Feature","id":303,"geometry":{"type":"LineString","coordinates":[]},"properties":{"OBJECTID":303,"highway":"motorway","rute":"surgem_A","Dari":770800,"Sampai":771000,"Jalur":"A","Lajur":"1","Tanggal_Pelaksanaan":"2025-06-23","Keterangan":"Scraping Filling AC WC","Shape_Length":0}},{"type":"Feature","id":304,"geometry":{"type":"LineString","coordinates":[]},"properties":{"OBJECTID":304,"highway":"motorway","rute":"surgem_B","Dari":754200,"Sampai":754400,"Jalur":"B","Lajur":"3","Tanggal_Pelaksanaan":"2026","Keterangan":"Scrapping Filling","Shape_Length":0}},{"type":"Feature","id":305,"geometry":{"type":"LineString","coordinates":[]},"properties":{"OBJECTID":305,"highway":"motorway","rute":"surgem_A","Dari":744400,"Sampai":744600,"Jalur":"A","Lajur":"1","Tanggal_Pelaksanaan":"2023","Keterangan":"Scraping Filling AC WC","Shape_Length":0}},{"type":"Feature","id":306,"geometry":{"type":"LineString","coordinates":[]},"properties":{"OBJECTID":306,"highway":"motorway","rute":"surgem_A","Dari":747800,"Sampai":748000,"Jalur":"A","Lajur":"1","Tanggal_Pelaksanaan":"2025-07-25","Keterangan":"Scraping Filling AC WC","Shape_Length":0}},{"type":"Feature","id":307,"geometry":{"type":"LineString","coordinates":[]},"properties":{"OBJECTID":307,"highway":"motorway","rute":"surgem_B","Dari":756800,"Sampai":757000,"Jalur":"B","Lajur":"3","Tanggal_Pelaksanaan":"2026","Keterangan":"Scrapping Filling","Shape_Length":0}},{"type":"Feature","id":308,"geometry":{"type":"LineString","coordinates":[]},"properties":{"OBJECTID":308,"highway":"motorway","rute":"surgem_A","Dari":749200,"Sampai":749400,"Jalur":"A","Lajur":"1","Tanggal_Pelaksanaan":"2025-06-12","Keterangan":"Scraping Filling AC WC","Shape_Length":0}},{"type":"Feature","id":309,"geometry":{"type":"LineString","coordinates":[[223080.67030000035,696220.64350000024],[223080.51499999966,696217.88010000065],[223080.01400000043,696209.00070000067],[223068.39769999962,696021.0206000004]]},"properties":{"OBJECTID":309,"highway":"motorway","rute":"surgem_A","Dari":5400,"Sampai":5600,"Jalur":"A","Lajur":"3","Tanggal_Pelaksanaan":"2026","Keterangan":"Scrapping Filling","Shape_Length":199.99995785644941}},{"type":"Feature","id":310,"geometry":{"type":"LineString","coordinates":[[221876.9606999997,693698.3842999991],[221868.66299999971,693671.47360000014],[221855.23890000023,693601.30430000089],[221850.90409999993,693560.96590000018],[221848.8004999999,693501.17620000057]]},"properties":{"OBJECTID":310,"highway":"motorway","rute":"surgem_B","Dari":8400,"Sampai":8600,"Jalur":"B","Lajur":"3","Tanggal_Pelaksanaan":"2026","Keterangan":"Scrapping Filling","Shape_Length":200.00010415153884}},{"type":"Feature","id":311,"geometry":{"type":"LineString","coordinates":[]},"properties":{"OBJECTID":311,"highway":"motorway","rute":"surgem_A","Dari":756400,"Sampai":756600,"Jalur":"A","Lajur":"1","Tanggal_Pelaksanaan":"2025-08-14","Keterangan":"Scraping Filling AC WC","Shape_Length":0}},{"type":"Feature","id":312,"geometry":{"type":"LineString","coordinates":[[221869.72860000003,693295.29470000044],[221887.19649999961,693096.05900000036]]},"properties":{"OBJECTID":312,"highway":"motorway","rute":"surgem_A","Dari":8800,"Sampai":9000,"Jalur":"A","Lajur":"0","Tanggal_Pelaksanaan":"2025-09-22","Keterangan":"Scraping Filling AC BC","Shape_Length":199.99997921228953}},{"type":"Feature","id":313,"geometry":{"type":"LineString","coordinates":[]},"properties":{"OBJECTID":313,"highway":"motorway","rute":"surgem_A","Dari":762400,"Sampai":762600,"Jalur":"A","Lajur":"2","Tanggal_Pelaksanaan":"2025-08-02","Keterangan":"Scraping Filling AC WC","Shape_Length":0}},{"type":"Feature","id":314,"geometry":{"type":"LineString","coordinates":[]},"properties":{"OBJECTID":314,"highway":"motorway","rute":"surgem_B","Dari":756200,"Sampai":756400,"Jalur":"B","Lajur":"2","Tanggal_Pelaksanaan":"2025-10-28","Keterangan":"Scrapping Filling AC WC","Shape_Length":0}},{"type":"Feature","id":315,"geometry":{"type":"LineString","coordinates":[]},"properties":{"OBJECTID":315,"highway":"motorway","rute":"surgem_B","Dari":770800,"Sampai":771000,"Jalur":"B","Lajur":"2","Tanggal_Pelaksanaan":"2025-08-01","Keterangan":"Scraping Filling AC WC","Shape_Length":0}},{"type":"Feature","id":316,"geometry":{"type":"LineString","coordinates":[[222324.36849999987,692069.15399999917],[222337.75600000005,692063.89220000058],[222375.58820000011,692051.34620000049],[222516.48460000008,692014.0175999999]]},"properties":{"OBJECTID":316,"highway":"motorway","rute":"surgem_A","Dari":10200,"Sampai":10400,"Jalur":"A","Lajur":"2","Tanggal_Pelaksanaan":"2026","Keterangan":"Scrapping Filling","Shape_Length":200.00004345803555}},{"type":"Feature","id":317,"geometry":{"type":"LineString","coordinates":[[224553.49789999984,701197.19329999946],[224529.49650000036,701164.97049999982],[224523.77010000031,701152.49970000051],[224519.43499999959,701139.89550000057],[224515.73029999994,701129.15980000049],[224514.17030000035,701123.13389999978],[224512.87449999992,701115.31640000083],[224492.72279999964,701009.96289999969]]},"properties":{"OBJECTID":317,"highway":"motorway","rute":"surgem_A","Dari":0,"Sampai":200,"Jalur":"A","Lajur":null,"Tanggal_Pelaksanaan":"2026","Keterangan":"Overlay","Shape_Length":199.99999934496753}},{"type":"Feature","id":318,"geometry":{"type":"LineString","coordinates":[[223130.25960000046,686973.23440000042],[223121.56630000006,686930.59219999984],[223092.03210000042,686807.68290000036],[223083.99330000021,686778.70460000075]]},"properties":{"OBJECTID":318,"highway":"motorway","rute":"surgem_A","Dari":16400,"Sampai":16600,"Jalur":"A","Lajur":"1","Tanggal_Pelaksanaan":"2025-07-21","Keterangan":"Scraping Filling AC WC","Shape_Length":199.99989315482571}},{"type":"Feature","id":319,"geometry":{"type":"LineString","coordinates":[]},"properties":{"OBJECTID":319,"highway":"motorway","rute":"surgem_B","Dari":756400,"Sampai":756600,"Jalur":"B","Lajur":"1","Tanggal_Pelaksanaan":"2025-10-17","Keterangan":"Scrapping Filling AC WC","Shape_Length":0}},{"type":"Feature","id":320,"geometry":{"type":"LineString","coordinates":[]},"properties":{"OBJECTID":320,"highway":"motorway","rute":"surgem_B","Dari":754800,"Sampai":755000,"Jalur":"B","Lajur":"1","Tanggal_Pelaksanaan":"2024-08-31","Keterangan":"Scraping Filling AC WC","Shape_Length":0}},{"type":"Feature","id":321,"geometry":{"type":"LineString","coordinates":[]},"properties":{"OBJECTID":321,"highway":"motorway","rute":null,"Dari":0,"Sampai":200,"Jalur":"Ramp Off Gunung Sari 1/A","Lajur":"1","Tanggal_Pelaksanaan":"2023","Keterangan":"Overlay AC WC","Shape_Length":0}},{"type":"Feature","id":322,"geometry":{"type":"LineString","coordinates":[[223671.5736999996,689313.51160000078],[223657.65859999973,689221.88790000044],[223642.53089999966,689115.63370000012]]},"properties":{"OBJECTID":322,"highway":"motorway","rute":"surgem_B","Dari":14000,"Sampai":14200,"Jalur":"B","Lajur":"3","Tanggal_Pelaksanaan":"2024-05-08","Keterangan":"Scraping Filling AC WC","Shape_Length":200.0000186629394}},{"type":"Feature","id":323,"geometry":{"type":"LineString","coordinates":[]},"properties":{"OBJECTID":323,"highway":"motorway","rute":"surgem_A","Dari":750400,"Sampai":750600,"Jalur":"A","Lajur":"3","Tanggal_Pelaksanaan":"2026","Keterangan":"Scrapping Filling","Shape_Length":0}},{"type":"Feature","id":324,"geometry":{"type":"LineString","coordinates":[[224494.46729999967,701209.57410000078],[224505.10879999958,701178.49540000036],[224507.00250000041,701166.68439999968],[224507.97070000041,701159.39660000056],[224508.27579999994,701150.87060000002],[224503.09300000034,701120.8945000004],[224483.86359999981,701013.72199999914]]},"properties":{"OBJECTID":324,"highway":"motorway","rute":"surgem_B","Dari":0,"Sampai":200,"Jalur":"B","Lajur":"ONRAMPSATELITARAHPERAK(BAHUJALAN)","Tanggal_Pelaksanaan":"2026","Keterangan":"Scrapping Filling","Shape_Length":200.00000640225613}},{"type":"Feature","id":325,"geometry":{"type":"LineString","coordinates":[]},"properties":{"OBJECTID":325,"highway":"motorway","rute":"surgem_B","Dari":746600,"Sampai":746800,"Jalur":"B","Lajur":"2","Tanggal_Pelaksanaan":"2025-10-02","Keterangan":"Scrapping Filling AC WC","Shape_Length":0}},{"type":"Feature","id":326,"geometry":{"type":"LineString","coordinates":[]},"properties":{"OBJECTID":326,"highway":"motorway","rute":"surgem_A","Dari":762000,"Sampai":762200,"Jalur":"A","Lajur":"3","Tanggal_Pelaksanaan":"2026","Keterangan":"Scrapping Filling","Shape_Length":0}},{"type":"Feature","id":327,"geometry":{"type":"LineString","coordinates":[[223404.30370000005,688146.28280000016],[223384.78729999997,688087.29030000046],[223340.18960000016,687956.84009999968]]},"properties":{"OBJECTID":327,"highway":"motorway","rute":"surgem_B","Dari":15200,"Sampai":15400,"Jalur":"B","Lajur":"1","Tanggal_Pelaksanaan":"2023","Keterangan":"Scraping Filling AC WC","Shape_Length":199.99999516055126}},{"type":"Feature","id":328,"geometry":{"type":"LineString","coordinates":[]},"properties":{"OBJECTID":328,"highway":"motorway","rute":"surgem_B","Dari":752400,"Sampai":752600,"Jalur":"B","Lajur":"2","Tanggal_Pelaksanaan":"2025-06-04","Keterangan":"Scraping Filling AC WC","Shape_Length":0}},{"type":"Feature","id":329,"geometry":{"type":"LineString","coordinates":[]},"properties":{"OBJECTID":329,"highway":"motorway","rute":"surgem_A","Dari":757000,"Sampai":757200,"Jalur":"A","Lajur":"3","Tanggal_Pelaksanaan":"2026","Keterangan":"Scrapping Filling","Shape_Length":0}},{"type":"Feature","id":330,"geometry":{"type":"LineString","coordinates":[[223605.59690000024,691556.1026000008],[223677.20559999999,691478.12810000032],[223737.72329999972,691406.02659999952]]},"properties":{"OBJECTID":330,"highway":"motorway","rute":"surgem_A","Dari":11600,"Sampai":11800,"Jalur":"A","Lajur":"0","Tanggal_Pelaksanaan":"2025-09-12","Keterangan":"Scraping Filling AC BC","Shape_Length":200.00001456118608}},{"type":"Feature","id":331,"geometry":{"type":"LineString","coordinates":[[223950.24120000005,690684.7770000007],[223947.37550000008,690669.96470000036],[223936.66530000046,690623.0831000004],[223904.8367999997,690490.0131000001]]},"properties":{"OBJECTID":331,"highway":"motorway","rute":"surgem_B","Dari":12600,"Sampai":12800,"Jalur":"B","Lajur":"2","Tanggal_Pelaksanaan":"2024-05-11","Keterangan":"Scraping Filling AC WC","Shape_Length":199.99991838439377}},{"type":"Feature","id":332,"geometry":{"type":"LineString","coordinates":[]},"properties":{"OBJECTID":332,"highway":"motorway","rute":"surgem_A","Dari":746600,"Sampai":746800,"Jalur":"A","Lajur":"3","Tanggal_Pelaksanaan":"2026","Keterangan":"Scrapping Filling","Shape_Length":0}},{"type":"Feature","id":333,"geometry":{"type":"LineString","coordinates":[]},"properties":{"OBJECTID":333,"highway":"motorway","rute":"surgem_A","Dari":752200,"Sampai":752400,"Jalur":"A","Lajur":"3","Tanggal_Pelaksanaan":"2026","Keterangan":"Scrapping Filling","Shape_Length":0}},{"type":"Feature","id":334,"geometry":{"type":"LineString","coordinates":[]},"properties":{"OBJECTID":334,"highway":"motorway","rute":"surgem_B","Dari":770000,"Sampai":770200,"Jalur":"B","Lajur":"1","Tanggal_Pelaksanaan":"2025-06-25","Keterangan":"Scraping Filling AC WC","Shape_Length":0}},{"type":"Feature","id":335,"geometry":{"type":"LineString","coordinates":[[223029.55240000039,695627.65320000052],[223024.71210000012,695554.52600000054],[223016.08029999956,695428.10759999976]]},"properties":{"OBJECTID":335,"highway":"motorway","rute":"surgem_B","Dari":6000,"Sampai":6200,"Jalur":"B","Lajur":"1","Tanggal_Pelaksanaan":"2024-06-03","Keterangan":null,"Shape_Length":199.99996034377631}},{"type":"Feature","id":336,"geometry":{"type":"LineString","coordinates":[]},"properties":{"OBJECTID":336,"highway":"motorway","rute":"surgem_B","Dari":762600,"Sampai":762800,"Jalur":"B","Lajur":"1","Tanggal_Pelaksanaan":"2023","Keterangan":"Scraping Filling AC WC","Shape_Length":0}},{"type":"Feature","id":337,"geometry":{"type":"LineString","coordinates":[]},"properties":{"OBJECTID":337,"highway":"motorway","rute":"surgem_A","Dari":751600,"Sampai":751800,"Jalur":"A","Lajur":"3","Tanggal_Pelaksanaan":"2026","Keterangan":"Scrapping Filling","Shape_Length":0}},{"type":"Feature","id":338,"geometry":{"type":"LineString","coordinates":[[223114.15749999974,698218.85290000029],[223114.9944000002,698072.50730000064],[223115.35900000017,698049.14120000042],[223116.18439999968,698018.8694000002]]},"properties":{"OBJECTID":338,"highway":"motorway","rute":"surgem_A","Dari":3400,"Sampai":3600,"Jalur":"A","Lajur":"1","Tanggal_Pelaksanaan":"2026","Keterangan":"Scrapping Filling","Shape_Length":199.99998806327858}},{"type":"Feature","id":339,"geometry":{"type":"LineString","coordinates":[]},"properties":{"OBJECTID":339,"highway":"motorway","rute":null,"Dari":0,"Sampai":200,"Jalur":null,"Lajur":null,"Tanggal_Pelaksanaan":"2024-08-21","Keterangan":"Rising AC BC","Shape_Length":0}},{"type":"Feature","id":340,"geometry":{"type":"LineString","coordinates":[[222299.66339999996,692065.91389999911],[222300.04040000029,692065.74469999969],[222319.09389999975,692058.11710000038],[222355.6342000002,692045.2731999997],[222402.88360000029,692030.76569999941],[222467.11249999981,692012.50180000067],[222490.33619999979,692005.95160000026]]},"properties":{"OBJECTID":340,"highway":"motorway","rute":"surgem_B","Dari":10200,"Sampai":10400,"Jalur":"B","Lajur":"0","Tanggal_Pelaksanaan":"2024-05-27","Keterangan":null,"Shape_Length":200.00003128152079}},{"type":"Feature","id":341,"geometry":{"type":"LineString","coordinates":[]},"properties":{"OBJECTID":341,"highway":"motorway","rute":"surgem_A","Dari":745400,"Sampai":745600,"Jalur":"A","Lajur":"3","Tanggal_Pelaksanaan":"2025-07-23","Keterangan":"Scraping Filling AC WC","Shape_Length":0}},{"type":"Feature","id":342,"geometry":{"type":"LineString","coordinates":[]},"properties":{"OBJECTID":342,"highway":"motorway","rute":"surgem_B","Dari":749400,"Sampai":749600,"Jalur":"B","Lajur":"3","Tanggal_Pelaksanaan":"2026","Keterangan":"Scrapping Filling","Shape_Length":0}},{"type":"Feature","id":343,"geometry":{"type":"LineString","coordinates":[[223814.09310000017,690100.47509999946],[223774.0382000003,689904.52710000053]]},"properties":{"OBJECTID":343,"highway":"motorway","rute":"surgem_B","Dari":13200,"Sampai":13400,"Jalur":"B","Lajur":"3","Tanggal_Pelaksanaan":"2026","Keterangan":"Scrapping Filling","Shape_Length":200.00003429394525}},{"type":"Feature","id":344,"geometry":{"type":"LineString","coordinates":[]},"properties":{"OBJECTID":344,"highway":"motorway","rute":"surgem_B","Dari":756600,"Sampai":756800,"Jalur":"B","Lajur":"3","Tanggal_Pelaksanaan":"2026","Keterangan":"Scrapping Filling","Shape_Length":0}},{"type":"Feature","id":345,"geometry":{"type":"LineString","coordinates":[]},"properties":{"OBJECTID":345,"highway":"motorway","rute":"surgem_A","Dari":765800,"Sampai":766000,"Jalur":"A","Lajur":"1","Tanggal_Pelaksanaan":"2025-08-08","Keterangan":"Scraping Filling AC WC","Shape_Length":0}},{"type":"Feature","id":346,"geometry":{"type":"LineString","coordinates":[[223579.97130000032,699484.73310000077],[223536.2921000002,699427.57789999992],[223503.59539999999,699382.32110000029],[223459.38430000003,699325.19849999994]]},"properties":{"OBJECTID":346,"highway":"motorway","rute":"surgem_B","Dari":2000,"Sampai":2200,"Jalur":"B","Lajur":"2","Tanggal_Pelaksanaan":"2025-07-02","Keterangan":"Scraping Filling AC WC","Shape_Length":200.00002139047888}},{"type":"Feature","id":347,"geometry":{"type":"LineString","coordinates":[]},"properties":{"OBJECTID":347,"highway":"motorway","rute":"surgem_B","Dari":763200,"Sampai":763400,"Jalur":"B","Lajur":"1","Tanggal_Pelaksanaan":"2026","Keterangan":"Scrapping Filling","Shape_Length":0}},{"type":"Feature","id":348,"geometry":{"type":"LineString","coordinates":[]},"properties":{"OBJECTID":348,"highway":"motorway","rute":"surgem_A","Dari":759400,"Sampai":759600,"Jalur":"A","Lajur":"2","Tanggal_Pelaksanaan":"2024-06-02","Keterangan":"Scraping Filling AC WC","Shape_Length":0}},{"type":"Feature","id":349,"geometry":{"type":"LineString","coordinates":[]},"properties":{"OBJECTID":349,"highway":"motorway","rute":"surgem_B","Dari":754400,"Sampai":754600,"Jalur":"B","Lajur":"3","Tanggal_Pelaksanaan":"2026","Keterangan":"Scrapping Filling","Shape_Length":0}},{"type":"Feature","id":350,"geometry":{"type":"LineString","coordinates":[]},"properties":{"OBJECTID":350,"highway":"motorway","rute":null,"Dari":0,"Sampai":200,"Jalur":"ON RAMP B.URIP","Lajur":"KANAN","Tanggal_Pelaksanaan":"2024-06-09","Keterangan":"Scraping Filling AC WC","Shape_Length":0}},{"type":"Feature","id":351,"geometry":{"type":"LineString","coordinates":[]},"properties":{"OBJECTID":351,"highway":"motorway","rute":"surgem_B","Dari":753000,"Sampai":753200,"Jalur":"B","Lajur":"1","Tanggal_Pelaksanaan":"2024-09-04","Keterangan":"Scraping Filling AC WC","Shape_Length":0}},{"type":"Feature","id":352,"geometry":{"type":"LineString","coordinates":[]},"properties":{"OBJECTID":352,"highway":"motorway","rute":null,"Dari":769600,"Sampai":769800,"Jalur":null,"Lajur":null,"Tanggal_Pelaksanaan":null,"Keterangan":null,"Shape_Length":0}},{"type":"Feature","id":353,"geometry":{"type":"LineString","coordinates":[]},"properties":{"OBJECTID":353,"highway":"motorway","rute":"surgem_B","Dari":761000,"Sampai":761200,"Jalur":"B","Lajur":"1","Tanggal_Pelaksanaan":"2026","Keterangan":"Scrapping Filling","Shape_Length":0}},{"type":"Feature","id":354,"geometry":{"type":"LineString","coordinates":[]},"properties":{"OBJECTID":354,"highway":"motorway","rute":null,"Dari":200,"Sampai":400,"Jalur":"On Ramp Waru","Lajur":"ARAHMEDAENG","Tanggal_Pelaksanaan":"2023","Keterangan":"Scraping Filling AC WC","Shape_Length":0}},{"type":"Feature","id":355,"geometry":{"type":"LineString","coordinates":[]},"properties":{"OBJECTID":355,"highway":"motorway","rute":null,"Dari":3800,"Sampai":4000,"Jalur":"OFF RAMP PSR TURI /B","Lajur":"KANAN","Tanggal_Pelaksanaan":"2024-06-12","Keterangan":"Scraping Filling AC WC","Shape_Length":0}},{"type":"Feature","id":356,"geometry":{"type":"LineString","coordinates":[[223749.40089999977,689698.93319999985],[223735.25409999955,689620.07899999991],[223716.34200000018,689501.69329999946]]},"properties":{"OBJECTID":356,"highway":"motorway","rute":"surgem_A","Dari":13600,"Sampai":13800,"Jalur":"A","Lajur":"2","Tanggal_Pelaksanaan":"2024-07-13","Keterangan":"Scraping Filling AC WC","Shape_Length":199.99993617094401}},{"type":"Feature","id":357,"geometry":{"type":"LineString","coordinates":[]},"properties":{"OBJECTID":357,"highway":"motorway","rute":"surgem_B","Dari":753400,"Sampai":753600,"Jalur":"B","Lajur":"3","Tanggal_Pelaksanaan":"2026","Keterangan":"Scrapping Filling","Shape_Length":0}},{"type":"Feature","id":358,"geometry":{"type":"LineString","coordinates":[[222270.99839999992,694137.54289999977],[222180.21129999962,694073.94209999964],[222112.55800000019,694020.20720000006],[222110.47180000041,694018.40809999965]]},"properties":{"OBJECTID":358,"highway":"motorway","rute":"surgem_A","Dari":7800,"Sampai":8000,"Jalur":"A","Lajur":"3","Tanggal_Pelaksanaan":"2024-07-02","Keterangan":"Scraping Filling AC WC","Shape_Length":199.99998232750627}},{"type":"Feature","id":359,"geometry":{"type":"LineString","coordinates":[[223157.96360000037,687178.50210000016],[223139.00729999971,687067.5401000008],[223121.62559999991,686981.85480000079]]},"properties":{"OBJECTID":359,"highway":"motorway","rute":"surgem_B","Dari":16200,"Sampai":16400,"Jalur":"B","Lajur":"2","Tanggal_Pelaksanaan":"2024-09-09","Keterangan":"Scraping Filling AC WC","Shape_Length":200.00007436209694}},{"type":"Feature","id":360,"geometry":{"type":"LineString","coordinates":[]},"properties":{"OBJECTID":360,"highway":"motorway","rute":"surgem_A","Dari":753000,"Sampai":753200,"Jalur":"A","Lajur":"3","Tanggal_Pelaksanaan":"2026","Keterangan":"Scrapping Filling","Shape_Length":0}},{"type":"Feature","id":361,"geometry":{"type":"LineString","coordinates":[]},"properties":{"OBJECTID":361,"highway":"motorway","rute":"surgem_A","Dari":750600,"Sampai":750800,"Jalur":"A","Lajur":"2","Tanggal_Pelaksanaan":"2026","Keterangan":"Scrapping Filling","Shape_Length":0}},{"type":"Feature","id":362,"geometry":{"type":"LineString","coordinates":[]},"properties":{"OBJECTID":362,"highway":"motorway","rute":null,"Dari":200,"Sampai":400,"Jalur":"ON RAMP B.URIP","Lajur":"KANAN","Tanggal_Pelaksanaan":"2024-06-09","Keterangan":"Scraping Filling AC WC","Shape_Length":0}},{"type":"Feature","id":363,"geometry":{"type":"LineString","coordinates":[]},"properties":{"OBJECTID":363,"highway":"motorway","rute":"surgem_B","Dari":758200,"Sampai":758400,"Jalur":"B","Lajur":"1","Tanggal_Pelaksanaan":"2024-09-13","Keterangan":"Scraping Filling AC WC","Shape_Length":0}},{"type":"Feature","id":364,"geometry":{"type":"LineString","coordinates":[[223068.39769999962,696021.0206000004],[223056.06209999975,695821.40139999986]]},"properties":{"OBJECTID":364,"highway":"motorway","rute":"surgem_A","Dari":5600,"Sampai":5800,"Jalur":"A","Lajur":"2","Tanggal_Pelaksanaan":"2026","Keterangan":"Scrapping Filling","Shape_Length":199.99998009052968}},{"type":"Feature","id":365,"geometry":{"type":"LineString","coordinates":[]},"properties":{"OBJECTID":365,"highway":"motorway","rute":null,"Dari":765600,"Sampai":765800,"Jalur":null,"Lajur":null,"Tanggal_Pelaksanaan":null,"Keterangan":null,"Shape_Length":0}},{"type":"Feature","id":366,"geometry":{"type":"LineString","coordinates":[[224492.72279999964,701009.96289999969],[224480.42449999973,700945.66679999977],[224452.42059999984,700814.07520000078]]},"properties":{"OBJECTID":366,"highway":"motorway","rute":"surgem_A","Dari":200,"Sampai":400,"Jalur":"A","Lajur":"Off Ramp Gunung Sari 1","Tanggal_Pelaksanaan":"2023","Keterangan":"Scraping Filling AC WC","Shape_Length":200.00006897132334}},{"type":"Feature","id":367,"geometry":{"type":"LineString","coordinates":[]},"properties":{"OBJECTID":367,"highway":"motorway","rute":"surgem_B","Dari":769400,"Sampai":769600,"Jalur":"B","Lajur":"2","Tanggal_Pelaksanaan":"2025-06-25","Keterangan":"Overlay AC WC","Shape_Length":0}},{"type":"Feature","id":368,"geometry":{"type":"LineString","coordinates":[[222000.19089999981,692318.24780000001],[222006.68499999959,692305.76060000062],[222033.19890000019,692265.12109999917],[222048.98919999972,692243.40689999983],[222067.70569999982,692222.44329999946],[222087.28309999965,692201.02600000054],[222110.73610000033,692179.83909999952],[222127.34399999958,692165.67569999956]]},"properties":{"OBJECTID":368,"highway":"motorway","rute":"surgem_B","Dari":9800,"Sampai":10000,"Jalur":"B","Lajur":"1","Tanggal_Pelaksanaan":"2025-10-22","Keterangan":"Scrapping Filling AC WC","Shape_Length":199.99995501116095}},{"type":"Feature","id":369,"geometry":{"type":"LineString","coordinates":[]},"properties":{"OBJECTID":369,"highway":"motorway","rute":"surgem_A","Dari":750800,"Sampai":751000,"Jalur":"A","Lajur":"2","Tanggal_Pelaksanaan":"2026","Keterangan":"Scrapping Filling","Shape_Length":0}},{"type":"Feature","id":370,"geometry":{"type":"LineString","coordinates":[]},"properties":{"OBJECTID":370,"highway":"motorway","rute":"surgem_B","Dari":750200,"Sampai":750400,"Jalur":"B","Lajur":"3","Tanggal_Pelaksanaan":"2026","Keterangan":"Scrapping Filling","Shape_Length":0}},{"type":"Feature","id":371,"geometry":{"type":"LineString","coordinates":[]},"properties":{"OBJECTID":371,"highway":"motorway","rute":"surgem_B","Dari":749200,"Sampai":749400,"Jalur":"B","Lajur":"2","Tanggal_Pelaksanaan":"2026","Keterangan":"Scrapping Filling","Shape_Length":0}},{"type":"Feature","id":372,"geometry":{"type":"LineString","coordinates":[]},"properties":{"OBJECTID":372,"highway":"motorway","rute":"surgem_A","Dari":757600,"Sampai":757800,"Jalur":"A","Lajur":"2","Tanggal_Pelaksanaan":"2024-08-06","Keterangan":"Scraping Filling AC WC","Shape_Length":0}},{"type":"Feature","id":373,"geometry":{"type":"LineString","coordinates":[[222942.15759999957,694834.35529999994],[222938.6911000004,694823.10029999912],[222924.30520000029,694778.38759999909],[222903.84350000042,694727.19759999961],[222888.72369999997,694694.99210000038],[222867.9796000002,694653.80990000069],[222865.68829999957,694650.01219999976]]},"properties":{"OBJECTID":373,"highway":"motorway","rute":"surgem_B","Dari":6800,"Sampai":7000,"Jalur":"B","Lajur":"2","Tanggal_Pelaksanaan":"2024-09-12","Keterangan":"Scraping Filling AC WC","Shape_Length":199.99996044429298}},{"type":"Feature","id":374,"geometry":{"type":"LineString","coordinates":[[223128.07330000028,697019.1473999992],[223123.19259999972,696863.21539999917],[223120.1512000002,696819.32909999974]]},"properties":{"OBJECTID":374,"highway":"motorway","rute":"surgem_A","Dari":4600,"Sampai":4800,"Jalur":"A","Lajur":"0","Tanggal_Pelaksanaan":"2025-05-24","Keterangan":"Scrapping Filling AC BC","Shape_Length":199.99992572749298}},{"type":"Feature","id":375,"geometry":{"type":"LineString","coordinates":[[224060.90749999974,700123.85370000079],[224027.97300000023,700079.53339999914],[223989.73890000023,700025.69840000011],[223941.86089999974,699963.17210000008]]},"properties":{"OBJECTID":375,"highway":"motorway","rute":"surgem_B","Dari":1200,"Sampai":1400,"Jalur":"B","Lajur":"1","Tanggal_Pelaksanaan":"2026","Keterangan":"Scrapping Filling","Shape_Length":199.99995254903956}},{"type":"Feature","id":376,"geometry":{"type":"LineString","coordinates":[]},"properties":{"OBJECTID":376,"highway":"motorway","rute":"surgem_A","Dari":762800,"Sampai":763000,"Jalur":"A","Lajur":"3","Tanggal_Pelaksanaan":"2025-08-13","Keterangan":"Overlay AC WC","Shape_Length":0}},{"type":"Feature","id":377,"geometry":{"type":"LineString","coordinates":[]},"properties":{"OBJECTID":377,"highway":"motorway","rute":"surgem_B","Dari":754600,"Sampai":754800,"Jalur":"B","Lajur":"3","Tanggal_Pelaksanaan":"2026","Keterangan":"Scrapping Filling","Shape_Length":0}},{"type":"Feature","id":378,"geometry":{"type":"LineString","coordinates":[]},"properties":{"OBJECTID":378,"highway":"motorway","rute":null,"Dari":764200,"Sampai":764400,"Jalur":null,"Lajur":null,"Tanggal_Pelaksanaan":null,"Keterangan":null,"Shape_Length":0}},{"type":"Feature","id":379,"geometry":{"type":"LineString","coordinates":[[223859.08389999997,691247.13189999945],[223867.35859999992,691235.72980000079],[223879.86980000045,691216.55990000069],[223900.13609999977,691183.53040000051],[223914.48790000007,691157.8574000001],[223930.68020000029,691125.11730000004],[223952.36089999974,691070.96480000019]]},"properties":{"OBJECTID":379,"highway":"motorway","rute":"surgem_A","Dari":12000,"Sampai":12200,"Jalur":"A","Lajur":"0","Tanggal_Pelaksanaan":"2025-09-24","Keterangan":"Scraping Filling AC WC","Shape_Length":199.99995468310368}},{"type":"Feature","id":380,"geometry":{"type":"LineString","coordinates":[]},"properties":{"OBJECTID":380,"highway":"motorway","rute":"surgem_A","Dari":758400,"Sampai":758600,"Jalur":"A","Lajur":"2","Tanggal_Pelaksanaan":"2025-07-30","Keterangan":"Scraping Filling AC WC","Shape_Length":0}},{"type":"Feature","id":381,"geometry":{"type":"LineString","coordinates":[]},"properties":{"OBJECTID":381,"highway":"motorway","rute":"surgem_A","Dari":746800,"Sampai":747000,"Jalur":"A","Lajur":"3","Tanggal_Pelaksanaan":"2026","Keterangan":"Scrapping Filling","Shape_Length":0}},{"type":"Feature","id":382,"geometry":{"type":"LineString","coordinates":[[223114.00810000021,697224.97240000032],[223114.35830000043,697172.73760000058],[223114.22630000021,697024.97369999997]]},"properties":{"OBJECTID":382,"highway":"motorway","rute":"surgem_B","Dari":4400,"Sampai":4600,"Jalur":"B","Lajur":"2","Tanggal_Pelaksanaan":"2026","Keterangan":"Scrapping Filling","Shape_Length":199.99993287647123}},{"type":"Feature","id":383,"geometry":{"type":"LineString","coordinates":[]},"properties":{"OBJECTID":383,"highway":"motorway","rute":"surgem_A","Dari":750400,"Sampai":750600,"Jalur":"A","Lajur":"1","Tanggal_Pelaksanaan":"2026","Keterangan":"Scrapping Filling","Shape_Length":0}},{"type":"Feature","id":384,"geometry":{"type":"LineString","coordinates":[]},"properties":{"OBJECTID":384,"highway":"motorway","rute":"surgem_B","Dari":746400,"Sampai":746600,"Jalur":"B","Lajur":"2","Tanggal_Pelaksanaan":"2025-07-25","Keterangan":"Scraping Filling AC WC","Shape_Length":0}},{"type":"Feature","id":385,"geometry":{"type":"LineString","coordinates":[]},"properties":{"OBJECTID":385,"highway":"motorway","rute":"surgem_A","Dari":761200,"Sampai":761400,"Jalur":"A","Lajur":"2","Tanggal_Pelaksanaan":"2024-08-07","Keterangan":"Scraping Filling AC WC","Shape_Length":0}},{"type":"Feature","id":386,"geometry":{"type":"LineString","coordinates":[[221904.05229999963,692896.77070000023],[221920.79779999983,692697.4729999993]]},"properties":{"OBJECTID":386,"highway":"motorway","rute":"surgem_A","Dari":9200,"Sampai":9400,"Jalur":"A","Lajur":"1","Tanggal_Pelaksanaan":"2025-09-23","Keterangan":"Scraping Filling AC WC","Shape_Length":199.99996248978633}},{"type":"Feature","id":387,"geometry":{"type":"LineString","coordinates":[]},"properties":{"OBJECTID":387,"highway":"motorway","rute":null,"Dari":0,"Sampai":200,"Jalur":"Off Ramp Dupak Arah Ps Turi","Lajur":"B/KIRI","Tanggal_Pelaksanaan":"2023","Keterangan":"Scraping Filling AC WC","Shape_Length":0}},{"type":"Feature","id":388,"geometry":{"type":"LineString","coordinates":[[223584.52589999977,691559.90689999983],[223686.96219999995,691447.2268000003],[223716.88499999978,691410.05719999969]]},"properties":{"OBJECTID":388,"highway":"motorway","rute":"surgem_B","Dari":11600,"Sampai":11800,"Jalur":"B","Lajur":"1","Tanggal_Pelaksanaan":"2024-05-17","Keterangan":"Scraping Filling AC WC","Shape_Length":200.0000635731713}},{"type":"Feature","id":389,"geometry":{"type":"LineString","coordinates":[[223858.31180000026,690295.49980000034],[223836.81060000043,690205.60649999976],[223828.39169999957,690170.42339999974],[223814.09310000017,690100.47509999946]]},"properties":{"OBJECTID":389,"highway":"motorway","rute":"surgem_B","Dari":13000,"Sampai":13200,"Jalur":"B","Lajur":"3","Tanggal_Pelaksanaan":"2026","Keterangan":"Scrapping Filling","Shape_Length":200.00006097663027}},{"type":"Feature","id":390,"geometry":{"type":"LineString","coordinates":[]},"properties":{"OBJECTID":390,"highway":"motorway","rute":"surgem_A","Dari":752400,"Sampai":752600,"Jalur":"A","Lajur":"3","Tanggal_Pelaksanaan":"2026","Keterangan":"Scrapping Filling","Shape_Length":0}},{"type":"Feature","id":391,"geometry":{"type":"LineString","coordinates":[]},"properties":{"OBJECTID":391,"highway":"motorway","rute":"surgem_A","Dari":744400,"Sampai":744600,"Jalur":"A","Lajur":"2","Tanggal_Pelaksanaan":"2023","Keterangan":"Scraping Filling AC WC","Shape_Length":0}},{"type":"Feature","id":392,"geometry":{"type":"LineString","coordinates":[]},"properties":{"OBJECTID":392,"highway":"motorway","rute":"surgem_A","Dari":747000,"Sampai":747200,"Jalur":"A","Lajur":"2","Tanggal_Pelaksanaan":"2025-06-10","Keterangan":"Scraping Filling AC WC","Shape_Length":0}},{"type":"Feature","id":393,"geometry":{"type":"LineString","coordinates":[]},"properties":{"OBJECTID":393,"highway":"motorway","rute":null,"Dari":769000,"Sampai":769200,"Jalur":null,"Lajur":null,"Tanggal_Pelaksanaan":null,"Keterangan":null,"Shape_Length":0}},{"type":"Feature","id":394,"geometry":{"type":"LineString","coordinates":[[223654.74320000038,689106.47179999948],[223651.63150000013,689085.22240000032],[223642.82639999967,689026.66229999997],[223631.54550000001,688962.27569999918],[223622.66569999978,688909.13419999927],[223622.65469999984,688909.07530000061]]},"properties":{"OBJECTID":394,"highway":"motorway","rute":"surgem_A","Dari":14200,"Sampai":14400,"Jalur":"A","Lajur":"3","Tanggal_Pelaksanaan":"2024-07-16","Keterangan":"Scraping Filling AC BC","Shape_Length":199.99996873199504}},{"type":"Feature","id":395,"geometry":{"type":"LineString","coordinates":[[222747.01819999982,694489.74689999968],[222738.02830000035,694480.43280000053],[222712.10219999962,694455.58579999954],[222672.25970000029,694421.9207000006],[222645.1425999999,694400.15949999914],[222639.44330000039,694396.0373999998],[222593.55520000029,694361.92039999925]]},"properties":{"OBJECTID":395,"highway":"motorway","rute":"surgem_B","Dari":7200,"Sampai":7400,"Jalur":"B","Lajur":"1","Tanggal_Pelaksanaan":"2023","Keterangan":"Scraping Filling AC WC","Shape_Length":199.99995289038429}},{"type":"Feature","id":396,"geometry":{"type":"LineString","coordinates":[]},"properties":{"OBJECTID":396,"highway":"motorway","rute":null,"Dari":4000,"Sampai":4200,"Jalur":"AKSES OFF RAMP PSR TURI/B","Lajur":"0","Tanggal_Pelaksanaan":"2024-06-11","Keterangan":"Scraping Filling AC BC","Shape_Length":0}},{"type":"Feature","id":397,"geometry":{"type":"LineString","coordinates":[]},"properties":{"OBJECTID":397,"highway":"motorway","rute":"surgem_A","Dari":749800,"Sampai":750000,"Jalur":"A","Lajur":"1","Tanggal_Pelaksanaan":"2024-07-30","Keterangan":"Scraping Filling AC WC","Shape_Length":0}},{"type":"Feature","id":398,"geometry":{"type":"LineString","coordinates":[]},"properties":{"OBJECTID":398,"highway":"motorway","rute":"surgem_B","Dari":748600,"Sampai":748800,"Jalur":"B","Lajur":"3","Tanggal_Pelaksanaan":"2026","Keterangan":"Scrapping Filling","Shape_Length":0}},{"type":"Feature","id":399,"geometry":{"type":"LineString","coordinates":[[223340.47589999996,699164.39530000091],[223245.15589999966,699034.52950000018],[223225.25050000008,699001.10029999912]]},"properties":{"OBJECTID":399,"highway":"motorway","rute":"surgem_B","Dari":2400,"Sampai":2600,"Jalur":"B","Lajur":"2","Tanggal_Pelaksanaan":"2025-06-25","Keterangan":"Scraping Filling AC WC","Shape_Length":199.99999392695975}},{"type":"Feature","id":400,"geometry":{"type":"LineString","coordinates":[]},"properties":{"OBJECTID":400,"highway":"motorway","rute":"surgem_B","Dari":752600,"Sampai":752800,"Jalur":"B","Lajur":"2","Tanggal_Pelaksanaan":"2025-06-04","Keterangan":"Scraping Filling AC WC","Shape_Length":0}},{"type":"Feature","id":401,"geometry":{"type":"LineString","coordinates":[[223841.35790000018,691253.5708000008],[223877.26730000041,691200.2946000006],[223917.03589999955,691129.6688000001],[223926.59740000032,691106.8842999991],[223937.43269999977,691078.92060000077]]},"properties":{"OBJECTID":401,"highway":"motorway","rute":"surgem_B","Dari":12000,"Sampai":12200,"Jalur":"B","Lajur":"1","Tanggal_Pelaksanaan":"2024-05-15","Keterangan":"Scraping Filling AC WC","Shape_Length":199.9999489077677}},{"type":"Feature","id":402,"geometry":{"type":"LineString","coordinates":[]},"properties":{"OBJECTID":402,"highway":"motorway","rute":"surgem_A","Dari":753200,"Sampai":753400,"Jalur":"A","Lajur":"3","Tanggal_Pelaksanaan":"2026","Keterangan":"Scrapping Filling","Shape_Length":0}},{"type":"Feature","id":403,"geometry":{"type":"LineString","coordinates":[]},"properties":{"OBJECTID":403,"highway":"motorway","rute":"surgem_B","Dari":747800,"Sampai":748000,"Jalur":"B","Lajur":"1","Tanggal_Pelaksanaan":"2024-09-06","Keterangan":"Scraping Filling AC WC","Shape_Length":0}},{"type":"Feature","id":404,"geometry":{"type":"LineString","coordinates":[]},"properties":{"OBJECTID":404,"highway":"motorway","rute":"surgem_A","Dari":762600,"Sampai":762800,"Jalur":"A","Lajur":"2","Tanggal_Pelaksanaan":"2025-08-04","Keterangan":"Scraping Filling AC WC","Shape_Length":0}},{"type":"Feature","id":405,"geometry":{"type":"LineString","coordinates":[[223042.76169999968,695827.21649999917],[223029.55240000039,695627.65320000052]]},"properties":{"OBJECTID":405,"highway":"motorway","rute":"surgem_B","Dari":5800,"Sampai":6000,"Jalur":"B","Lajur":"1","Tanggal_Pelaksanaan":"2024-06-03","Keterangan":null,"Shape_Length":199.99999078204684}},{"type":"Feature","id":406,"geometry":{"type":"LineString","coordinates":[]},"properties":{"OBJECTID":406,"highway":"motorway","rute":"surgem_B","Dari":756000,"Sampai":756200,"Jalur":"B","Lajur":"2","Tanggal_Pelaksanaan":"2024-08-15","Keterangan":"Scraping Filling AC WC","Shape_Length":0}},{"type":"Feature","id":407,"geometry":{"type":"LineString","coordinates":[]},"properties":{"OBJECTID":407,"highway":"motorway","rute":"surgem_B","Dari":767800,"Sampai":768000,"Jalur":"B","Lajur":"3","Tanggal_Pelaksanaan":"2025-07-14","Keterangan":"Scraping Filling AC WC","Shape_Length":0}},{"type":"Feature","id":408,"geometry":{"type":"LineString","coordinates":[]},"properties":{"OBJECTID":408,"highway":"motorway","rute":"surgem_A","Dari":762800,"Sampai":763000,"Jalur":"A","Lajur":"2","Tanggal_Pelaksanaan":"2025-08-13","Keterangan":"Overlay AC WC","Shape_Length":0}},{"type":"Feature","id":409,"geometry":{"type":"LineString","coordinates":[]},"properties":{"OBJECTID":409,"highway":"motorway","rute":null,"Dari":0,"Sampai":200,"Jalur":"Ramp Off Waru","Lajur":"ARAHBUNDARANWARU","Tanggal_Pelaksanaan":"2023","Keterangan":"Scraping Filling AC WC","Shape_Length":0}},{"type":"Feature","id":410,"geometry":{"type":"LineString","coordinates":[[223477.50430000015,688327.32200000063],[223471.80090000015,688308.7229999993],[223427.54669999983,688181.9394000005],[223412.86710000038,688138.06919999979]]},"properties":{"OBJECTID":410,"highway":"motorway","rute":"surgem_A","Dari":15000,"Sampai":15200,"Jalur":"A","Lajur":"3","Tanggal_Pelaksanaan":"2025-05-28","Keterangan":"Scraping Filling AC WC","Shape_Length":200.00008757221693}},{"type":"Feature","id":411,"geometry":{"type":"LineString","coordinates":[]},"properties":{"OBJECTID":411,"highway":"motorway","rute":"surgem_B","Dari":763000,"Sampai":763200,"Jalur":"B","Lajur":"1","Tanggal_Pelaksanaan":"2025-07-23","Keterangan":"Scraping Filling AC WC","Shape_Length":0}},{"type":"Feature","id":412,"geometry":{"type":"LineString","coordinates":[[223904.8367999997,690490.0131000001],[223858.31180000026,690295.49980000034]]},"properties":{"OBJECTID":412,"highway":"motorway","rute":"surgem_B","Dari":12800,"Sampai":13000,"Jalur":"B","Lajur":"2","Tanggal_Pelaksanaan":"2024-05-11","Keterangan":"Scraping Filling AC WC","Shape_Length":199.99999875436023}},{"type":"Feature","id":413,"geometry":{"type":"LineString","coordinates":[[222865.68829999957,694650.01219999976],[222841.0064000003,694609.10300000012],[222818.0345999999,694573.95949999988],[222801.88269999996,694554.10639999993],[222765.13729999959,694508.51930000074],[222747.01819999982,694489.74689999968]]},"properties":{"OBJECTID":413,"highway":"motorway","rute":"surgem_B","Dari":7000,"Sampai":7200,"Jalur":"B","Lajur":"2","Tanggal_Pelaksanaan":"2024-09-12","Keterangan":"Scraping Filling AC WC","Shape_Length":200.00004313889443}},{"type":"Feature","id":414,"geometry":{"type":"LineString","coordinates":[]},"properties":{"OBJECTID":414,"highway":"motorway","rute":"surgem_A","Dari":750000,"Sampai":750200,"Jalur":"A","Lajur":"3","Tanggal_Pelaksanaan":"2026","Keterangan":"Scrapping Filling","Shape_Length":0}},{"type":"Feature","id":415,"geometry":{"type":"LineString","coordinates":[]},"properties":{"OBJECTID":415,"highway":"motorway","rute":null,"Dari":0,"Sampai":200,"Jalur":"MAIN ROAD","Lajur":null,"Tanggal_Pelaksanaan":"2024-08-19","Keterangan":"Rising AC BC Badan Jalan","Shape_Length":0}},{"type":"Feature","id":416,"geometry":{"type":"LineString","coordinates":[[223971.72499999963,690883.10789999925],[223972.01750000007,690873.56750000082],[223970.81070000026,690820.98640000075],[223962.70519999973,690749.20040000044],[223950.24120000005,690684.7770000007]]},"properties":{"OBJECTID":416,"highway":"motorway","rute":"surgem_B","Dari":12400,"Sampai":12600,"Jalur":"B","Lajur":"2","Tanggal_Pelaksanaan":"2024-05-14","Keterangan":"Scraping Filling AC WC","Shape_Length":200.00001380584823}},{"type":"Feature","id":417,"geometry":{"type":"LineString","coordinates":[]},"properties":{"OBJECTID":417,"highway":"motorway","rute":"surgem_A","Dari":745200,"Sampai":745400,"Jalur":"A","Lajur":"3","Tanggal_Pelaksanaan":"2025-07-23","Keterangan":"Scraping Filling AC WC","Shape_Length":0}},{"type":"Feature","id":418,"geometry":{"type":"LineString","coordinates":[[223003.8498999998,695228.49049999937],[222996.28220000025,695129.27470000088],[222988.91700000037,695056.74750000052],[222985.19199999981,695029.40440000035]]},"properties":{"OBJECTID":418,"highway":"motorway","rute":"surgem_B","Dari":6400,"Sampai":6600,"Jalur":"B","Lajur":"1","Tanggal_Pelaksanaan":"2024-06-04","Keterangan":"Scraping Filling AC WC","Shape_Length":199.99987245477223}},{"type":"Feature","id":419,"geometry":{"type":"LineString","coordinates":[]},"properties":{"OBJECTID":419,"highway":"motorway","rute":"surgem_B","Dari":758400,"Sampai":758600,"Jalur":"B","Lajur":"2","Tanggal_Pelaksanaan":"2024-09-10","Keterangan":null,"Shape_Length":0}},{"type":"Feature","id":420,"geometry":{"type":"LineString","coordinates":[]},"properties":{"OBJECTID":420,"highway":"motorway","rute":"surgem_B","Dari":751400,"Sampai":751600,"Jalur":"B","Lajur":"3","Tanggal_Pelaksanaan":"2026","Keterangan":"Scrapping Filling","Shape_Length":0}},{"type":"Feature","id":421,"geometry":{"type":"LineString","coordinates":[[223295.76609999966,687755.75119999982],[223290.41530000046,687735.39619999938],[223288.65720000025,687729.63570000045],[223268.89950000029,687644.59620000049],[223253.56450000033,687573.56550000049],[223251.41860000044,687564.75310000032],[223250.58359999955,687560.95480000041]]},"properties":{"OBJECTID":421,"highway":"motorway","rute":"surgem_A","Dari":15600,"Sampai":15800,"Jalur":"A","Lajur":"1","Tanggal_Pelaksanaan":"2023","Keterangan":"Scraping Filling AC WC","Shape_Length":200.00001512966708}},{"type":"Feature","id":422,"geometry":{"type":"LineString","coordinates":[]},"properties":{"OBJECTID":422,"highway":"motorway","rute":"surgem_B","Dari":752800,"Sampai":753000,"Jalur":"B","Lajur":"1","Tanggal_Pelaksanaan":"2024-09-04","Keterangan":"Scraping Filling AC WC","Shape_Length":0}},{"type":"Feature","id":423,"geometry":{"type":"LineString","coordinates":[]},"properties":{"OBJECTID":423,"highway":"motorway","rute":"surgem_B","Dari":760600,"Sampai":760800,"Jalur":"B","Lajur":"1","Tanggal_Pelaksanaan":"2026","Keterangan":"Scrapping Filling","Shape_Length":0}},{"type":"Feature","id":424,"geometry":{"type":"LineString","coordinates":[]},"properties":{"OBJECTID":424,"highway":"motorway","rute":null,"Dari":200,"Sampai":400,"Jalur":null,"Lajur":null,"Tanggal_Pelaksanaan":"2023","Keterangan":"Scraping Filling AC WC","Shape_Length":0}},{"type":"Feature","id":425,"geometry":{"type":"LineString","coordinates":[[223340.18960000016,687956.84009999968],[223334.36319999956,687939.79759999923],[223327.12079999968,687916.34649999999],[223317.73149999976,687882.04839999974],[223304.50499999989,687834.28309999965],[223285.21019999962,687764.58210000023]]},"properties":{"OBJECTID":425,"highway":"motorway","rute":"surgem_B","Dari":15400,"Sampai":15600,"Jalur":"B","Lajur":"3","Tanggal_Pelaksanaan":"2025-07-08","Keterangan":"Scraping Filling AC WC","Shape_Length":200.00002916750702}},{"type":"Feature","id":426,"geometry":{"type":"LineString","coordinates":[]},"properties":{"OBJECTID":426,"highway":"motorway","rute":"surgem_A","Dari":753200,"Sampai":753400,"Jalur":"A","Lajur":"3","Tanggal_Pelaksanaan":"2026","Keterangan":"Scrapping Filling","Shape_Length":0}},{"type":"Feature","id":427,"geometry":{"type":"LineString","coordinates":[[223250.58359999955,687560.95480000041],[223250.23479999974,687559.36830000021],[223221.56080000009,687435.82840000093],[223206.40539999958,687365.90020000003]]},"properties":{"OBJECTID":427,"highway":"motorway","rute":"surgem_A","Dari":15800,"Sampai":16000,"Jalur":"A","Lajur":"3","Tanggal_Pelaksanaan":"2026","Keterangan":"Scrapping Filling","Shape_Length":199.99995907318504}},{"type":"Feature","id":428,"geometry":{"type":"LineString","coordinates":[]},"properties":{"OBJECTID":428,"highway":"motorway","rute":"surgem_A","Dari":748000,"Sampai":748200,"Jalur":"A","Lajur":"1","Tanggal_Pelaksanaan":"2025-06-26","Keterangan":"Scraping Filling AC WC","Shape_Length":0}},{"type":"Feature","id":429,"geometry":{"type":"LineString","coordinates":[]},"properties":{"OBJECTID":429,"highway":"motorway","rute":"surgem_B","Dari":762400,"Sampai":762600,"Jalur":"B","Lajur":"2","Tanggal_Pelaksanaan":"2023","Keterangan":"Scraping Filling AC WC","Shape_Length":0}},{"type":"Feature","id":430,"geometry":{"type":"LineString","coordinates":[]},"properties":{"OBJECTID":430,"highway":"motorway","rute":"surgem_B","Dari":744400,"Sampai":744600,"Jalur":"B","Lajur":"2","Tanggal_Pelaksanaan":"2025-09-30","Keterangan":"Scrapping Filling AC WC","Shape_Length":0}},{"type":"Feature","id":431,"geometry":{"type":"LineString","coordinates":[]},"properties":{"OBJECTID":431,"highway":"motorway","rute":"surgem_B","Dari":747000,"Sampai":747200,"Jalur":"B","Lajur":"2","Tanggal_Pelaksanaan":"2026","Keterangan":"Scrapping Filling","Shape_Length":0}},{"type":"Feature","id":432,"geometry":{"type":"LineString","coordinates":[]},"properties":{"OBJECTID":432,"highway":"motorway","rute":"surgem_A","Dari":756000,"Sampai":756200,"Jalur":"A","Lajur":"3","Tanggal_Pelaksanaan":"2026","Keterangan":"Scrapping Filling","Shape_Length":0}},{"type":"Feature","id":433,"geometry":{"type":"LineString","coordinates":[[223126.70779999997,697619.00879999995],[223128.27730000019,697543.81020000018],[223126.45949999988,697505.02999999933],[223126.49590000045,697464.46869999915],[223127.5175999999,697419.0792999994]]},"properties":{"OBJECTID":433,"highway":"motorway","rute":"surgem_A","Dari":4000,"Sampai":4200,"Jalur":"A","Lajur":"1","Tanggal_Pelaksanaan":"2026","Keterangan":"Scrapping Filling","Shape_Length":199.99997178244806}},{"type":"Feature","id":434,"geometry":{"type":"LineString","coordinates":[]},"properties":{"OBJECTID":434,"highway":"motorway","rute":null,"Dari":200,"Sampai":400,"Jalur":"LOOP 2 DUPAK","Lajur":null,"Tanggal_Pelaksanaan":"2024-08-21","Keterangan":"Overlay AC WC","Shape_Length":0}},{"type":"Feature","id":435,"geometry":{"type":"LineString","coordinates":[[224070.86070000008,700119.53790000081],[224035.67750000022,700072.31970000081],[223990.92320000008,700008.19270000048],[223953.22929999977,699957.81909999996]]},"properties":{"OBJECTID":435,"highway":"motorway","rute":"surgem_A","Dari":1200,"Sampai":1400,"Jalur":"A","Lajur":"1","Tanggal_Pelaksanaan":"2025-06-03","Keterangan":"Scraping Filling AC WC","Shape_Length":199.99989539447094}},{"type":"Feature","id":436,"geometry":{"type":"LineString","coordinates":[]},"properties":{"OBJECTID":436,"highway":"motorway","rute":"surgem_A","Dari":751200,"Sampai":751400,"Jalur":"A","Lajur":"2","Tanggal_Pelaksanaan":"2023","Keterangan":"Scraping Filling AC WC","Shape_Length":0}},{"type":"Feature","id":437,"geometry":{"type":"LineString","coordinates":[[222709.83330000006,691962.86889999919],[222903.45270000026,691912.75359999947]]},"properties":{"OBJECTID":437,"highway":"motorway","rute":"surgem_A","Dari":10600,"Sampai":10800,"Jalur":"A","Lajur":"2","Tanggal_Pelaksanaan":"2026","Keterangan":"Scrapping Filling","Shape_Length":200.00003837624294}},{"type":"Feature","id":438,"geometry":{"type":"LineString","coordinates":[[223701.60400000028,689511.24420000054],[223671.5736999996,689313.51160000078]]},"properties":{"OBJECTID":438,"highway":"motorway","rute":"surgem_B","Dari":13800,"Sampai":14000,"Jalur":"B","Lajur":"2","Tanggal_Pelaksanaan":"2024-05-08","Keterangan":"Scraping Filling AC WC","Shape_Length":200.00000005198586}},{"type":"Feature","id":439,"geometry":{"type":"LineString","coordinates":[[222258.74409999978,694143.17060000077],[222203.24739999976,694106.46499999985],[222111.37270000018,694036.4411999993],[222098.07419999968,694024.39189999923]]},"properties":{"OBJECTID":439,"highway":"motorway","rute":"surgem_B","Dari":7800,"Sampai":8000,"Jalur":"B","Lajur":"0","Tanggal_Pelaksanaan":"2024-05-31","Keterangan":"Scraping Filling AC BC","Shape_Length":199.9999484794391}},{"type":"Feature","id":440,"geometry":{"type":"LineString","coordinates":[]},"properties":{"OBJECTID":440,"highway":"motorway","rute":"surgem_B","Dari":767400,"Sampai":767600,"Jalur":"B","Lajur":"3","Tanggal_Pelaksanaan":"2025-07-16","Keterangan":"Scraping Filling AC WC","Shape_Length":0}},{"type":"Feature","id":441,"geometry":{"type":"LineString","coordinates":[]},"properties":{"OBJECTID":441,"highway":"motorway","rute":"surgem_A","Dari":754600,"Sampai":754800,"Jalur":"A","Lajur":"3","Tanggal_Pelaksanaan":"2026","Keterangan":"Scrapping Filling","Shape_Length":0}},{"type":"Feature","id":442,"geometry":{"type":"LineString","coordinates":[[223114.15749999974,698218.85290000029],[223114.9944000002,698072.50730000064],[223115.35900000017,698049.14120000042],[223116.18439999968,698018.8694000002]]},"properties":{"OBJECTID":442,"highway":"motorway","rute":"surgem_A","Dari":3400,"Sampai":3600,"Jalur":"A","Lajur":"2","Tanggal_Pelaksanaan":"2026","Keterangan":"Scrapping Filling","Shape_Length":199.99998806327858}},{"type":"Feature","id":443,"geometry":{"type":"LineString","coordinates":[]},"properties":{"OBJECTID":443,"highway":"motorway","rute":"surgem_B","Dari":753200,"Sampai":753400,"Jalur":"B","Lajur":"2","Tanggal_Pelaksanaan":"2025-06-04","Keterangan":"Scraping Filling AC WC","Shape_Length":0}},{"type":"Feature","id":444,"geometry":{"type":"LineString","coordinates":[[223193.34219999984,687375.32320000045],[223190.53710000031,687362.86979999952],[223183.94180000015,687330.1074000001],[223158.12579999957,687179.45130000077],[223157.96360000037,687178.50210000016]]},"properties":{"OBJECTID":444,"highway":"motorway","rute":"surgem_B","Dari":16000,"Sampai":16200,"Jalur":"B","Lajur":"2","Tanggal_Pelaksanaan":"2025-05-30","Keterangan":"Scraping Filling AC WC","Shape_Length":199.99999391627546}},{"type":"Feature","id":445,"geometry":{"type":"LineString","coordinates":[]},"properties":{"OBJECTID":445,"highway":"motorway","rute":"surgem_B","Dari":744600,"Sampai":744800,"Jalur":"B","Lajur":"1","Tanggal_Pelaksanaan":"2023","Keterangan":"Scraping Filling AC WC","Shape_Length":0}},{"type":"Feature","id":446,"geometry":{"type":"LineString","coordinates":[[223225.25050000008,699001.10029999912],[223208.16739999969,698972.41080000065],[223178.75679999962,698915.92830000073],[223154.09329999983,698856.62370000035],[223141.15490000043,698820.15059999935]]},"properties":{"OBJECTID":446,"highway":"motorway","rute":"surgem_B","Dari":2600,"Sampai":2800,"Jalur":"B","Lajur":"1","Tanggal_Pelaksanaan":"2023","Keterangan":"Scraping Filling AC WC","Shape_Length":199.99998067182088}},{"type":"Feature","id":447,"geometry":{"type":"LineString","coordinates":[]},"properties":{"OBJECTID":447,"highway":"motorway","rute":"surgem_A","Dari":755800,"Sampai":756000,"Jalur":"A","Lajur":"3","Tanggal_Pelaksanaan":"2026","Keterangan":"Scrapping Filling","Shape_Length":0}},{"type":"Feature","id":448,"geometry":{"type":"LineString","coordinates":[[223116.18439999968,698018.8694000002],[223121.63590000011,697818.94370000064]]},"properties":{"OBJECTID":448,"highway":"motorway","rute":"surgem_A","Dari":3600,"Sampai":3800,"Jalur":"A","Lajur":"1","Tanggal_Pelaksanaan":"2026","Keterangan":"Scrapping Filling","Shape_Length":200.00001093141759}},{"type":"Feature","id":449,"geometry":{"type":"LineString","coordinates":[[223952.36089999974,691070.96480000019],[223952.9450000003,691069.50599999912],[223966.47159999982,691026.7706000004],[223971.63920000009,691004.8507000003],[223974.36959999986,690988.89240000024],[223979.46399999969,690952.48630000092],[223983.05470000021,690888.85569999926],[223982.89879999962,690874.45659999922]]},"properties":{"OBJECTID":449,"highway":"motorway","rute":"surgem_A","Dari":12200,"Sampai":12400,"Jalur":"A","Lajur":"3","Tanggal_Pelaksanaan":"2025-07-15","Keterangan":"Scraping Filling AC WC","Shape_Length":199.99999332614007}},{"type":"Feature","id":450,"geometry":{"type":"LineString","coordinates":[]},"properties":{"OBJECTID":450,"highway":"motorway","rute":"surgem_B","Dari":746200,"Sampai":746400,"Jalur":"B","Lajur":"2","Tanggal_Pelaksanaan":"2024-09-14","Keterangan":"Scraping Filling AC WC","Shape_Length":0}},{"type":"Feature","id":451,"geometry":{"type":"LineString","coordinates":[[222903.45270000026,691912.75359999947],[222958.56539999973,691898.48860000074],[222981.91420000046,691891.6548999995],[223081.93360000011,691864.30590000004],[223096.18780000042,691859.47169999965]]},"properties":{"OBJECTID":451,"highway":"motorway","rute":"surgem_A","Dari":10800,"Sampai":11000,"Jalur":"A","Lajur":"2","Tanggal_Pelaksanaan":"2025-05-10","Keterangan":"Scrapping Filling AC WC","Shape_Length":199.99995075101145}},{"type":"Feature","id":452,"geometry":{"type":"LineString","coordinates":[[223106.23139999993,696619.81409999914],[223094.37150000036,696454.26429999992],[223091.93360000011,696420.32589999959]]},"properties":{"OBJECTID":452,"highway":"motorway","rute":"surgem_A","Dari":5000,"Sampai":5200,"Jalur":"A","Lajur":"3","Tanggal_Pelaksanaan":"2026","Keterangan":"Scrapping Filling","Shape_Length":199.99992308358438}},{"type":"Feature","id":453,"geometry":{"type":"LineString","coordinates":[[222747.01819999982,694489.74689999968],[222738.02830000035,694480.43280000053],[222712.10219999962,694455.58579999954],[222672.25970000029,694421.9207000006],[222645.1425999999,694400.15949999914],[222639.44330000039,694396.0373999998],[222593.55520000029,694361.92039999925]]},"properties":{"OBJECTID":453,"highway":"motorway","rute":"surgem_B","Dari":7200,"Sampai":7400,"Jalur":"B","Lajur":"3","Tanggal_Pelaksanaan":"2023","Keterangan":"Scraping Filling AC WC","Shape_Length":199.99995289038429}},{"type":"Feature","id":454,"geometry":{"type":"LineString","coordinates":[]},"properties":{"OBJECTID":454,"highway":"motorway","rute":null,"Dari":0,"Sampai":200,"Jalur":"Akses On Ramp Waru dari Bundaran Waru Arah Ramp 1","Lajur":"SISIKANAN","Tanggal_Pelaksanaan":"2023","Keterangan":"Scraping Filling AC WC","Shape_Length":0}},{"type":"Feature","id":455,"geometry":{"type":"LineString","coordinates":[]},"properties":{"OBJECTID":455,"highway":"motorway","rute":"surgem_A","Dari":759800,"Sampai":760000,"Jalur":"A","Lajur":"3","Tanggal_Pelaksanaan":"2026","Keterangan":"Scrapping Filling","Shape_Length":0}},{"type":"Feature","id":456,"geometry":{"type":"LineString","coordinates":[]},"properties":{"OBJECTID":456,"highway":"motorway","rute":"surgem_A","Dari":761400,"Sampai":761600,"Jalur":"A","Lajur":"2","Tanggal_Pelaksanaan":"2024-08-07","Keterangan":"Scraping Filling AC WC","Shape_Length":0}},{"type":"Feature","id":457,"geometry":{"type":"LineString","coordinates":[[223283.17449999973,691788.71199999936],[223330.67619999964,691766.77810000069],[223388.47119999956,691732.85759999976],[223453.83579999954,691689.52290000021],[223455.59020000044,691688.12989999913]]},"properties":{"OBJECTID":457,"highway":"motorway","rute":"surgem_A","Dari":11200,"Sampai":11400,"Jalur":"A","Lajur":"0","Tanggal_Pelaksanaan":"2025-08-12","Keterangan":"Scraping Filling AC BC","Shape_Length":199.99992252284517}},{"type":"Feature","id":458,"geometry":{"type":"LineString","coordinates":[[223070.32579999976,691852.44160000049],[223076.09769999981,691850.82860000059],[223153.08750000037,691828.14570000023],[223220.36070000008,691804.58249999955],[223259.42100000009,691787.92270000093]]},"properties":{"OBJECTID":458,"highway":"motorway","rute":"surgem_B","Dari":11000,"Sampai":11200,"Jalur":"B","Lajur":"1","Tanggal_Pelaksanaan":"2024-05-24","Keterangan":"Scraping Filling AC WC","Shape_Length":200.00001168017127}},{"type":"Feature","id":459,"geometry":{"type":"LineString","coordinates":[]},"properties":{"OBJECTID":459,"highway":"motorway","rute":"surgem_B","Dari":757000,"Sampai":757200,"Jalur":"B","Lajur":"1","Tanggal_Pelaksanaan":"2024-08-12","Keterangan":"Scraping Filling AC WC","Shape_Length":0}},{"type":"Feature","id":460,"geometry":{"type":"LineString","coordinates":[]},"properties":{"OBJECTID":460,"highway":"motorway","rute":null,"Dari":200,"Sampai":400,"Jalur":"MAIN ROAD","Lajur":null,"Tanggal_Pelaksanaan":"2024-08-19","Keterangan":"Rising AC BC Badan Jalan","Shape_Length":0}},{"type":"Feature","id":461,"geometry":{"type":"LineString","coordinates":[[224180.19759999961,700284.38379999995],[224060.90749999974,700123.85370000079]]},"properties":{"OBJECTID":461,"highway":"motorway","rute":"surgem_B","Dari":1000,"Sampai":1200,"Jalur":"B","Lajur":"1","Tanggal_Pelaksanaan":"2025-06-23","Keterangan":"Scraping Filling AC WC","Shape_Length":200.00010240927011}},{"type":"Feature","id":462,"geometry":{"type":"LineString","coordinates":[[223826.11720000021,690091.50320000015],[223787.4868999999,689895.26940000057]]},"properties":{"OBJECTID":462,"highway":"motorway","rute":"surgem_A","Dari":13200,"Sampai":13400,"Jalur":"A","Lajur":"1","Tanggal_Pelaksanaan":"2024-07-11","Keterangan":"Scraping Filling AC WC","Shape_Length":200.00001085097227}},{"type":"Feature","id":463,"geometry":{"type":"LineString","coordinates":[]},"properties":{"OBJECTID":463,"highway":"motorway","rute":null,"Dari":766800,"Sampai":767000,"Jalur":null,"Lajur":null,"Tanggal_Pelaksanaan":null,"Keterangan":null,"Shape_Length":0}},{"type":"Feature","id":464,"geometry":{"type":"LineString","coordinates":[[223106.86730000004,696825.14360000007],[223096.84750000015,696675.18329999968],[223093.75939999986,696625.57399999909]]},"properties":{"OBJECTID":464,"highway":"motorway","rute":"surgem_B","Dari":4800,"Sampai":5000,"Jalur":"B","Lajur":"1","Tanggal_Pelaksanaan":"2024-06-19","Keterangan":"Scraping Filling AC WC","Shape_Length":199.99999218731736}},{"type":"Feature","id":465,"geometry":{"type":"LineString","coordinates":[[223582.62339999992,688713.15509999916],[223580.50409999955,688704.0354999993],[223557.18589999992,688609.13399999961],[223545.29459999967,688560.91479999945],[223535.40789999999,688525.8981999997],[223533.52190000005,688519.2985999994]]},"properties":{"OBJECTID":465,"highway":"motorway","rute":"surgem_A","Dari":14600,"Sampai":14800,"Jalur":"A","Lajur":"1","Tanggal_Pelaksanaan":"2024-08-27","Keterangan":"Scraping Filling AC WC","Shape_Length":200.0000566216508}},{"type":"Feature","id":466,"geometry":{"type":"LineString","coordinates":[[223285.21019999962,687764.58210000023],[223273.37399999984,687721.82469999976],[223238.83860000037,687576.85669999942],[223237.31549999956,687570.42490000091]]},"properties":{"OBJECTID":466,"highway":"motorway","rute":"surgem_B","Dari":15600,"Sampai":15800,"Jalur":"B","Lajur":"3","Tanggal_Pelaksanaan":"2025-07-08","Keterangan":"Scraping Filling AC WC","Shape_Length":199.99998563998224}},{"type":"Feature","id":467,"geometry":{"type":"LineString","coordinates":[[222997.84949999955,695023.6643000003],[222988.51389999967,694972.53969999962],[222970.18850000016,694885.16640000045],[222967.36820000038,694875.08259999938],[222953.7938000001,694828.74499999918]]},"properties":{"OBJECTID":467,"highway":"motorway","rute":"surgem_A","Dari":6600,"Sampai":6800,"Jalur":"A","Lajur":"1","Tanggal_Pelaksanaan":"2025-08-04","Keterangan":"Scraping Filling AC WC","Shape_Length":200.00008330898345}},{"type":"Feature","id":468,"geometry":{"type":"LineString","coordinates":[]},"properties":{"OBJECTID":468,"highway":"motorway","rute":null,"Dari":200,"Sampai":400,"Jalur":"ON RAMP DUPAK 2","Lajur":null,"Tanggal_Pelaksanaan":"2024-08-21","Keterangan":"Overlay Ac WC Kuncian Akhir","Shape_Length":0}},{"type":"Feature","id":469,"geometry":{"type":"LineString","coordinates":[]},"properties":{"OBJECTID":469,"highway":"motorway","rute":"surgem_B","Dari":752200,"Sampai":752400,"Jalur":"B","Lajur":"3","Tanggal_Pelaksanaan":"2026","Keterangan":"Scrapping Filling","Shape_Length":0}},{"type":"Feature","id":470,"geometry":{"type":"LineString","coordinates":[[221887.19649999961,693096.05900000036],[221889.86139999982,693065.6640000008],[221904.05229999963,692896.77070000023]]},"properties":{"OBJECTID":470,"highway":"motorway","rute":"surgem_A","Dari":9000,"Sampai":9200,"Jalur":"A","Lajur":"2","Tanggal_Pelaksanaan":"2025-09-22","Keterangan":"Scraping Filling AC WC","Shape_Length":200.00003125787939}},{"type":"Feature","id":471,"geometry":{"type":"LineString","coordinates":[]},"properties":{"OBJECTID":471,"highway":"motorway","rute":"surgem_B","Dari":748000,"Sampai":748200,"Jalur":"B","Lajur":"1","Tanggal_Pelaksanaan":"2024-09-06","Keterangan":"Scraping Filling AC WC","Shape_Length":0}},{"type":"Feature","id":472,"geometry":{"type":"LineString","coordinates":[[222516.48460000008,692014.0175999999],[222697.32029999979,691966.10769999959],[222709.83330000006,691962.86889999919]]},"properties":{"OBJECTID":472,"highway":"motorway","rute":"surgem_A","Dari":10400,"Sampai":10600,"Jalur":"A","Lajur":"2","Tanggal_Pelaksanaan":"2026","Keterangan":"Scrapping Filling","Shape_Length":199.99997032667835}},{"type":"Feature","id":473,"geometry":{"type":"LineString","coordinates":[]},"properties":{"OBJECTID":473,"highway":"motorway","rute":"surgem_A","Dari":757400,"Sampai":757600,"Jalur":"A","Lajur":"3","Tanggal_Pelaksanaan":"2024-08-05","Keterangan":"Scraping Filling AC WC","Shape_Length":0}},{"type":"Feature","id":474,"geometry":{"type":"LineString","coordinates":[[223070.32579999976,691852.44160000049],[223076.09769999981,691850.82860000059],[223153.08750000037,691828.14570000023],[223220.36070000008,691804.58249999955],[223259.42100000009,691787.92270000093]]},"properties":{"OBJECTID":474,"highway":"motorway","rute":"surgem_B","Dari":11000,"Sampai":11200,"Jalur":"B","Lajur":"0","Tanggal_Pelaksanaan":"2024-05-24","Keterangan":"Scraping Filling AC BC","Shape_Length":200.00001168017127}},{"type":"Feature","id":475,"geometry":{"type":"LineString","coordinates":[]},"properties":{"OBJECTID":475,"highway":"motorway","rute":null,"Dari":759000,"Sampai":759200,"Jalur":null,"Lajur":null,"Tanggal_Pelaksanaan":null,"Keterangan":null,"Shape_Length":0}}]}